Copyright 1986-2022 Xilinx, Inc. All Rights Reserved. Copyright 2022-2025 Advanced Micro Devices, Inc. All Rights Reserved.
-----------------------------------------------------------------------------------------------------------------------------------------------------------------------------------------------------------------------------------------------
| Tool Version      : Vivado v.2025.1 (win64) Build 6140274 Thu May 22 00:12:29 MDT 2025
| Date              : Tue Sep 15 17:04:05 2026
| Host              : Krishna_NITjsr running 64-bit major release  (build 9200)
| Command           : report_timing_summary -max_paths 10 -routable_nets -report_unconstrained -file zcu104_top_timing_summary_routed.rpt -pb zcu104_top_timing_summary_routed.pb -rpx zcu104_top_timing_summary_routed.rpx -warn_on_violation
| Design            : zcu104_top
| Device            : xczu7ev-ffvc1156
| Speed File        : -2  PRODUCTION 1.30 05-15-2022
| Design State      : Routed
| Temperature Grade : E
-----------------------------------------------------------------------------------------------------------------------------------------------------------------------------------------------------------------------------------------------

Timing Summary Report

------------------------------------------------------------------------------------------------
| Timer Settings
| --------------
------------------------------------------------------------------------------------------------

  Enable Multi Corner Analysis               :  Yes
  Enable Pessimism Removal                   :  Yes
  Pessimism Removal Resolution               :  Nearest Common Node
  Enable Input Delay Default Clock           :  No
  Enable Preset / Clear Arcs                 :  No
  Disable Flight Delays                      :  No
  Ignore I/O Paths                           :  No
  Timing Early Launch at Borrowing Latches   :  No
  Borrow Time for Max Delay Exceptions       :  Yes
  Merge Timing Exceptions                    :  Yes
  Inter-SLR Compensation                     :  Conservative

  Corner  Analyze    Analyze    
  Name    Max Paths  Min Paths  
  ------  ---------  ---------  
  Slow    Yes        Yes        
  Fast    Yes        Yes        


------------------------------------------------------------------------------------------------
| Report Methodology
| ------------------
------------------------------------------------------------------------------------------------

Rule      Severity          Description                                 Violations  
--------  ----------------  ------------------------------------------  ----------  
TIMING-2  Critical Warning  Invalid primary clock source pin            1           
LUTAR-1   Warning           LUT drives async reset alert                1           
SYNTH-6   Warning           Timing of a RAM block might be sub-optimal  4           
SYNTH-15  Warning           Byte wide write enable not inferred         8           
TIMING-9  Warning           Unknown CDC Logic                           1           

Note: This report is based on the most recent report_methodology run and may not be up-to-date. Run report_methodology on the current design for the latest report.



check_timing report

Table of Contents
-----------------
1. checking no_clock (1)
2. checking constant_clock (0)
3. checking pulse_width_clock (0)
4. checking unconstrained_internal_endpoints (1)
5. checking no_input_delay (10)
6. checking no_output_delay (5)
7. checking multiple_clock (0)
8. checking generated_clocks (0)
9. checking loops (0)
10. checking partial_input_delay (0)
11. checking partial_output_delay (0)
12. checking latch_loops (0)

1. checking no_clock (1)
------------------------
 There is 1 register/latch pin with no clock (HIGH)


2. checking constant_clock (0)
------------------------------
 There are 0 register/latch pins with constant_clock.


3. checking pulse_width_clock (0)
---------------------------------
 There are 0 register/latch pins which need pulse_width check


4. checking unconstrained_internal_endpoints (1)
------------------------------------------------
 There is 1 pin that is not constrained for maximum delay. (HIGH)

 There are 0 pins that are not constrained for maximum delay due to constant clock.


5. checking no_input_delay (10)
-------------------------------
 There are 0 input ports with no input delay specified.

 There are 10 input ports with no input delay but user has a false path constraint. (MEDIUM)


6. checking no_output_delay (5)
-------------------------------
 There are 0 ports with no output delay specified.

 There are 5 ports with no output delay but user has a false path constraint (MEDIUM)

 There are 0 ports with no output delay but with a timing clock defined on it or propagating through it


7. checking multiple_clock (0)
------------------------------
 There are 0 register/latch pins with multiple clocks.


8. checking generated_clocks (0)
--------------------------------
 There are 0 generated clocks that are not connected to a clock source.


9. checking loops (0)
---------------------
 There are 0 combinational loops in the design.


10. checking partial_input_delay (0)
------------------------------------
 There are 0 input ports with partial input delay specified.


11. checking partial_output_delay (0)
-------------------------------------
 There are 0 ports with partial output delay specified.


12. checking latch_loops (0)
----------------------------
 There are 0 combinational latch loops in the design through latch input



------------------------------------------------------------------------------------------------
| Design Timing Summary
| ---------------------
------------------------------------------------------------------------------------------------

    WNS(ns)      TNS(ns)  TNS Failing Endpoints  TNS Total Endpoints      WHS(ns)      THS(ns)  THS Failing Endpoints  THS Total Endpoints     WPWS(ns)     TPWS(ns)  TPWS Failing Endpoints  TPWS Total Endpoints  
    -------      -------  ---------------------  -------------------      -------      -------  ---------------------  -------------------     --------     --------  ----------------------  --------------------  
      5.275        0.000                      0                 3402        0.003        0.000                      0                 3402        2.262        0.000                       0                  1093  


All user specified timing constraints are met.


------------------------------------------------------------------------------------------------
| Clock Summary
| -------------
------------------------------------------------------------------------------------------------

Clock     Waveform(ns)         Period(ns)      Frequency(MHz)
-----     ------------         ----------      --------------
clk300    {0.000 1.666}        3.333           300.030         
  clk     {0.000 3.333}        9.999           100.010         
jtag_tck  {0.000 16.666}       33.333          30.000          


------------------------------------------------------------------------------------------------
| Intra Clock Table
| -----------------
------------------------------------------------------------------------------------------------

Clock             WNS(ns)      TNS(ns)  TNS Failing Endpoints  TNS Total Endpoints      WHS(ns)      THS(ns)  THS Failing Endpoints  THS Total Endpoints     WPWS(ns)     TPWS(ns)  TPWS Failing Endpoints  TPWS Total Endpoints  
-----             -------      -------  ---------------------  -------------------      -------      -------  ---------------------  -------------------     --------     --------  ----------------------  --------------------  
clk300                                                                                                                                                          2.262        0.000                       0                     1  
  clk               5.275        0.000                      0                 2370        0.003        0.000                      0                 2370        2.791        0.000                       0                   973  
jtag_tck           31.228        0.000                      0                  165        0.017        0.000                      0                  165       16.391        0.000                       0                   119  


------------------------------------------------------------------------------------------------
| Inter Clock Table
| -----------------
------------------------------------------------------------------------------------------------

From Clock    To Clock          WNS(ns)      TNS(ns)  TNS Failing Endpoints  TNS Total Endpoints      WHS(ns)      THS(ns)  THS Failing Endpoints  THS Total Endpoints  
----------    --------          -------      -------  ---------------------  -------------------      -------      -------  ---------------------  -------------------  


------------------------------------------------------------------------------------------------
| Other Path Groups Table
| -----------------------
------------------------------------------------------------------------------------------------

Path Group         From Clock         To Clock               WNS(ns)      TNS(ns)  TNS Failing Endpoints  TNS Total Endpoints      WHS(ns)      THS(ns)  THS Failing Endpoints  THS Total Endpoints  
----------         ----------         --------               -------      -------  ---------------------  -------------------      -------      -------  ---------------------  -------------------  
**async_default**  clk                clk                      6.984        0.000                      0                  867        0.256        0.000                      0                  867  


------------------------------------------------------------------------------------------------
| User Ignored Path Table
| -----------------------
------------------------------------------------------------------------------------------------

Path Group    From Clock    To Clock    
----------    ----------    --------    
(none)        clk                         
(none)                      clk           
(none)        jtag_tck      clk           
(none)        clk           jtag_tck      


------------------------------------------------------------------------------------------------
| Unconstrained Path Table
| ------------------------
------------------------------------------------------------------------------------------------

Path Group    From Clock    To Clock    
----------    ----------    --------    
(none)        jtag_tck                    
(none)                      jtag_tck      


------------------------------------------------------------------------------------------------
| Timing Details
| --------------
------------------------------------------------------------------------------------------------


---------------------------------------------------------------------------------------------------
From Clock:  clk300
  To Clock:  clk300

Setup :           NA  Failing Endpoints,  Worst Slack           NA  ,  Total Violation           NA
Hold  :           NA  Failing Endpoints,  Worst Slack           NA  ,  Total Violation           NA
PW    :            0  Failing Endpoints,  Worst Slack        2.262ns,  Total Violation        0.000ns
---------------------------------------------------------------------------------------------------


Pulse Width Checks
--------------------------------------------------------------------------------------
Clock Name:         clk300
Waveform(ns):       { 0.000 1.666 }
Period(ns):         3.333
Sources:            { clk300_p }

Check Type  Corner  Lib Pin       Reference Pin  Required(ns)  Actual(ns)  Slack(ns)  Location         Pin
Min Period  n/a     BUFGCE_DIV/I  n/a            1.071         3.333       2.262      BUFGCE_DIV_X1Y5  u_div/I



---------------------------------------------------------------------------------------------------
From Clock:  clk
  To Clock:  clk

Setup :            0  Failing Endpoints,  Worst Slack        5.275ns,  Total Violation        0.000ns
Hold  :            0  Failing Endpoints,  Worst Slack        0.003ns,  Total Violation        0.000ns
PW    :            0  Failing Endpoints,  Worst Slack        2.791ns,  Total Violation        0.000ns
---------------------------------------------------------------------------------------------------


Max Delay Paths
--------------------------------------------------------------------------------------
Slack (MET) :             5.275ns  (required time - arrival time)
  Source:                 u_soc/u_core/instr_reg_reg[16]/C
                            (rising edge-triggered cell FDCE clocked by clk  {rise@0.000ns fall@3.333ns period=9.999ns})
  Destination:            u_soc/u_core/pc_reg_reg[29]/D
                            (rising edge-triggered cell FDCE clocked by clk  {rise@0.000ns fall@3.333ns period=9.999ns})
  Path Group:             clk
  Path Type:              Setup (Max at Slow Process Corner)
  Requirement:            9.999ns  (clk rise@9.999ns - clk rise@0.000ns)
  Data Path Delay:        4.553ns  (logic 1.062ns (23.328%)  route 3.491ns (76.672%))
  Logic Levels:           9  (CARRY8=2 LUT3=1 LUT5=1 LUT6=4 RAMD32=1)
  Clock Path Skew:        -0.161ns (DCD - SCD + CPR)
    Destination Clock Delay (DCD):    2.393ns = ( 12.392 - 9.999 ) 
    Source Clock Delay      (SCD):    2.845ns
    Clock Pessimism Removal (CPR):    0.291ns
  Clock Uncertainty:      0.035ns  ((TSJ^2 + TIJ^2)^1/2 + DJ) / 2 + PE
    Total System Jitter     (TSJ):    0.071ns
    Total Input Jitter      (TIJ):    0.000ns
    Discrete Jitter          (DJ):    0.000ns
    Phase Error              (PE):    0.000ns
  Clock Net Delay (Source):      1.696ns (routing 0.766ns, distribution 0.930ns)
  Clock Net Delay (Destination): 1.427ns (routing 0.696ns, distribution 0.731ns)

    Location             Delay type                Incr(ns)  Path(ns)    Netlist Resource(s)
  -------------------------------------------------------------------    -------------------
                         (clock clk rise edge)        0.000     0.000 r  
    AH18                                              0.000     0.000 r  clk300_p (IN)
                         net (fo=0)                   0.100     0.100    u_ibufds/I
    HPIOBDIFFINBUF_X1Y36 DIFFINBUF (Prop_DIFFINBUF_HPIOBDIFFINBUF_DIFF_IN_P_O)
                                                      0.525     0.625 r  u_ibufds/DIFFINBUF_INST/O
                         net (fo=1, routed)           0.050     0.675    u_ibufds/OUT
    AH18                 IBUFCTRL (Prop_IBUFCTRL_HPIOB_M_I_O)
                                                      0.000     0.675 r  u_ibufds/IBUFCTRL_INST/O
                         net (fo=1, routed)           0.322     0.997    clk_ref
    BUFGCE_DIV_X1Y5      BUFGCE_DIV (Prop_BUFGCE_DIV_I_O)
                                                      0.152     1.149 r  u_div/O
    X2Y3 (CLOCK_ROOT)    net (fo=973, routed)         1.696     2.845    u_soc/u_core/clk
    SLICE_X95Y228        FDCE                                         r  u_soc/u_core/instr_reg_reg[16]/C
  -------------------------------------------------------------------    -------------------
    SLICE_X95Y228        FDCE (Prop_DFF_SLICEL_C_Q)
                                                      0.079     2.924 r  u_soc/u_core/instr_reg_reg[16]/Q
                         net (fo=69, routed)          0.969     3.893    u_soc/u_core/u_regfile/regs_reg_r1_0_31_14_27/ADDRD1
    SLICE_X93Y234        RAMD32 (Prop_D5LUT_SLICEM_RADR1_O)
                                                      0.135     4.028 r  u_soc/u_core/u_regfile/regs_reg_r1_0_31_14_27/RAMD/O
                         net (fo=10, routed)          0.872     4.900    u_soc/u_core/u_regfile/rs1_data0[20]
    SLICE_X98Y233        LUT6 (Prop_H6LUT_SLICEL_I0_O)
                                                      0.099     4.999 r  u_soc/u_core/u_regfile/pc_reg[23]_i_26/O
                         net (fo=3, routed)           0.322     5.321    u_soc/u_core/u_regfile/rs1_data[20]
    SLICE_X95Y233        LUT6 (Prop_G6LUT_SLICEL_I0_O)
                                                      0.097     5.418 r  u_soc/u_core/u_regfile/pc_reg[0]_i_85/O
                         net (fo=1, routed)           0.008     5.426    u_soc/u_core/u_regfile/pc_reg[0]_i_85_n_0
    SLICE_X95Y233        CARRY8 (Prop_CARRY8_SLICEL_S[6]_CO[7])
                                                      0.115     5.541 r  u_soc/u_core/u_regfile/pc_reg_reg[0]_i_26/CO[7]
                         net (fo=1, routed)           0.026     5.567    u_soc/u_core/u_regfile/pc_reg_reg[0]_i_26_n_0
    SLICE_X95Y234        CARRY8 (Prop_CARRY8_SLICEL_CI_CO[2])
                                                      0.057     5.624 r  u_soc/u_core/u_regfile/pc_reg_reg[0]_i_9/CO[2]
                         net (fo=1, routed)           0.200     5.824    u_soc/u_core/u_regfile/pc_reg_reg[0]_i_9_n_5
    SLICE_X97Y233        LUT6 (Prop_F6LUT_SLICEL_I3_O)
                                                      0.148     5.972 r  u_soc/u_core/u_regfile/pc_reg[0]_i_4/O
                         net (fo=32, routed)          0.603     6.575    u_soc/u_core/u_regfile/branch_taken
    SLICE_X90Y238        LUT5 (Prop_A6LUT_SLICEL_I1_O)
                                                      0.098     6.673 r  u_soc/u_core/u_regfile/pc_reg[29]_i_3/O
                         net (fo=1, routed)           0.190     6.863    u_soc/u_core/u_regfile/pc_reg[29]_i_3_n_0
    SLICE_X90Y238        LUT3 (Prop_G5LUT_SLICEL_I2_O)
                                                      0.135     6.998 r  u_soc/u_core/u_regfile/pc_reg[29]_i_2/O
                         net (fo=2, routed)           0.250     7.248    u_soc/u_core/u_regfile/pc_next[29]
    SLICE_X85Y237        LUT6 (Prop_H6LUT_SLICEL_I1_O)
                                                      0.099     7.347 r  u_soc/u_core/u_regfile/pc_reg[29]_i_1/O
                         net (fo=1, routed)           0.051     7.398    u_soc/u_core/u_regfile_n_181
    SLICE_X85Y237        FDCE                                         r  u_soc/u_core/pc_reg_reg[29]/D
  -------------------------------------------------------------------    -------------------

                         (clock clk rise edge)        9.999     9.999 r  
    AH18                                              0.000     9.999 r  clk300_p (IN)
                         net (fo=0)                   0.079    10.078    u_ibufds/I
    HPIOBDIFFINBUF_X1Y36 DIFFINBUF (Prop_DIFFINBUF_HPIOBDIFFINBUF_DIFF_IN_P_O)
                                                      0.429    10.507 r  u_ibufds/DIFFINBUF_INST/O
                         net (fo=1, routed)           0.040    10.547    u_ibufds/OUT
    AH18                 IBUFCTRL (Prop_IBUFCTRL_HPIOB_M_I_O)
                                                      0.000    10.547 r  u_ibufds/IBUFCTRL_INST/O
                         net (fo=1, routed)           0.286    10.833    clk_ref
    BUFGCE_DIV_X1Y5      BUFGCE_DIV (Prop_BUFGCE_DIV_I_O)
                                                      0.132    10.965 r  u_div/O
    X2Y3 (CLOCK_ROOT)    net (fo=973, routed)         1.427    12.392    u_soc/u_core/clk
    SLICE_X85Y237        FDCE                                         r  u_soc/u_core/pc_reg_reg[29]/C
                         clock pessimism              0.291    12.683    
                         clock uncertainty           -0.035    12.648    
    SLICE_X85Y237        FDCE (Setup_HFF_SLICEL_C_D)
                                                      0.025    12.673    u_soc/u_core/pc_reg_reg[29]
  -------------------------------------------------------------------
                         required time                         12.673    
                         arrival time                          -7.398    
  -------------------------------------------------------------------
                         slack                                  5.275    

Slack (MET) :             5.290ns  (required time - arrival time)
  Source:                 u_soc/u_core/instr_reg_reg[22]/C
                            (rising edge-triggered cell FDCE clocked by clk  {rise@0.000ns fall@3.333ns period=9.999ns})
  Destination:            u_soc/u_core/rd_wdata_reg[11]/D
                            (rising edge-triggered cell FDCE clocked by clk  {rise@0.000ns fall@3.333ns period=9.999ns})
  Path Group:             clk
  Path Type:              Setup (Max at Slow Process Corner)
  Requirement:            9.999ns  (clk rise@9.999ns - clk rise@0.000ns)
  Data Path Delay:        4.583ns  (logic 0.931ns (20.313%)  route 3.652ns (79.687%))
  Logic Levels:           7  (LUT6=6 RAMD32=1)
  Clock Path Skew:        -0.116ns (DCD - SCD + CPR)
    Destination Clock Delay (DCD):    2.437ns = ( 12.436 - 9.999 ) 
    Source Clock Delay      (SCD):    2.849ns
    Clock Pessimism Removal (CPR):    0.297ns
  Clock Uncertainty:      0.035ns  ((TSJ^2 + TIJ^2)^1/2 + DJ) / 2 + PE
    Total System Jitter     (TSJ):    0.071ns
    Total Input Jitter      (TIJ):    0.000ns
    Discrete Jitter          (DJ):    0.000ns
    Phase Error              (PE):    0.000ns
  Clock Net Delay (Source):      1.700ns (routing 0.766ns, distribution 0.934ns)
  Clock Net Delay (Destination): 1.471ns (routing 0.696ns, distribution 0.775ns)

    Location             Delay type                Incr(ns)  Path(ns)    Netlist Resource(s)
  -------------------------------------------------------------------    -------------------
                         (clock clk rise edge)        0.000     0.000 r  
    AH18                                              0.000     0.000 r  clk300_p (IN)
                         net (fo=0)                   0.100     0.100    u_ibufds/I
    HPIOBDIFFINBUF_X1Y36 DIFFINBUF (Prop_DIFFINBUF_HPIOBDIFFINBUF_DIFF_IN_P_O)
                                                      0.525     0.625 r  u_ibufds/DIFFINBUF_INST/O
                         net (fo=1, routed)           0.050     0.675    u_ibufds/OUT
    AH18                 IBUFCTRL (Prop_IBUFCTRL_HPIOB_M_I_O)
                                                      0.000     0.675 r  u_ibufds/IBUFCTRL_INST/O
                         net (fo=1, routed)           0.322     0.997    clk_ref
    BUFGCE_DIV_X1Y5      BUFGCE_DIV (Prop_BUFGCE_DIV_I_O)
                                                      0.152     1.149 r  u_div/O
    X2Y3 (CLOCK_ROOT)    net (fo=973, routed)         1.700     2.849    u_soc/u_core/clk
    SLICE_X94Y227        FDCE                                         r  u_soc/u_core/instr_reg_reg[22]/C
  -------------------------------------------------------------------    -------------------
    SLICE_X94Y227        FDCE (Prop_HFF2_SLICEM_C_Q)
                                                      0.078     2.927 r  u_soc/u_core/instr_reg_reg[22]/Q
                         net (fo=63, routed)          0.700     3.628    u_soc/u_core/u_regfile/regs_reg_r2_0_31_0_13/ADDRA2
    SLICE_X93Y232        RAMD32 (Prop_A6LUT_SLICEM_RADR2_O)
                                                      0.100     3.728 r  u_soc/u_core/u_regfile/regs_reg_r2_0_31_0_13/RAMA_D1/O
                         net (fo=10, routed)          0.424     4.152    u_soc/u_core/u_regfile/rs2_data0[1]
    SLICE_X96Y229        LUT6 (Prop_C6LUT_SLICEM_I0_O)
                                                      0.145     4.297 r  u_soc/u_core/u_regfile/m_axi_wdata[1]_i_2/O
                         net (fo=2, routed)           0.103     4.400    u_soc/u_core/u_regfile/rs2_data[1]
    SLICE_X96Y229        LUT6 (Prop_B6LUT_SLICEM_I3_O)
                                                      0.125     4.525 r  u_soc/u_core/u_regfile/mem_addr_reg[1]_i_4/O
                         net (fo=112, routed)         1.397     5.922    u_soc/u_core/u_regfile/mem_addr_reg[1]_i_4_n_0
    SLICE_X97Y248        LUT6 (Prop_B6LUT_SLICEL_I2_O)
                                                      0.124     6.046 r  u_soc/u_core/u_regfile/mem_addr_reg[12]_i_9/O
                         net (fo=2, routed)           0.236     6.282    u_soc/u_core/u_regfile/mem_addr_reg[12]_i_9_n_0
    SLICE_X97Y247        LUT6 (Prop_G6LUT_SLICEL_I4_O)
                                                      0.089     6.371 r  u_soc/u_core/u_regfile/mem_addr_reg[11]_i_3/O
                         net (fo=2, routed)           0.331     6.702    u_soc/u_core/u_regfile/mem_addr_reg[11]_i_3_n_0
    SLICE_X96Y239        LUT6 (Prop_E6LUT_SLICEM_I3_O)
                                                      0.148     6.850 r  u_soc/u_core/u_regfile/rd_wdata[11]_i_4/O
                         net (fo=1, routed)           0.412     7.262    u_soc/u_core/u_regfile/rd_wdata[11]_i_4_n_0
    SLICE_X92Y232        LUT6 (Prop_D6LUT_SLICEL_I2_O)
                                                      0.122     7.384 r  u_soc/u_core/u_regfile/rd_wdata[11]_i_1/O
                         net (fo=1, routed)           0.049     7.433    u_soc/u_core/wb_data[11]
    SLICE_X92Y232        FDCE                                         r  u_soc/u_core/rd_wdata_reg[11]/D
  -------------------------------------------------------------------    -------------------

                         (clock clk rise edge)        9.999     9.999 r  
    AH18                                              0.000     9.999 r  clk300_p (IN)
                         net (fo=0)                   0.079    10.078    u_ibufds/I
    HPIOBDIFFINBUF_X1Y36 DIFFINBUF (Prop_DIFFINBUF_HPIOBDIFFINBUF_DIFF_IN_P_O)
                                                      0.429    10.507 r  u_ibufds/DIFFINBUF_INST/O
                         net (fo=1, routed)           0.040    10.547    u_ibufds/OUT
    AH18                 IBUFCTRL (Prop_IBUFCTRL_HPIOB_M_I_O)
                                                      0.000    10.547 r  u_ibufds/IBUFCTRL_INST/O
                         net (fo=1, routed)           0.286    10.833    clk_ref
    BUFGCE_DIV_X1Y5      BUFGCE_DIV (Prop_BUFGCE_DIV_I_O)
                                                      0.132    10.965 r  u_div/O
    X2Y3 (CLOCK_ROOT)    net (fo=973, routed)         1.471    12.436    u_soc/u_core/clk
    SLICE_X92Y232        FDCE                                         r  u_soc/u_core/rd_wdata_reg[11]/C
                         clock pessimism              0.297    12.733    
                         clock uncertainty           -0.035    12.697    
    SLICE_X92Y232        FDCE (Setup_DFF_SLICEL_C_D)
                                                      0.025    12.722    u_soc/u_core/rd_wdata_reg[11]
  -------------------------------------------------------------------
                         required time                         12.722    
                         arrival time                          -7.433    
  -------------------------------------------------------------------
                         slack                                  5.290    

Slack (MET) :             5.296ns  (required time - arrival time)
  Source:                 u_soc/u_core/instr_reg_reg[16]/C
                            (rising edge-triggered cell FDCE clocked by clk  {rise@0.000ns fall@3.333ns period=9.999ns})
  Destination:            u_soc/u_core/mepc_reg[21]/D
                            (rising edge-triggered cell FDCE clocked by clk  {rise@0.000ns fall@3.333ns period=9.999ns})
  Path Group:             clk
  Path Type:              Setup (Max at Slow Process Corner)
  Requirement:            9.999ns  (clk rise@9.999ns - clk rise@0.000ns)
  Data Path Delay:        4.605ns  (logic 1.068ns (23.194%)  route 3.537ns (76.806%))
  Logic Levels:           9  (CARRY8=2 LUT3=1 LUT5=2 LUT6=3 RAMD32=1)
  Clock Path Skew:        -0.088ns (DCD - SCD + CPR)
    Destination Clock Delay (DCD):    2.504ns = ( 12.503 - 9.999 ) 
    Source Clock Delay      (SCD):    2.845ns
    Clock Pessimism Removal (CPR):    0.253ns
  Clock Uncertainty:      0.035ns  ((TSJ^2 + TIJ^2)^1/2 + DJ) / 2 + PE
    Total System Jitter     (TSJ):    0.071ns
    Total Input Jitter      (TIJ):    0.000ns
    Discrete Jitter          (DJ):    0.000ns
    Phase Error              (PE):    0.000ns
  Clock Net Delay (Source):      1.696ns (routing 0.766ns, distribution 0.930ns)
  Clock Net Delay (Destination): 1.538ns (routing 0.696ns, distribution 0.842ns)

    Location             Delay type                Incr(ns)  Path(ns)    Netlist Resource(s)
  -------------------------------------------------------------------    -------------------
                         (clock clk rise edge)        0.000     0.000 r  
    AH18                                              0.000     0.000 r  clk300_p (IN)
                         net (fo=0)                   0.100     0.100    u_ibufds/I
    HPIOBDIFFINBUF_X1Y36 DIFFINBUF (Prop_DIFFINBUF_HPIOBDIFFINBUF_DIFF_IN_P_O)
                                                      0.525     0.625 r  u_ibufds/DIFFINBUF_INST/O
                         net (fo=1, routed)           0.050     0.675    u_ibufds/OUT
    AH18                 IBUFCTRL (Prop_IBUFCTRL_HPIOB_M_I_O)
                                                      0.000     0.675 r  u_ibufds/IBUFCTRL_INST/O
                         net (fo=1, routed)           0.322     0.997    clk_ref
    BUFGCE_DIV_X1Y5      BUFGCE_DIV (Prop_BUFGCE_DIV_I_O)
                                                      0.152     1.149 r  u_div/O
    X2Y3 (CLOCK_ROOT)    net (fo=973, routed)         1.696     2.845    u_soc/u_core/clk
    SLICE_X95Y228        FDCE                                         r  u_soc/u_core/instr_reg_reg[16]/C
  -------------------------------------------------------------------    -------------------
    SLICE_X95Y228        FDCE (Prop_DFF_SLICEL_C_Q)
                                                      0.079     2.924 r  u_soc/u_core/instr_reg_reg[16]/Q
                         net (fo=69, routed)          0.969     3.893    u_soc/u_core/u_regfile/regs_reg_r1_0_31_14_27/ADDRD1
    SLICE_X93Y234        RAMD32 (Prop_D5LUT_SLICEM_RADR1_O)
                                                      0.135     4.028 r  u_soc/u_core/u_regfile/regs_reg_r1_0_31_14_27/RAMD/O
                         net (fo=10, routed)          0.872     4.900    u_soc/u_core/u_regfile/rs1_data0[20]
    SLICE_X98Y233        LUT6 (Prop_H6LUT_SLICEL_I0_O)
                                                      0.099     4.999 r  u_soc/u_core/u_regfile/pc_reg[23]_i_26/O
                         net (fo=3, routed)           0.322     5.321    u_soc/u_core/u_regfile/rs1_data[20]
    SLICE_X95Y233        LUT6 (Prop_G6LUT_SLICEL_I0_O)
                                                      0.097     5.418 r  u_soc/u_core/u_regfile/pc_reg[0]_i_85/O
                         net (fo=1, routed)           0.008     5.426    u_soc/u_core/u_regfile/pc_reg[0]_i_85_n_0
    SLICE_X95Y233        CARRY8 (Prop_CARRY8_SLICEL_S[6]_CO[7])
                                                      0.115     5.541 r  u_soc/u_core/u_regfile/pc_reg_reg[0]_i_26/CO[7]
                         net (fo=1, routed)           0.026     5.567    u_soc/u_core/u_regfile/pc_reg_reg[0]_i_26_n_0
    SLICE_X95Y234        CARRY8 (Prop_CARRY8_SLICEL_CI_CO[2])
                                                      0.057     5.624 r  u_soc/u_core/u_regfile/pc_reg_reg[0]_i_9/CO[2]
                         net (fo=1, routed)           0.200     5.824    u_soc/u_core/u_regfile/pc_reg_reg[0]_i_9_n_5
    SLICE_X97Y233        LUT6 (Prop_F6LUT_SLICEL_I3_O)
                                                      0.148     5.972 r  u_soc/u_core/u_regfile/pc_reg[0]_i_4/O
                         net (fo=32, routed)          0.506     6.478    u_soc/u_core/u_regfile/branch_taken
    SLICE_X89Y238        LUT5 (Prop_G6LUT_SLICEM_I1_O)
                                                      0.090     6.568 r  u_soc/u_core/u_regfile/pc_reg[21]_i_3/O
                         net (fo=1, routed)           0.251     6.819    u_soc/u_core/u_regfile/pc_reg[21]_i_3_n_0
    SLICE_X87Y239        LUT3 (Prop_H5LUT_SLICEL_I2_O)
                                                      0.158     6.977 r  u_soc/u_core/u_regfile/pc_reg[21]_i_2/O
                         net (fo=2, routed)           0.325     7.302    u_soc/u_core/u_regfile/pc_next[21]
    SLICE_X89Y241        LUT5 (Prop_H6LUT_SLICEM_I4_O)
                                                      0.090     7.392 r  u_soc/u_core/u_regfile/mepc[21]_i_1/O
                         net (fo=1, routed)           0.058     7.450    u_soc/u_core/u_regfile_n_155
    SLICE_X89Y241        FDCE                                         r  u_soc/u_core/mepc_reg[21]/D
  -------------------------------------------------------------------    -------------------

                         (clock clk rise edge)        9.999     9.999 r  
    AH18                                              0.000     9.999 r  clk300_p (IN)
                         net (fo=0)                   0.079    10.078    u_ibufds/I
    HPIOBDIFFINBUF_X1Y36 DIFFINBUF (Prop_DIFFINBUF_HPIOBDIFFINBUF_DIFF_IN_P_O)
                                                      0.429    10.507 r  u_ibufds/DIFFINBUF_INST/O
                         net (fo=1, routed)           0.040    10.547    u_ibufds/OUT
    AH18                 IBUFCTRL (Prop_IBUFCTRL_HPIOB_M_I_O)
                                                      0.000    10.547 r  u_ibufds/IBUFCTRL_INST/O
                         net (fo=1, routed)           0.286    10.833    clk_ref
    BUFGCE_DIV_X1Y5      BUFGCE_DIV (Prop_BUFGCE_DIV_I_O)
                                                      0.132    10.965 r  u_div/O
    X2Y3 (CLOCK_ROOT)    net (fo=973, routed)         1.538    12.503    u_soc/u_core/clk
    SLICE_X89Y241        FDCE                                         r  u_soc/u_core/mepc_reg[21]/C
                         clock pessimism              0.253    12.757    
                         clock uncertainty           -0.035    12.721    
    SLICE_X89Y241        FDCE (Setup_HFF_SLICEM_C_D)
                                                      0.025    12.746    u_soc/u_core/mepc_reg[21]
  -------------------------------------------------------------------
                         required time                         12.746    
                         arrival time                          -7.450    
  -------------------------------------------------------------------
                         slack                                  5.296    

Slack (MET) :             5.305ns  (required time - arrival time)
  Source:                 u_soc/u_core/instr_reg_reg[22]/C
                            (rising edge-triggered cell FDCE clocked by clk  {rise@0.000ns fall@3.333ns period=9.999ns})
  Destination:            u_soc/u_core/rd_wdata_reg[12]/D
                            (rising edge-triggered cell FDCE clocked by clk  {rise@0.000ns fall@3.333ns period=9.999ns})
  Path Group:             clk
  Path Type:              Setup (Max at Slow Process Corner)
  Requirement:            9.999ns  (clk rise@9.999ns - clk rise@0.000ns)
  Data Path Delay:        4.568ns  (logic 1.195ns (26.162%)  route 3.373ns (73.838%))
  Logic Levels:           11  (CARRY8=2 LUT2=2 LUT6=6 RAMD32=1)
  Clock Path Skew:        -0.116ns (DCD - SCD + CPR)
    Destination Clock Delay (DCD):    2.437ns = ( 12.436 - 9.999 ) 
    Source Clock Delay      (SCD):    2.849ns
    Clock Pessimism Removal (CPR):    0.297ns
  Clock Uncertainty:      0.035ns  ((TSJ^2 + TIJ^2)^1/2 + DJ) / 2 + PE
    Total System Jitter     (TSJ):    0.071ns
    Total Input Jitter      (TIJ):    0.000ns
    Discrete Jitter          (DJ):    0.000ns
    Phase Error              (PE):    0.000ns
  Clock Net Delay (Source):      1.700ns (routing 0.766ns, distribution 0.934ns)
  Clock Net Delay (Destination): 1.471ns (routing 0.696ns, distribution 0.775ns)

    Location             Delay type                Incr(ns)  Path(ns)    Netlist Resource(s)
  -------------------------------------------------------------------    -------------------
                         (clock clk rise edge)        0.000     0.000 r  
    AH18                                              0.000     0.000 r  clk300_p (IN)
                         net (fo=0)                   0.100     0.100    u_ibufds/I
    HPIOBDIFFINBUF_X1Y36 DIFFINBUF (Prop_DIFFINBUF_HPIOBDIFFINBUF_DIFF_IN_P_O)
                                                      0.525     0.625 r  u_ibufds/DIFFINBUF_INST/O
                         net (fo=1, routed)           0.050     0.675    u_ibufds/OUT
    AH18                 IBUFCTRL (Prop_IBUFCTRL_HPIOB_M_I_O)
                                                      0.000     0.675 r  u_ibufds/IBUFCTRL_INST/O
                         net (fo=1, routed)           0.322     0.997    clk_ref
    BUFGCE_DIV_X1Y5      BUFGCE_DIV (Prop_BUFGCE_DIV_I_O)
                                                      0.152     1.149 r  u_div/O
    X2Y3 (CLOCK_ROOT)    net (fo=973, routed)         1.700     2.849    u_soc/u_core/clk
    SLICE_X94Y227        FDCE                                         r  u_soc/u_core/instr_reg_reg[22]/C
  -------------------------------------------------------------------    -------------------
    SLICE_X94Y227        FDCE (Prop_HFF2_SLICEM_C_Q)
                                                      0.078     2.927 r  u_soc/u_core/instr_reg_reg[22]/Q
                         net (fo=63, routed)          0.700     3.628    u_soc/u_core/u_regfile/regs_reg_r2_0_31_0_13/ADDRA2
    SLICE_X93Y232        RAMD32 (Prop_A5LUT_SLICEM_RADR2_O)
                                                      0.112     3.740 r  u_soc/u_core/u_regfile/regs_reg_r2_0_31_0_13/RAMA/O
                         net (fo=9, routed)           0.494     4.233    u_soc/u_core/u_regfile/rs2_data0[0]
    SLICE_X97Y226        LUT6 (Prop_H6LUT_SLICEL_I0_O)
                                                      0.150     4.383 r  u_soc/u_core/u_regfile/m_axi_wdata[0]_i_2/O
                         net (fo=4, routed)           0.195     4.578    u_soc/u_core/u_regfile/rs2_data[0]
    SLICE_X96Y229        LUT6 (Prop_G6LUT_SLICEM_I3_O)
                                                      0.123     4.701 r  u_soc/u_core/u_regfile/mem_addr_reg[29]_i_10/O
                         net (fo=53, routed)          0.644     5.345    u_soc/u_core/u_regfile/mem_addr_reg[29]_i_10_n_0
    SLICE_X95Y240        LUT2 (Prop_A6LUT_SLICEL_I0_O)
                                                      0.050     5.395 r  u_soc/u_core/u_regfile/mem_addr_reg[0]_i_27/O
                         net (fo=1, routed)           0.009     5.404    u_soc/u_core/u_regfile/mem_addr_reg[0]_i_27_n_0
    SLICE_X95Y240        CARRY8 (Prop_CARRY8_SLICEL_S[0]_CO[7])
                                                      0.190     5.594 r  u_soc/u_core/u_regfile/mem_addr_reg_reg[0]_i_7/CO[7]
                         net (fo=1, routed)           0.026     5.620    u_soc/u_core/u_regfile/mem_addr_reg_reg[0]_i_7_n_0
    SLICE_X95Y241        CARRY8 (Prop_CARRY8_SLICEL_CI_O[4])
                                                      0.086     5.706 r  u_soc/u_core/u_regfile/mem_addr_reg_reg[14]_i_20/O[4]
                         net (fo=1, routed)           0.255     5.961    u_soc/u_core/u_regfile/u_alu/data0[12]
    SLICE_X95Y239        LUT6 (Prop_H6LUT_SLICEL_I5_O)
                                                      0.051     6.012 r  u_soc/u_core/u_regfile/mem_addr_reg[12]_i_8/O
                         net (fo=1, routed)           0.089     6.101    u_soc/u_core/u_regfile/mem_addr_reg[12]_i_8_n_0
    SLICE_X95Y239        LUT2 (Prop_D6LUT_SLICEL_I0_O)
                                                      0.099     6.200 r  u_soc/u_core/u_regfile/mem_addr_reg[12]_i_3/O
                         net (fo=2, routed)           0.356     6.556    u_soc/u_core/u_regfile/mem_addr_reg[12]_i_3_n_0
    SLICE_X98Y244        LUT6 (Prop_F6LUT_SLICEL_I0_O)
                                                      0.097     6.653 r  u_soc/u_core/u_regfile/rd_wdata[12]_i_7/O
                         net (fo=1, routed)           0.132     6.785    u_soc/u_core/u_regfile/rd_wdata[12]_i_7_n_0
    SLICE_X98Y241        LUT6 (Prop_H6LUT_SLICEL_I4_O)
                                                      0.036     6.821 r  u_soc/u_core/u_regfile/rd_wdata[12]_i_4/O
                         net (fo=1, routed)           0.423     7.244    u_soc/u_core/u_regfile/rd_wdata[12]_i_4_n_0
    SLICE_X92Y232        LUT6 (Prop_C6LUT_SLICEL_I2_O)
                                                      0.123     7.367 r  u_soc/u_core/u_regfile/rd_wdata[12]_i_1/O
                         net (fo=1, routed)           0.050     7.417    u_soc/u_core/wb_data[12]
    SLICE_X92Y232        FDCE                                         r  u_soc/u_core/rd_wdata_reg[12]/D
  -------------------------------------------------------------------    -------------------

                         (clock clk rise edge)        9.999     9.999 r  
    AH18                                              0.000     9.999 r  clk300_p (IN)
                         net (fo=0)                   0.079    10.078    u_ibufds/I
    HPIOBDIFFINBUF_X1Y36 DIFFINBUF (Prop_DIFFINBUF_HPIOBDIFFINBUF_DIFF_IN_P_O)
                                                      0.429    10.507 r  u_ibufds/DIFFINBUF_INST/O
                         net (fo=1, routed)           0.040    10.547    u_ibufds/OUT
    AH18                 IBUFCTRL (Prop_IBUFCTRL_HPIOB_M_I_O)
                                                      0.000    10.547 r  u_ibufds/IBUFCTRL_INST/O
                         net (fo=1, routed)           0.286    10.833    clk_ref
    BUFGCE_DIV_X1Y5      BUFGCE_DIV (Prop_BUFGCE_DIV_I_O)
                                                      0.132    10.965 r  u_div/O
    X2Y3 (CLOCK_ROOT)    net (fo=973, routed)         1.471    12.436    u_soc/u_core/clk
    SLICE_X92Y232        FDCE                                         r  u_soc/u_core/rd_wdata_reg[12]/C
                         clock pessimism              0.297    12.733    
                         clock uncertainty           -0.035    12.697    
    SLICE_X92Y232        FDCE (Setup_CFF_SLICEL_C_D)
                                                      0.025    12.722    u_soc/u_core/rd_wdata_reg[12]
  -------------------------------------------------------------------
                         required time                         12.722    
                         arrival time                          -7.417    
  -------------------------------------------------------------------
                         slack                                  5.305    

Slack (MET) :             5.328ns  (required time - arrival time)
  Source:                 u_soc/u_core/instr_reg_reg[16]/C
                            (rising edge-triggered cell FDCE clocked by clk  {rise@0.000ns fall@3.333ns period=9.999ns})
  Destination:            u_soc/u_core/mepc_reg[29]/D
                            (rising edge-triggered cell FDCE clocked by clk  {rise@0.000ns fall@3.333ns period=9.999ns})
  Path Group:             clk
  Path Type:              Setup (Max at Slow Process Corner)
  Requirement:            9.999ns  (clk rise@9.999ns - clk rise@0.000ns)
  Data Path Delay:        4.498ns  (logic 1.013ns (22.523%)  route 3.485ns (77.477%))
  Logic Levels:           9  (CARRY8=2 LUT3=1 LUT5=2 LUT6=3 RAMD32=1)
  Clock Path Skew:        -0.163ns (DCD - SCD + CPR)
    Destination Clock Delay (DCD):    2.391ns = ( 12.390 - 9.999 ) 
    Source Clock Delay      (SCD):    2.845ns
    Clock Pessimism Removal (CPR):    0.291ns
  Clock Uncertainty:      0.035ns  ((TSJ^2 + TIJ^2)^1/2 + DJ) / 2 + PE
    Total System Jitter     (TSJ):    0.071ns
    Total Input Jitter      (TIJ):    0.000ns
    Discrete Jitter          (DJ):    0.000ns
    Phase Error              (PE):    0.000ns
  Clock Net Delay (Source):      1.696ns (routing 0.766ns, distribution 0.930ns)
  Clock Net Delay (Destination): 1.425ns (routing 0.696ns, distribution 0.729ns)

    Location             Delay type                Incr(ns)  Path(ns)    Netlist Resource(s)
  -------------------------------------------------------------------    -------------------
                         (clock clk rise edge)        0.000     0.000 r  
    AH18                                              0.000     0.000 r  clk300_p (IN)
                         net (fo=0)                   0.100     0.100    u_ibufds/I
    HPIOBDIFFINBUF_X1Y36 DIFFINBUF (Prop_DIFFINBUF_HPIOBDIFFINBUF_DIFF_IN_P_O)
                                                      0.525     0.625 r  u_ibufds/DIFFINBUF_INST/O
                         net (fo=1, routed)           0.050     0.675    u_ibufds/OUT
    AH18                 IBUFCTRL (Prop_IBUFCTRL_HPIOB_M_I_O)
                                                      0.000     0.675 r  u_ibufds/IBUFCTRL_INST/O
                         net (fo=1, routed)           0.322     0.997    clk_ref
    BUFGCE_DIV_X1Y5      BUFGCE_DIV (Prop_BUFGCE_DIV_I_O)
                                                      0.152     1.149 r  u_div/O
    X2Y3 (CLOCK_ROOT)    net (fo=973, routed)         1.696     2.845    u_soc/u_core/clk
    SLICE_X95Y228        FDCE                                         r  u_soc/u_core/instr_reg_reg[16]/C
  -------------------------------------------------------------------    -------------------
    SLICE_X95Y228        FDCE (Prop_DFF_SLICEL_C_Q)
                                                      0.079     2.924 r  u_soc/u_core/instr_reg_reg[16]/Q
                         net (fo=69, routed)          0.969     3.893    u_soc/u_core/u_regfile/regs_reg_r1_0_31_14_27/ADDRD1
    SLICE_X93Y234        RAMD32 (Prop_D5LUT_SLICEM_RADR1_O)
                                                      0.135     4.028 r  u_soc/u_core/u_regfile/regs_reg_r1_0_31_14_27/RAMD/O
                         net (fo=10, routed)          0.872     4.900    u_soc/u_core/u_regfile/rs1_data0[20]
    SLICE_X98Y233        LUT6 (Prop_H6LUT_SLICEL_I0_O)
                                                      0.099     4.999 r  u_soc/u_core/u_regfile/pc_reg[23]_i_26/O
                         net (fo=3, routed)           0.322     5.321    u_soc/u_core/u_regfile/rs1_data[20]
    SLICE_X95Y233        LUT6 (Prop_G6LUT_SLICEL_I0_O)
                                                      0.097     5.418 r  u_soc/u_core/u_regfile/pc_reg[0]_i_85/O
                         net (fo=1, routed)           0.008     5.426    u_soc/u_core/u_regfile/pc_reg[0]_i_85_n_0
    SLICE_X95Y233        CARRY8 (Prop_CARRY8_SLICEL_S[6]_CO[7])
                                                      0.115     5.541 r  u_soc/u_core/u_regfile/pc_reg_reg[0]_i_26/CO[7]
                         net (fo=1, routed)           0.026     5.567    u_soc/u_core/u_regfile/pc_reg_reg[0]_i_26_n_0
    SLICE_X95Y234        CARRY8 (Prop_CARRY8_SLICEL_CI_CO[2])
                                                      0.057     5.624 r  u_soc/u_core/u_regfile/pc_reg_reg[0]_i_9/CO[2]
                         net (fo=1, routed)           0.200     5.824    u_soc/u_core/u_regfile/pc_reg_reg[0]_i_9_n_5
    SLICE_X97Y233        LUT6 (Prop_F6LUT_SLICEL_I3_O)
                                                      0.148     5.972 r  u_soc/u_core/u_regfile/pc_reg[0]_i_4/O
                         net (fo=32, routed)          0.603     6.575    u_soc/u_core/u_regfile/branch_taken
    SLICE_X90Y238        LUT5 (Prop_A6LUT_SLICEL_I1_O)
                                                      0.098     6.673 r  u_soc/u_core/u_regfile/pc_reg[29]_i_3/O
                         net (fo=1, routed)           0.190     6.863    u_soc/u_core/u_regfile/pc_reg[29]_i_3_n_0
    SLICE_X90Y238        LUT3 (Prop_G5LUT_SLICEL_I2_O)
                                                      0.135     6.998 r  u_soc/u_core/u_regfile/pc_reg[29]_i_2/O
                         net (fo=2, routed)           0.246     7.244    u_soc/u_core/u_regfile/pc_next[29]
    SLICE_X85Y237        LUT5 (Prop_D6LUT_SLICEL_I4_O)
                                                      0.050     7.294 r  u_soc/u_core/u_regfile/mepc[29]_i_1/O
                         net (fo=1, routed)           0.049     7.343    u_soc/u_core/u_regfile_n_147
    SLICE_X85Y237        FDCE                                         r  u_soc/u_core/mepc_reg[29]/D
  -------------------------------------------------------------------    -------------------

                         (clock clk rise edge)        9.999     9.999 r  
    AH18                                              0.000     9.999 r  clk300_p (IN)
                         net (fo=0)                   0.079    10.078    u_ibufds/I
    HPIOBDIFFINBUF_X1Y36 DIFFINBUF (Prop_DIFFINBUF_HPIOBDIFFINBUF_DIFF_IN_P_O)
                                                      0.429    10.507 r  u_ibufds/DIFFINBUF_INST/O
                         net (fo=1, routed)           0.040    10.547    u_ibufds/OUT
    AH18                 IBUFCTRL (Prop_IBUFCTRL_HPIOB_M_I_O)
                                                      0.000    10.547 r  u_ibufds/IBUFCTRL_INST/O
                         net (fo=1, routed)           0.286    10.833    clk_ref
    BUFGCE_DIV_X1Y5      BUFGCE_DIV (Prop_BUFGCE_DIV_I_O)
                                                      0.132    10.965 r  u_div/O
    X2Y3 (CLOCK_ROOT)    net (fo=973, routed)         1.425    12.390    u_soc/u_core/clk
    SLICE_X85Y237        FDCE                                         r  u_soc/u_core/mepc_reg[29]/C
                         clock pessimism              0.291    12.681    
                         clock uncertainty           -0.035    12.646    
    SLICE_X85Y237        FDCE (Setup_DFF_SLICEL_C_D)
                                                      0.025    12.671    u_soc/u_core/mepc_reg[29]
  -------------------------------------------------------------------
                         required time                         12.671    
                         arrival time                          -7.343    
  -------------------------------------------------------------------
                         slack                                  5.328    

Slack (MET) :             5.357ns  (required time - arrival time)
  Source:                 u_soc/u_core/instr_reg_reg[16]/C
                            (rising edge-triggered cell FDCE clocked by clk  {rise@0.000ns fall@3.333ns period=9.999ns})
  Destination:            u_soc/u_core/pc_reg_reg[30]/D
                            (rising edge-triggered cell FDCE clocked by clk  {rise@0.000ns fall@3.333ns period=9.999ns})
  Path Group:             clk
  Path Type:              Setup (Max at Slow Process Corner)
  Requirement:            9.999ns  (clk rise@9.999ns - clk rise@0.000ns)
  Data Path Delay:        4.471ns  (logic 1.128ns (25.229%)  route 3.343ns (74.771%))
  Logic Levels:           9  (CARRY8=2 LUT3=1 LUT5=1 LUT6=4 RAMD32=1)
  Clock Path Skew:        -0.160ns (DCD - SCD + CPR)
    Destination Clock Delay (DCD):    2.394ns = ( 12.393 - 9.999 ) 
    Source Clock Delay      (SCD):    2.845ns
    Clock Pessimism Removal (CPR):    0.291ns
  Clock Uncertainty:      0.035ns  ((TSJ^2 + TIJ^2)^1/2 + DJ) / 2 + PE
    Total System Jitter     (TSJ):    0.071ns
    Total Input Jitter      (TIJ):    0.000ns
    Discrete Jitter          (DJ):    0.000ns
    Phase Error              (PE):    0.000ns
  Clock Net Delay (Source):      1.696ns (routing 0.766ns, distribution 0.930ns)
  Clock Net Delay (Destination): 1.428ns (routing 0.696ns, distribution 0.732ns)

    Location             Delay type                Incr(ns)  Path(ns)    Netlist Resource(s)
  -------------------------------------------------------------------    -------------------
                         (clock clk rise edge)        0.000     0.000 r  
    AH18                                              0.000     0.000 r  clk300_p (IN)
                         net (fo=0)                   0.100     0.100    u_ibufds/I
    HPIOBDIFFINBUF_X1Y36 DIFFINBUF (Prop_DIFFINBUF_HPIOBDIFFINBUF_DIFF_IN_P_O)
                                                      0.525     0.625 r  u_ibufds/DIFFINBUF_INST/O
                         net (fo=1, routed)           0.050     0.675    u_ibufds/OUT
    AH18                 IBUFCTRL (Prop_IBUFCTRL_HPIOB_M_I_O)
                                                      0.000     0.675 r  u_ibufds/IBUFCTRL_INST/O
                         net (fo=1, routed)           0.322     0.997    clk_ref
    BUFGCE_DIV_X1Y5      BUFGCE_DIV (Prop_BUFGCE_DIV_I_O)
                                                      0.152     1.149 r  u_div/O
    X2Y3 (CLOCK_ROOT)    net (fo=973, routed)         1.696     2.845    u_soc/u_core/clk
    SLICE_X95Y228        FDCE                                         r  u_soc/u_core/instr_reg_reg[16]/C
  -------------------------------------------------------------------    -------------------
    SLICE_X95Y228        FDCE (Prop_DFF_SLICEL_C_Q)
                                                      0.079     2.924 r  u_soc/u_core/instr_reg_reg[16]/Q
                         net (fo=69, routed)          0.969     3.893    u_soc/u_core/u_regfile/regs_reg_r1_0_31_14_27/ADDRD1
    SLICE_X93Y234        RAMD32 (Prop_D5LUT_SLICEM_RADR1_O)
                                                      0.135     4.028 r  u_soc/u_core/u_regfile/regs_reg_r1_0_31_14_27/RAMD/O
                         net (fo=10, routed)          0.872     4.900    u_soc/u_core/u_regfile/rs1_data0[20]
    SLICE_X98Y233        LUT6 (Prop_H6LUT_SLICEL_I0_O)
                                                      0.099     4.999 r  u_soc/u_core/u_regfile/pc_reg[23]_i_26/O
                         net (fo=3, routed)           0.322     5.321    u_soc/u_core/u_regfile/rs1_data[20]
    SLICE_X95Y233        LUT6 (Prop_G6LUT_SLICEL_I0_O)
                                                      0.097     5.418 r  u_soc/u_core/u_regfile/pc_reg[0]_i_85/O
                         net (fo=1, routed)           0.008     5.426    u_soc/u_core/u_regfile/pc_reg[0]_i_85_n_0
    SLICE_X95Y233        CARRY8 (Prop_CARRY8_SLICEL_S[6]_CO[7])
                                                      0.115     5.541 r  u_soc/u_core/u_regfile/pc_reg_reg[0]_i_26/CO[7]
                         net (fo=1, routed)           0.026     5.567    u_soc/u_core/u_regfile/pc_reg_reg[0]_i_26_n_0
    SLICE_X95Y234        CARRY8 (Prop_CARRY8_SLICEL_CI_CO[2])
                                                      0.057     5.624 r  u_soc/u_core/u_regfile/pc_reg_reg[0]_i_9/CO[2]
                         net (fo=1, routed)           0.200     5.824    u_soc/u_core/u_regfile/pc_reg_reg[0]_i_9_n_5
    SLICE_X97Y233        LUT6 (Prop_F6LUT_SLICEL_I3_O)
                                                      0.148     5.972 r  u_soc/u_core/u_regfile/pc_reg[0]_i_4/O
                         net (fo=32, routed)          0.467     6.439    u_soc/u_core/u_regfile/branch_taken
    SLICE_X89Y238        LUT5 (Prop_E6LUT_SLICEM_I1_O)
                                                      0.148     6.587 r  u_soc/u_core/u_regfile/pc_reg[30]_i_3/O
                         net (fo=1, routed)           0.174     6.761    u_soc/u_core/u_regfile/pc_reg[30]_i_3_n_0
    SLICE_X88Y239        LUT3 (Prop_C6LUT_SLICEM_I2_O)
                                                      0.098     6.859 r  u_soc/u_core/u_regfile/pc_reg[30]_i_2/O
                         net (fo=2, routed)           0.248     7.106    u_soc/u_core/u_regfile/pc_next[30]
    SLICE_X86Y233        LUT6 (Prop_H6LUT_SLICEM_I1_O)
                                                      0.152     7.258 r  u_soc/u_core/u_regfile/pc_reg[30]_i_1/O
                         net (fo=1, routed)           0.058     7.316    u_soc/u_core/u_regfile_n_180
    SLICE_X86Y233        FDCE                                         r  u_soc/u_core/pc_reg_reg[30]/D
  -------------------------------------------------------------------    -------------------

                         (clock clk rise edge)        9.999     9.999 r  
    AH18                                              0.000     9.999 r  clk300_p (IN)
                         net (fo=0)                   0.079    10.078    u_ibufds/I
    HPIOBDIFFINBUF_X1Y36 DIFFINBUF (Prop_DIFFINBUF_HPIOBDIFFINBUF_DIFF_IN_P_O)
                                                      0.429    10.507 r  u_ibufds/DIFFINBUF_INST/O
                         net (fo=1, routed)           0.040    10.547    u_ibufds/OUT
    AH18                 IBUFCTRL (Prop_IBUFCTRL_HPIOB_M_I_O)
                                                      0.000    10.547 r  u_ibufds/IBUFCTRL_INST/O
                         net (fo=1, routed)           0.286    10.833    clk_ref
    BUFGCE_DIV_X1Y5      BUFGCE_DIV (Prop_BUFGCE_DIV_I_O)
                                                      0.132    10.965 r  u_div/O
    X2Y3 (CLOCK_ROOT)    net (fo=973, routed)         1.428    12.393    u_soc/u_core/clk
    SLICE_X86Y233        FDCE                                         r  u_soc/u_core/pc_reg_reg[30]/C
                         clock pessimism              0.291    12.684    
                         clock uncertainty           -0.035    12.649    
    SLICE_X86Y233        FDCE (Setup_HFF_SLICEM_C_D)
                                                      0.025    12.674    u_soc/u_core/pc_reg_reg[30]
  -------------------------------------------------------------------
                         required time                         12.674    
                         arrival time                          -7.316    
  -------------------------------------------------------------------
                         slack                                  5.357    

Slack (MET) :             5.369ns  (required time - arrival time)
  Source:                 u_soc/u_core/instr_reg_reg[16]/C
                            (rising edge-triggered cell FDCE clocked by clk  {rise@0.000ns fall@3.333ns period=9.999ns})
  Destination:            u_soc/u_core/mepc_reg[9]/D
                            (rising edge-triggered cell FDCE clocked by clk  {rise@0.000ns fall@3.333ns period=9.999ns})
  Path Group:             clk
  Path Type:              Setup (Max at Slow Process Corner)
  Requirement:            9.999ns  (clk rise@9.999ns - clk rise@0.000ns)
  Data Path Delay:        4.450ns  (logic 1.087ns (24.428%)  route 3.363ns (75.572%))
  Logic Levels:           9  (CARRY8=2 LUT3=1 LUT5=2 LUT6=3 RAMD32=1)
  Clock Path Skew:        -0.170ns (DCD - SCD + CPR)
    Destination Clock Delay (DCD):    2.385ns = ( 12.384 - 9.999 ) 
    Source Clock Delay      (SCD):    2.845ns
    Clock Pessimism Removal (CPR):    0.291ns
  Clock Uncertainty:      0.035ns  ((TSJ^2 + TIJ^2)^1/2 + DJ) / 2 + PE
    Total System Jitter     (TSJ):    0.071ns
    Total Input Jitter      (TIJ):    0.000ns
    Discrete Jitter          (DJ):    0.000ns
    Phase Error              (PE):    0.000ns
  Clock Net Delay (Source):      1.696ns (routing 0.766ns, distribution 0.930ns)
  Clock Net Delay (Destination): 1.419ns (routing 0.696ns, distribution 0.723ns)

    Location             Delay type                Incr(ns)  Path(ns)    Netlist Resource(s)
  -------------------------------------------------------------------    -------------------
                         (clock clk rise edge)        0.000     0.000 r  
    AH18                                              0.000     0.000 r  clk300_p (IN)
                         net (fo=0)                   0.100     0.100    u_ibufds/I
    HPIOBDIFFINBUF_X1Y36 DIFFINBUF (Prop_DIFFINBUF_HPIOBDIFFINBUF_DIFF_IN_P_O)
                                                      0.525     0.625 r  u_ibufds/DIFFINBUF_INST/O
                         net (fo=1, routed)           0.050     0.675    u_ibufds/OUT
    AH18                 IBUFCTRL (Prop_IBUFCTRL_HPIOB_M_I_O)
                                                      0.000     0.675 r  u_ibufds/IBUFCTRL_INST/O
                         net (fo=1, routed)           0.322     0.997    clk_ref
    BUFGCE_DIV_X1Y5      BUFGCE_DIV (Prop_BUFGCE_DIV_I_O)
                                                      0.152     1.149 r  u_div/O
    X2Y3 (CLOCK_ROOT)    net (fo=973, routed)         1.696     2.845    u_soc/u_core/clk
    SLICE_X95Y228        FDCE                                         r  u_soc/u_core/instr_reg_reg[16]/C
  -------------------------------------------------------------------    -------------------
    SLICE_X95Y228        FDCE (Prop_DFF_SLICEL_C_Q)
                                                      0.079     2.924 r  u_soc/u_core/instr_reg_reg[16]/Q
                         net (fo=69, routed)          0.969     3.893    u_soc/u_core/u_regfile/regs_reg_r1_0_31_14_27/ADDRD1
    SLICE_X93Y234        RAMD32 (Prop_D5LUT_SLICEM_RADR1_O)
                                                      0.135     4.028 r  u_soc/u_core/u_regfile/regs_reg_r1_0_31_14_27/RAMD/O
                         net (fo=10, routed)          0.872     4.900    u_soc/u_core/u_regfile/rs1_data0[20]
    SLICE_X98Y233        LUT6 (Prop_H6LUT_SLICEL_I0_O)
                                                      0.099     4.999 r  u_soc/u_core/u_regfile/pc_reg[23]_i_26/O
                         net (fo=3, routed)           0.322     5.321    u_soc/u_core/u_regfile/rs1_data[20]
    SLICE_X95Y233        LUT6 (Prop_G6LUT_SLICEL_I0_O)
                                                      0.097     5.418 r  u_soc/u_core/u_regfile/pc_reg[0]_i_85/O
                         net (fo=1, routed)           0.008     5.426    u_soc/u_core/u_regfile/pc_reg[0]_i_85_n_0
    SLICE_X95Y233        CARRY8 (Prop_CARRY8_SLICEL_S[6]_CO[7])
                                                      0.115     5.541 r  u_soc/u_core/u_regfile/pc_reg_reg[0]_i_26/CO[7]
                         net (fo=1, routed)           0.026     5.567    u_soc/u_core/u_regfile/pc_reg_reg[0]_i_26_n_0
    SLICE_X95Y234        CARRY8 (Prop_CARRY8_SLICEL_CI_CO[2])
                                                      0.057     5.624 r  u_soc/u_core/u_regfile/pc_reg_reg[0]_i_9/CO[2]
                         net (fo=1, routed)           0.200     5.824    u_soc/u_core/u_regfile/pc_reg_reg[0]_i_9_n_5
    SLICE_X97Y233        LUT6 (Prop_F6LUT_SLICEL_I3_O)
                                                      0.148     5.972 r  u_soc/u_core/u_regfile/pc_reg[0]_i_4/O
                         net (fo=32, routed)          0.576     6.548    u_soc/u_core/u_regfile/branch_taken
    SLICE_X86Y236        LUT5 (Prop_F6LUT_SLICEM_I1_O)
                                                      0.123     6.671 r  u_soc/u_core/u_regfile/pc_reg[9]_i_3/O
                         net (fo=1, routed)           0.184     6.855    u_soc/u_core/u_regfile/pc_reg[9]_i_3_n_0
    SLICE_X86Y234        LUT3 (Prop_C5LUT_SLICEM_I2_O)
                                                      0.111     6.966 r  u_soc/u_core/u_regfile/pc_reg[9]_i_2/O
                         net (fo=2, routed)           0.147     7.113    u_soc/u_core/u_regfile/pc_next[9]
    SLICE_X86Y232        LUT5 (Prop_G6LUT_SLICEM_I4_O)
                                                      0.123     7.236 r  u_soc/u_core/u_regfile/mepc[9]_i_1/O
                         net (fo=1, routed)           0.059     7.295    u_soc/u_core/u_regfile_n_167
    SLICE_X86Y232        FDCE                                         r  u_soc/u_core/mepc_reg[9]/D
  -------------------------------------------------------------------    -------------------

                         (clock clk rise edge)        9.999     9.999 r  
    AH18                                              0.000     9.999 r  clk300_p (IN)
                         net (fo=0)                   0.079    10.078    u_ibufds/I
    HPIOBDIFFINBUF_X1Y36 DIFFINBUF (Prop_DIFFINBUF_HPIOBDIFFINBUF_DIFF_IN_P_O)
                                                      0.429    10.507 r  u_ibufds/DIFFINBUF_INST/O
                         net (fo=1, routed)           0.040    10.547    u_ibufds/OUT
    AH18                 IBUFCTRL (Prop_IBUFCTRL_HPIOB_M_I_O)
                                                      0.000    10.547 r  u_ibufds/IBUFCTRL_INST/O
                         net (fo=1, routed)           0.286    10.833    clk_ref
    BUFGCE_DIV_X1Y5      BUFGCE_DIV (Prop_BUFGCE_DIV_I_O)
                                                      0.132    10.965 r  u_div/O
    X2Y3 (CLOCK_ROOT)    net (fo=973, routed)         1.419    12.384    u_soc/u_core/clk
    SLICE_X86Y232        FDCE                                         r  u_soc/u_core/mepc_reg[9]/C
                         clock pessimism              0.291    12.675    
                         clock uncertainty           -0.035    12.639    
    SLICE_X86Y232        FDCE (Setup_GFF_SLICEM_C_D)
                                                      0.025    12.664    u_soc/u_core/mepc_reg[9]
  -------------------------------------------------------------------
                         required time                         12.664    
                         arrival time                          -7.295    
  -------------------------------------------------------------------
                         slack                                  5.369    

Slack (MET) :             5.375ns  (required time - arrival time)
  Source:                 u_soc/u_core/instr_reg_reg[16]/C
                            (rising edge-triggered cell FDCE clocked by clk  {rise@0.000ns fall@3.333ns period=9.999ns})
  Destination:            u_soc/u_core/pc_reg_reg[21]/D
                            (rising edge-triggered cell FDCE clocked by clk  {rise@0.000ns fall@3.333ns period=9.999ns})
  Path Group:             clk
  Path Type:              Setup (Max at Slow Process Corner)
  Requirement:            9.999ns  (clk rise@9.999ns - clk rise@0.000ns)
  Data Path Delay:        4.527ns  (logic 1.029ns (22.732%)  route 3.498ns (77.268%))
  Logic Levels:           9  (CARRY8=2 LUT3=1 LUT5=1 LUT6=4 RAMD32=1)
  Clock Path Skew:        -0.087ns (DCD - SCD + CPR)
    Destination Clock Delay (DCD):    2.505ns = ( 12.504 - 9.999 ) 
    Source Clock Delay      (SCD):    2.845ns
    Clock Pessimism Removal (CPR):    0.253ns
  Clock Uncertainty:      0.035ns  ((TSJ^2 + TIJ^2)^1/2 + DJ) / 2 + PE
    Total System Jitter     (TSJ):    0.071ns
    Total Input Jitter      (TIJ):    0.000ns
    Discrete Jitter          (DJ):    0.000ns
    Phase Error              (PE):    0.000ns
  Clock Net Delay (Source):      1.696ns (routing 0.766ns, distribution 0.930ns)
  Clock Net Delay (Destination): 1.539ns (routing 0.696ns, distribution 0.843ns)

    Location             Delay type                Incr(ns)  Path(ns)    Netlist Resource(s)
  -------------------------------------------------------------------    -------------------
                         (clock clk rise edge)        0.000     0.000 r  
    AH18                                              0.000     0.000 r  clk300_p (IN)
                         net (fo=0)                   0.100     0.100    u_ibufds/I
    HPIOBDIFFINBUF_X1Y36 DIFFINBUF (Prop_DIFFINBUF_HPIOBDIFFINBUF_DIFF_IN_P_O)
                                                      0.525     0.625 r  u_ibufds/DIFFINBUF_INST/O
                         net (fo=1, routed)           0.050     0.675    u_ibufds/OUT
    AH18                 IBUFCTRL (Prop_IBUFCTRL_HPIOB_M_I_O)
                                                      0.000     0.675 r  u_ibufds/IBUFCTRL_INST/O
                         net (fo=1, routed)           0.322     0.997    clk_ref
    BUFGCE_DIV_X1Y5      BUFGCE_DIV (Prop_BUFGCE_DIV_I_O)
                                                      0.152     1.149 r  u_div/O
    X2Y3 (CLOCK_ROOT)    net (fo=973, routed)         1.696     2.845    u_soc/u_core/clk
    SLICE_X95Y228        FDCE                                         r  u_soc/u_core/instr_reg_reg[16]/C
  -------------------------------------------------------------------    -------------------
    SLICE_X95Y228        FDCE (Prop_DFF_SLICEL_C_Q)
                                                      0.079     2.924 r  u_soc/u_core/instr_reg_reg[16]/Q
                         net (fo=69, routed)          0.969     3.893    u_soc/u_core/u_regfile/regs_reg_r1_0_31_14_27/ADDRD1
    SLICE_X93Y234        RAMD32 (Prop_D5LUT_SLICEM_RADR1_O)
                                                      0.135     4.028 r  u_soc/u_core/u_regfile/regs_reg_r1_0_31_14_27/RAMD/O
                         net (fo=10, routed)          0.872     4.900    u_soc/u_core/u_regfile/rs1_data0[20]
    SLICE_X98Y233        LUT6 (Prop_H6LUT_SLICEL_I0_O)
                                                      0.099     4.999 r  u_soc/u_core/u_regfile/pc_reg[23]_i_26/O
                         net (fo=3, routed)           0.322     5.321    u_soc/u_core/u_regfile/rs1_data[20]
    SLICE_X95Y233        LUT6 (Prop_G6LUT_SLICEL_I0_O)
                                                      0.097     5.418 r  u_soc/u_core/u_regfile/pc_reg[0]_i_85/O
                         net (fo=1, routed)           0.008     5.426    u_soc/u_core/u_regfile/pc_reg[0]_i_85_n_0
    SLICE_X95Y233        CARRY8 (Prop_CARRY8_SLICEL_S[6]_CO[7])
                                                      0.115     5.541 r  u_soc/u_core/u_regfile/pc_reg_reg[0]_i_26/CO[7]
                         net (fo=1, routed)           0.026     5.567    u_soc/u_core/u_regfile/pc_reg_reg[0]_i_26_n_0
    SLICE_X95Y234        CARRY8 (Prop_CARRY8_SLICEL_CI_CO[2])
                                                      0.057     5.624 r  u_soc/u_core/u_regfile/pc_reg_reg[0]_i_9/CO[2]
                         net (fo=1, routed)           0.200     5.824    u_soc/u_core/u_regfile/pc_reg_reg[0]_i_9_n_5
    SLICE_X97Y233        LUT6 (Prop_F6LUT_SLICEL_I3_O)
                                                      0.148     5.972 r  u_soc/u_core/u_regfile/pc_reg[0]_i_4/O
                         net (fo=32, routed)          0.506     6.478    u_soc/u_core/u_regfile/branch_taken
    SLICE_X89Y238        LUT5 (Prop_G6LUT_SLICEM_I1_O)
                                                      0.090     6.568 r  u_soc/u_core/u_regfile/pc_reg[21]_i_3/O
                         net (fo=1, routed)           0.251     6.819    u_soc/u_core/u_regfile/pc_reg[21]_i_3_n_0
    SLICE_X87Y239        LUT3 (Prop_H5LUT_SLICEL_I2_O)
                                                      0.158     6.977 r  u_soc/u_core/u_regfile/pc_reg[21]_i_2/O
                         net (fo=2, routed)           0.272     7.249    u_soc/u_core/u_regfile/pc_next[21]
    SLICE_X89Y241        LUT6 (Prop_D6LUT_SLICEM_I1_O)
                                                      0.051     7.300 r  u_soc/u_core/u_regfile/pc_reg[21]_i_1/O
                         net (fo=1, routed)           0.072     7.372    u_soc/u_core/u_regfile_n_189
    SLICE_X89Y241        FDCE                                         r  u_soc/u_core/pc_reg_reg[21]/D
  -------------------------------------------------------------------    -------------------

                         (clock clk rise edge)        9.999     9.999 r  
    AH18                                              0.000     9.999 r  clk300_p (IN)
                         net (fo=0)                   0.079    10.078    u_ibufds/I
    HPIOBDIFFINBUF_X1Y36 DIFFINBUF (Prop_DIFFINBUF_HPIOBDIFFINBUF_DIFF_IN_P_O)
                                                      0.429    10.507 r  u_ibufds/DIFFINBUF_INST/O
                         net (fo=1, routed)           0.040    10.547    u_ibufds/OUT
    AH18                 IBUFCTRL (Prop_IBUFCTRL_HPIOB_M_I_O)
                                                      0.000    10.547 r  u_ibufds/IBUFCTRL_INST/O
                         net (fo=1, routed)           0.286    10.833    clk_ref
    BUFGCE_DIV_X1Y5      BUFGCE_DIV (Prop_BUFGCE_DIV_I_O)
                                                      0.132    10.965 r  u_div/O
    X2Y3 (CLOCK_ROOT)    net (fo=973, routed)         1.539    12.504    u_soc/u_core/clk
    SLICE_X89Y241        FDCE                                         r  u_soc/u_core/pc_reg_reg[21]/C
                         clock pessimism              0.253    12.758    
                         clock uncertainty           -0.035    12.722    
    SLICE_X89Y241        FDCE (Setup_DFF_SLICEM_C_D)
                                                      0.025    12.747    u_soc/u_core/pc_reg_reg[21]
  -------------------------------------------------------------------
                         required time                         12.747    
                         arrival time                          -7.372    
  -------------------------------------------------------------------
                         slack                                  5.375    

Slack (MET) :             5.388ns  (required time - arrival time)
  Source:                 u_soc/u_core/instr_reg_reg[16]/C
                            (rising edge-triggered cell FDCE clocked by clk  {rise@0.000ns fall@3.333ns period=9.999ns})
  Destination:            u_soc/u_core/pc_reg_reg[7]/D
                            (rising edge-triggered cell FDCE clocked by clk  {rise@0.000ns fall@3.333ns period=9.999ns})
  Path Group:             clk
  Path Type:              Setup (Max at Slow Process Corner)
  Requirement:            9.999ns  (clk rise@9.999ns - clk rise@0.000ns)
  Data Path Delay:        4.431ns  (logic 1.137ns (25.662%)  route 3.294ns (74.339%))
  Logic Levels:           9  (CARRY8=2 LUT3=1 LUT5=1 LUT6=4 RAMD32=1)
  Clock Path Skew:        -0.170ns (DCD - SCD + CPR)
    Destination Clock Delay (DCD):    2.385ns = ( 12.384 - 9.999 ) 
    Source Clock Delay      (SCD):    2.845ns
    Clock Pessimism Removal (CPR):    0.291ns
  Clock Uncertainty:      0.035ns  ((TSJ^2 + TIJ^2)^1/2 + DJ) / 2 + PE
    Total System Jitter     (TSJ):    0.071ns
    Total Input Jitter      (TIJ):    0.000ns
    Discrete Jitter          (DJ):    0.000ns
    Phase Error              (PE):    0.000ns
  Clock Net Delay (Source):      1.696ns (routing 0.766ns, distribution 0.930ns)
  Clock Net Delay (Destination): 1.419ns (routing 0.696ns, distribution 0.723ns)

    Location             Delay type                Incr(ns)  Path(ns)    Netlist Resource(s)
  -------------------------------------------------------------------    -------------------
                         (clock clk rise edge)        0.000     0.000 r  
    AH18                                              0.000     0.000 r  clk300_p (IN)
                         net (fo=0)                   0.100     0.100    u_ibufds/I
    HPIOBDIFFINBUF_X1Y36 DIFFINBUF (Prop_DIFFINBUF_HPIOBDIFFINBUF_DIFF_IN_P_O)
                                                      0.525     0.625 r  u_ibufds/DIFFINBUF_INST/O
                         net (fo=1, routed)           0.050     0.675    u_ibufds/OUT
    AH18                 IBUFCTRL (Prop_IBUFCTRL_HPIOB_M_I_O)
                                                      0.000     0.675 r  u_ibufds/IBUFCTRL_INST/O
                         net (fo=1, routed)           0.322     0.997    clk_ref
    BUFGCE_DIV_X1Y5      BUFGCE_DIV (Prop_BUFGCE_DIV_I_O)
                                                      0.152     1.149 r  u_div/O
    X2Y3 (CLOCK_ROOT)    net (fo=973, routed)         1.696     2.845    u_soc/u_core/clk
    SLICE_X95Y228        FDCE                                         r  u_soc/u_core/instr_reg_reg[16]/C
  -------------------------------------------------------------------    -------------------
    SLICE_X95Y228        FDCE (Prop_DFF_SLICEL_C_Q)
                                                      0.079     2.924 r  u_soc/u_core/instr_reg_reg[16]/Q
                         net (fo=69, routed)          0.969     3.893    u_soc/u_core/u_regfile/regs_reg_r1_0_31_14_27/ADDRD1
    SLICE_X93Y234        RAMD32 (Prop_D5LUT_SLICEM_RADR1_O)
                                                      0.135     4.028 r  u_soc/u_core/u_regfile/regs_reg_r1_0_31_14_27/RAMD/O
                         net (fo=10, routed)          0.872     4.900    u_soc/u_core/u_regfile/rs1_data0[20]
    SLICE_X98Y233        LUT6 (Prop_H6LUT_SLICEL_I0_O)
                                                      0.099     4.999 r  u_soc/u_core/u_regfile/pc_reg[23]_i_26/O
                         net (fo=3, routed)           0.322     5.321    u_soc/u_core/u_regfile/rs1_data[20]
    SLICE_X95Y233        LUT6 (Prop_G6LUT_SLICEL_I0_O)
                                                      0.097     5.418 r  u_soc/u_core/u_regfile/pc_reg[0]_i_85/O
                         net (fo=1, routed)           0.008     5.426    u_soc/u_core/u_regfile/pc_reg[0]_i_85_n_0
    SLICE_X95Y233        CARRY8 (Prop_CARRY8_SLICEL_S[6]_CO[7])
                                                      0.115     5.541 r  u_soc/u_core/u_regfile/pc_reg_reg[0]_i_26/CO[7]
                         net (fo=1, routed)           0.026     5.567    u_soc/u_core/u_regfile/pc_reg_reg[0]_i_26_n_0
    SLICE_X95Y234        CARRY8 (Prop_CARRY8_SLICEL_CI_CO[2])
                                                      0.057     5.624 r  u_soc/u_core/u_regfile/pc_reg_reg[0]_i_9/CO[2]
                         net (fo=1, routed)           0.200     5.824    u_soc/u_core/u_regfile/pc_reg_reg[0]_i_9_n_5
    SLICE_X97Y233        LUT6 (Prop_F6LUT_SLICEL_I3_O)
                                                      0.148     5.972 r  u_soc/u_core/u_regfile/pc_reg[0]_i_4/O
                         net (fo=32, routed)          0.329     6.301    u_soc/u_core/u_regfile/branch_taken
    SLICE_X90Y235        LUT5 (Prop_B6LUT_SLICEL_I1_O)
                                                      0.148     6.449 r  u_soc/u_core/u_regfile/pc_reg[7]_i_4/O
                         net (fo=1, routed)           0.215     6.664    u_soc/u_core/u_regfile/pc_reg[7]_i_4_n_0
    SLICE_X90Y235        LUT3 (Prop_C5LUT_SLICEL_I2_O)
                                                      0.158     6.822 r  u_soc/u_core/u_regfile/pc_reg[7]_i_2/O
                         net (fo=2, routed)           0.295     7.117    u_soc/u_core/u_regfile/pc_next[7]
    SLICE_X88Y231        LUT6 (Prop_H6LUT_SLICEM_I1_O)
                                                      0.101     7.218 r  u_soc/u_core/u_regfile/pc_reg[7]_i_1/O
                         net (fo=1, routed)           0.058     7.276    u_soc/u_core/u_regfile_n_203
    SLICE_X88Y231        FDCE                                         r  u_soc/u_core/pc_reg_reg[7]/D
  -------------------------------------------------------------------    -------------------

                         (clock clk rise edge)        9.999     9.999 r  
    AH18                                              0.000     9.999 r  clk300_p (IN)
                         net (fo=0)                   0.079    10.078    u_ibufds/I
    HPIOBDIFFINBUF_X1Y36 DIFFINBUF (Prop_DIFFINBUF_HPIOBDIFFINBUF_DIFF_IN_P_O)
                                                      0.429    10.507 r  u_ibufds/DIFFINBUF_INST/O
                         net (fo=1, routed)           0.040    10.547    u_ibufds/OUT
    AH18                 IBUFCTRL (Prop_IBUFCTRL_HPIOB_M_I_O)
                                                      0.000    10.547 r  u_ibufds/IBUFCTRL_INST/O
                         net (fo=1, routed)           0.286    10.833    clk_ref
    BUFGCE_DIV_X1Y5      BUFGCE_DIV (Prop_BUFGCE_DIV_I_O)
                                                      0.132    10.965 r  u_div/O
    X2Y3 (CLOCK_ROOT)    net (fo=973, routed)         1.419    12.384    u_soc/u_core/clk
    SLICE_X88Y231        FDCE                                         r  u_soc/u_core/pc_reg_reg[7]/C
                         clock pessimism              0.291    12.675    
                         clock uncertainty           -0.035    12.639    
    SLICE_X88Y231        FDCE (Setup_HFF_SLICEM_C_D)
                                                      0.025    12.664    u_soc/u_core/pc_reg_reg[7]
  -------------------------------------------------------------------
                         required time                         12.664    
                         arrival time                          -7.276    
  -------------------------------------------------------------------
                         slack                                  5.388    

Slack (MET) :             5.394ns  (required time - arrival time)
  Source:                 u_soc/u_core/instr_reg_reg[16]/C
                            (rising edge-triggered cell FDCE clocked by clk  {rise@0.000ns fall@3.333ns period=9.999ns})
  Destination:            u_soc/u_core/mepc_reg[7]/D
                            (rising edge-triggered cell FDCE clocked by clk  {rise@0.000ns fall@3.333ns period=9.999ns})
  Path Group:             clk
  Path Type:              Setup (Max at Slow Process Corner)
  Requirement:            9.999ns  (clk rise@9.999ns - clk rise@0.000ns)
  Data Path Delay:        4.426ns  (logic 1.087ns (24.561%)  route 3.339ns (75.439%))
  Logic Levels:           9  (CARRY8=2 LUT3=1 LUT5=2 LUT6=3 RAMD32=1)
  Clock Path Skew:        -0.169ns (DCD - SCD + CPR)
    Destination Clock Delay (DCD):    2.386ns = ( 12.385 - 9.999 ) 
    Source Clock Delay      (SCD):    2.845ns
    Clock Pessimism Removal (CPR):    0.291ns
  Clock Uncertainty:      0.035ns  ((TSJ^2 + TIJ^2)^1/2 + DJ) / 2 + PE
    Total System Jitter     (TSJ):    0.071ns
    Total Input Jitter      (TIJ):    0.000ns
    Discrete Jitter          (DJ):    0.000ns
    Phase Error              (PE):    0.000ns
  Clock Net Delay (Source):      1.696ns (routing 0.766ns, distribution 0.930ns)
  Clock Net Delay (Destination): 1.420ns (routing 0.696ns, distribution 0.724ns)

    Location             Delay type                Incr(ns)  Path(ns)    Netlist Resource(s)
  -------------------------------------------------------------------    -------------------
                         (clock clk rise edge)        0.000     0.000 r  
    AH18                                              0.000     0.000 r  clk300_p (IN)
                         net (fo=0)                   0.100     0.100    u_ibufds/I
    HPIOBDIFFINBUF_X1Y36 DIFFINBUF (Prop_DIFFINBUF_HPIOBDIFFINBUF_DIFF_IN_P_O)
                                                      0.525     0.625 r  u_ibufds/DIFFINBUF_INST/O
                         net (fo=1, routed)           0.050     0.675    u_ibufds/OUT
    AH18                 IBUFCTRL (Prop_IBUFCTRL_HPIOB_M_I_O)
                                                      0.000     0.675 r  u_ibufds/IBUFCTRL_INST/O
                         net (fo=1, routed)           0.322     0.997    clk_ref
    BUFGCE_DIV_X1Y5      BUFGCE_DIV (Prop_BUFGCE_DIV_I_O)
                                                      0.152     1.149 r  u_div/O
    X2Y3 (CLOCK_ROOT)    net (fo=973, routed)         1.696     2.845    u_soc/u_core/clk
    SLICE_X95Y228        FDCE                                         r  u_soc/u_core/instr_reg_reg[16]/C
  -------------------------------------------------------------------    -------------------
    SLICE_X95Y228        FDCE (Prop_DFF_SLICEL_C_Q)
                                                      0.079     2.924 r  u_soc/u_core/instr_reg_reg[16]/Q
                         net (fo=69, routed)          0.969     3.893    u_soc/u_core/u_regfile/regs_reg_r1_0_31_14_27/ADDRD1
    SLICE_X93Y234        RAMD32 (Prop_D5LUT_SLICEM_RADR1_O)
                                                      0.135     4.028 r  u_soc/u_core/u_regfile/regs_reg_r1_0_31_14_27/RAMD/O
                         net (fo=10, routed)          0.872     4.900    u_soc/u_core/u_regfile/rs1_data0[20]
    SLICE_X98Y233        LUT6 (Prop_H6LUT_SLICEL_I0_O)
                                                      0.099     4.999 r  u_soc/u_core/u_regfile/pc_reg[23]_i_26/O
                         net (fo=3, routed)           0.322     5.321    u_soc/u_core/u_regfile/rs1_data[20]
    SLICE_X95Y233        LUT6 (Prop_G6LUT_SLICEL_I0_O)
                                                      0.097     5.418 r  u_soc/u_core/u_regfile/pc_reg[0]_i_85/O
                         net (fo=1, routed)           0.008     5.426    u_soc/u_core/u_regfile/pc_reg[0]_i_85_n_0
    SLICE_X95Y233        CARRY8 (Prop_CARRY8_SLICEL_S[6]_CO[7])
                                                      0.115     5.541 r  u_soc/u_core/u_regfile/pc_reg_reg[0]_i_26/CO[7]
                         net (fo=1, routed)           0.026     5.567    u_soc/u_core/u_regfile/pc_reg_reg[0]_i_26_n_0
    SLICE_X95Y234        CARRY8 (Prop_CARRY8_SLICEL_CI_CO[2])
                                                      0.057     5.624 r  u_soc/u_core/u_regfile/pc_reg_reg[0]_i_9/CO[2]
                         net (fo=1, routed)           0.200     5.824    u_soc/u_core/u_regfile/pc_reg_reg[0]_i_9_n_5
    SLICE_X97Y233        LUT6 (Prop_F6LUT_SLICEL_I3_O)
                                                      0.148     5.972 r  u_soc/u_core/u_regfile/pc_reg[0]_i_4/O
                         net (fo=32, routed)          0.329     6.301    u_soc/u_core/u_regfile/branch_taken
    SLICE_X90Y235        LUT5 (Prop_B6LUT_SLICEL_I1_O)
                                                      0.148     6.449 r  u_soc/u_core/u_regfile/pc_reg[7]_i_4/O
                         net (fo=1, routed)           0.215     6.664    u_soc/u_core/u_regfile/pc_reg[7]_i_4_n_0
    SLICE_X90Y235        LUT3 (Prop_C5LUT_SLICEL_I2_O)
                                                      0.158     6.822 r  u_soc/u_core/u_regfile/pc_reg[7]_i_2/O
                         net (fo=2, routed)           0.332     7.154    u_soc/u_core/u_regfile/pc_next[7]
    SLICE_X88Y231        LUT5 (Prop_C6LUT_SLICEM_I4_O)
                                                      0.051     7.205 r  u_soc/u_core/u_regfile/mepc[7]_i_1/O
                         net (fo=1, routed)           0.066     7.271    u_soc/u_core/u_regfile_n_169
    SLICE_X88Y231        FDCE                                         r  u_soc/u_core/mepc_reg[7]/D
  -------------------------------------------------------------------    -------------------

                         (clock clk rise edge)        9.999     9.999 r  
    AH18                                              0.000     9.999 r  clk300_p (IN)
                         net (fo=0)                   0.079    10.078    u_ibufds/I
    HPIOBDIFFINBUF_X1Y36 DIFFINBUF (Prop_DIFFINBUF_HPIOBDIFFINBUF_DIFF_IN_P_O)
                                                      0.429    10.507 r  u_ibufds/DIFFINBUF_INST/O
                         net (fo=1, routed)           0.040    10.547    u_ibufds/OUT
    AH18                 IBUFCTRL (Prop_IBUFCTRL_HPIOB_M_I_O)
                                                      0.000    10.547 r  u_ibufds/IBUFCTRL_INST/O
                         net (fo=1, routed)           0.286    10.833    clk_ref
    BUFGCE_DIV_X1Y5      BUFGCE_DIV (Prop_BUFGCE_DIV_I_O)
                                                      0.132    10.965 r  u_div/O
    X2Y3 (CLOCK_ROOT)    net (fo=973, routed)         1.420    12.385    u_soc/u_core/clk
    SLICE_X88Y231        FDCE                                         r  u_soc/u_core/mepc_reg[7]/C
                         clock pessimism              0.291    12.676    
                         clock uncertainty           -0.035    12.640    
    SLICE_X88Y231        FDCE (Setup_CFF_SLICEM_C_D)
                                                      0.025    12.665    u_soc/u_core/mepc_reg[7]
  -------------------------------------------------------------------
                         required time                         12.665    
                         arrival time                          -7.271    
  -------------------------------------------------------------------
                         slack                                  5.394    





Min Delay Paths
--------------------------------------------------------------------------------------
Slack (MET) :             0.003ns  (arrival time - required time)
  Source:                 u_soc/u_core/mcycle_reg[3]/C
                            (rising edge-triggered cell FDCE clocked by clk  {rise@0.000ns fall@3.333ns period=9.999ns})
  Destination:            u_soc/u_core/mcycle_reg[8]/D
                            (rising edge-triggered cell FDCE clocked by clk  {rise@0.000ns fall@3.333ns period=9.999ns})
  Path Group:             clk
  Path Type:              Hold (Min at Slow Process Corner)
  Requirement:            0.000ns  (clk rise@0.000ns - clk rise@0.000ns)
  Data Path Delay:        0.245ns  (logic 0.168ns (68.459%)  route 0.077ns (31.541%))
  Logic Levels:           2  (CARRY8=2)
  Clock Path Skew:        0.182ns (DCD - SCD - CPR)
    Destination Clock Delay (DCD):    2.817ns
    Source Clock Delay      (SCD):    2.382ns
    Clock Pessimism Removal (CPR):    0.253ns
  Clock Net Delay (Source):      1.416ns (routing 0.696ns, distribution 0.720ns)
  Clock Net Delay (Destination): 1.668ns (routing 0.766ns, distribution 0.902ns)

    Location             Delay type                Incr(ns)  Path(ns)    Netlist Resource(s)
  -------------------------------------------------------------------    -------------------
                         (clock clk rise edge)        0.000     0.000 r  
    AH18                                              0.000     0.000 r  clk300_p (IN)
                         net (fo=0)                   0.079     0.079    u_ibufds/I
    HPIOBDIFFINBUF_X1Y36 DIFFINBUF (Prop_DIFFINBUF_HPIOBDIFFINBUF_DIFF_IN_P_O)
                                                      0.429     0.508 r  u_ibufds/DIFFINBUF_INST/O
                         net (fo=1, routed)           0.040     0.548    u_ibufds/OUT
    AH18                 IBUFCTRL (Prop_IBUFCTRL_HPIOB_M_I_O)
                                                      0.000     0.548 r  u_ibufds/IBUFCTRL_INST/O
                         net (fo=1, routed)           0.286     0.834    clk_ref
    BUFGCE_DIV_X1Y5      BUFGCE_DIV (Prop_BUFGCE_DIV_I_O)
                                                      0.132     0.966 r  u_div/O
    X2Y3 (CLOCK_ROOT)    net (fo=973, routed)         1.416     2.382    u_soc/u_core/clk
    SLICE_X85Y239        FDCE                                         r  u_soc/u_core/mcycle_reg[3]/C
  -------------------------------------------------------------------    -------------------
    SLICE_X85Y239        FDCE (Prop_DFF_SLICEL_C_Q)
                                                      0.059     2.441 r  u_soc/u_core/mcycle_reg[3]/Q
                         net (fo=2, routed)           0.064     2.505    u_soc/u_core/mcycle_reg_n_0_[3]
    SLICE_X85Y239        CARRY8 (Prop_CARRY8_SLICEL_S[3]_CO[7])
                                                      0.078     2.583 r  u_soc/u_core/mcycle_reg[0]_i_1/CO[7]
                         net (fo=1, routed)           0.004     2.587    u_soc/u_core/mcycle_reg[0]_i_1_n_0
    SLICE_X85Y240        CARRY8 (Prop_CARRY8_SLICEL_CI_O[0])
                                                      0.031     2.618 r  u_soc/u_core/mcycle_reg[8]_i_1/O[0]
                         net (fo=1, routed)           0.009     2.627    u_soc/u_core/mcycle_reg[8]_i_1_n_15
    SLICE_X85Y240        FDCE                                         r  u_soc/u_core/mcycle_reg[8]/D
  -------------------------------------------------------------------    -------------------

                         (clock clk rise edge)        0.000     0.000 r  
    AH18                                              0.000     0.000 r  clk300_p (IN)
                         net (fo=0)                   0.100     0.100    u_ibufds/I
    HPIOBDIFFINBUF_X1Y36 DIFFINBUF (Prop_DIFFINBUF_HPIOBDIFFINBUF_DIFF_IN_P_O)
                                                      0.525     0.625 r  u_ibufds/DIFFINBUF_INST/O
                         net (fo=1, routed)           0.050     0.675    u_ibufds/OUT
    AH18                 IBUFCTRL (Prop_IBUFCTRL_HPIOB_M_I_O)
                                                      0.000     0.675 r  u_ibufds/IBUFCTRL_INST/O
                         net (fo=1, routed)           0.322     0.997    clk_ref
    BUFGCE_DIV_X1Y5      BUFGCE_DIV (Prop_BUFGCE_DIV_I_O)
                                                      0.152     1.149 r  u_div/O
    X2Y3 (CLOCK_ROOT)    net (fo=973, routed)         1.668     2.817    u_soc/u_core/clk
    SLICE_X85Y240        FDCE                                         r  u_soc/u_core/mcycle_reg[8]/C
                         clock pessimism             -0.253     2.564    
    SLICE_X85Y240        FDCE (Hold_AFF_SLICEL_C_D)
                                                      0.060     2.624    u_soc/u_core/mcycle_reg[8]
  -------------------------------------------------------------------
                         required time                         -2.624    
                         arrival time                           2.627    
  -------------------------------------------------------------------
                         slack                                  0.003    

Slack (MET) :             0.010ns  (arrival time - required time)
  Source:                 u_soc/u_core/mcycle_reg[3]/C
                            (rising edge-triggered cell FDCE clocked by clk  {rise@0.000ns fall@3.333ns period=9.999ns})
  Destination:            u_soc/u_core/mcycle_reg[10]/D
                            (rising edge-triggered cell FDCE clocked by clk  {rise@0.000ns fall@3.333ns period=9.999ns})
  Path Group:             clk
  Path Type:              Hold (Min at Slow Process Corner)
  Requirement:            0.000ns  (clk rise@0.000ns - clk rise@0.000ns)
  Data Path Delay:        0.252ns  (logic 0.174ns (68.937%)  route 0.078ns (31.063%))
  Logic Levels:           2  (CARRY8=2)
  Clock Path Skew:        0.182ns (DCD - SCD - CPR)
    Destination Clock Delay (DCD):    2.817ns
    Source Clock Delay      (SCD):    2.382ns
    Clock Pessimism Removal (CPR):    0.253ns
  Clock Net Delay (Source):      1.416ns (routing 0.696ns, distribution 0.720ns)
  Clock Net Delay (Destination): 1.668ns (routing 0.766ns, distribution 0.902ns)

    Location             Delay type                Incr(ns)  Path(ns)    Netlist Resource(s)
  -------------------------------------------------------------------    -------------------
                         (clock clk rise edge)        0.000     0.000 r  
    AH18                                              0.000     0.000 r  clk300_p (IN)
                         net (fo=0)                   0.079     0.079    u_ibufds/I
    HPIOBDIFFINBUF_X1Y36 DIFFINBUF (Prop_DIFFINBUF_HPIOBDIFFINBUF_DIFF_IN_P_O)
                                                      0.429     0.508 r  u_ibufds/DIFFINBUF_INST/O
                         net (fo=1, routed)           0.040     0.548    u_ibufds/OUT
    AH18                 IBUFCTRL (Prop_IBUFCTRL_HPIOB_M_I_O)
                                                      0.000     0.548 r  u_ibufds/IBUFCTRL_INST/O
                         net (fo=1, routed)           0.286     0.834    clk_ref
    BUFGCE_DIV_X1Y5      BUFGCE_DIV (Prop_BUFGCE_DIV_I_O)
                                                      0.132     0.966 r  u_div/O
    X2Y3 (CLOCK_ROOT)    net (fo=973, routed)         1.416     2.382    u_soc/u_core/clk
    SLICE_X85Y239        FDCE                                         r  u_soc/u_core/mcycle_reg[3]/C
  -------------------------------------------------------------------    -------------------
    SLICE_X85Y239        FDCE (Prop_DFF_SLICEL_C_Q)
                                                      0.059     2.441 r  u_soc/u_core/mcycle_reg[3]/Q
                         net (fo=2, routed)           0.064     2.505    u_soc/u_core/mcycle_reg_n_0_[3]
    SLICE_X85Y239        CARRY8 (Prop_CARRY8_SLICEL_S[3]_CO[7])
                                                      0.078     2.583 r  u_soc/u_core/mcycle_reg[0]_i_1/CO[7]
                         net (fo=1, routed)           0.004     2.587    u_soc/u_core/mcycle_reg[0]_i_1_n_0
    SLICE_X85Y240        CARRY8 (Prop_CARRY8_SLICEL_CI_O[2])
                                                      0.037     2.624 r  u_soc/u_core/mcycle_reg[8]_i_1/O[2]
                         net (fo=1, routed)           0.010     2.634    u_soc/u_core/mcycle_reg[8]_i_1_n_13
    SLICE_X85Y240        FDCE                                         r  u_soc/u_core/mcycle_reg[10]/D
  -------------------------------------------------------------------    -------------------

                         (clock clk rise edge)        0.000     0.000 r  
    AH18                                              0.000     0.000 r  clk300_p (IN)
                         net (fo=0)                   0.100     0.100    u_ibufds/I
    HPIOBDIFFINBUF_X1Y36 DIFFINBUF (Prop_DIFFINBUF_HPIOBDIFFINBUF_DIFF_IN_P_O)
                                                      0.525     0.625 r  u_ibufds/DIFFINBUF_INST/O
                         net (fo=1, routed)           0.050     0.675    u_ibufds/OUT
    AH18                 IBUFCTRL (Prop_IBUFCTRL_HPIOB_M_I_O)
                                                      0.000     0.675 r  u_ibufds/IBUFCTRL_INST/O
                         net (fo=1, routed)           0.322     0.997    clk_ref
    BUFGCE_DIV_X1Y5      BUFGCE_DIV (Prop_BUFGCE_DIV_I_O)
                                                      0.152     1.149 r  u_div/O
    X2Y3 (CLOCK_ROOT)    net (fo=973, routed)         1.668     2.817    u_soc/u_core/clk
    SLICE_X85Y240        FDCE                                         r  u_soc/u_core/mcycle_reg[10]/C
                         clock pessimism             -0.253     2.564    
    SLICE_X85Y240        FDCE (Hold_CFF_SLICEL_C_D)
                                                      0.060     2.624    u_soc/u_core/mcycle_reg[10]
  -------------------------------------------------------------------
                         required time                         -2.624    
                         arrival time                           2.634    
  -------------------------------------------------------------------
                         slack                                  0.010    

Slack (MET) :             0.014ns  (arrival time - required time)
  Source:                 u_soc/u_core/minstret_reg[10]/C
                            (rising edge-triggered cell FDCE clocked by clk  {rise@0.000ns fall@3.333ns period=9.999ns})
  Destination:            u_soc/u_core/minstret_reg[16]/D
                            (rising edge-triggered cell FDCE clocked by clk  {rise@0.000ns fall@3.333ns period=9.999ns})
  Path Group:             clk
  Path Type:              Hold (Min at Slow Process Corner)
  Requirement:            0.000ns  (clk rise@0.000ns - clk rise@0.000ns)
  Data Path Delay:        0.273ns  (logic 0.181ns (66.202%)  route 0.092ns (33.798%))
  Logic Levels:           2  (CARRY8=2)
  Clock Path Skew:        0.199ns (DCD - SCD - CPR)
    Destination Clock Delay (DCD):    2.839ns
    Source Clock Delay      (SCD):    2.387ns
    Clock Pessimism Removal (CPR):    0.253ns
  Clock Net Delay (Source):      1.421ns (routing 0.696ns, distribution 0.725ns)
  Clock Net Delay (Destination): 1.690ns (routing 0.766ns, distribution 0.924ns)

    Location             Delay type                Incr(ns)  Path(ns)    Netlist Resource(s)
  -------------------------------------------------------------------    -------------------
                         (clock clk rise edge)        0.000     0.000 r  
    AH18                                              0.000     0.000 r  clk300_p (IN)
                         net (fo=0)                   0.079     0.079    u_ibufds/I
    HPIOBDIFFINBUF_X1Y36 DIFFINBUF (Prop_DIFFINBUF_HPIOBDIFFINBUF_DIFF_IN_P_O)
                                                      0.429     0.508 r  u_ibufds/DIFFINBUF_INST/O
                         net (fo=1, routed)           0.040     0.548    u_ibufds/OUT
    AH18                 IBUFCTRL (Prop_IBUFCTRL_HPIOB_M_I_O)
                                                      0.000     0.548 r  u_ibufds/IBUFCTRL_INST/O
                         net (fo=1, routed)           0.286     0.834    clk_ref
    BUFGCE_DIV_X1Y5      BUFGCE_DIV (Prop_BUFGCE_DIV_I_O)
                                                      0.132     0.966 r  u_div/O
    X2Y3 (CLOCK_ROOT)    net (fo=973, routed)         1.421     2.387    u_soc/u_core/clk
    SLICE_X86Y239        FDCE                                         r  u_soc/u_core/minstret_reg[10]/C
  -------------------------------------------------------------------    -------------------
    SLICE_X86Y239        FDCE (Prop_CFF_SLICEM_C_Q)
                                                      0.058     2.445 r  u_soc/u_core/minstret_reg[10]/Q
                         net (fo=2, routed)           0.079     2.524    u_soc/u_core/minstret_reg_n_0_[10]
    SLICE_X86Y239        CARRY8 (Prop_CARRY8_SLICEM_S[2]_CO[7])
                                                      0.092     2.616 r  u_soc/u_core/minstret_reg[8]_i_1/CO[7]
                         net (fo=1, routed)           0.004     2.620    u_soc/u_core/minstret_reg[8]_i_1_n_0
    SLICE_X86Y240        CARRY8 (Prop_CARRY8_SLICEM_CI_O[0])
                                                      0.031     2.651 r  u_soc/u_core/minstret_reg[16]_i_1/O[0]
                         net (fo=1, routed)           0.009     2.660    u_soc/u_core/minstret_reg[16]_i_1_n_15
    SLICE_X86Y240        FDCE                                         r  u_soc/u_core/minstret_reg[16]/D
  -------------------------------------------------------------------    -------------------

                         (clock clk rise edge)        0.000     0.000 r  
    AH18                                              0.000     0.000 r  clk300_p (IN)
                         net (fo=0)                   0.100     0.100    u_ibufds/I
    HPIOBDIFFINBUF_X1Y36 DIFFINBUF (Prop_DIFFINBUF_HPIOBDIFFINBUF_DIFF_IN_P_O)
                                                      0.525     0.625 r  u_ibufds/DIFFINBUF_INST/O
                         net (fo=1, routed)           0.050     0.675    u_ibufds/OUT
    AH18                 IBUFCTRL (Prop_IBUFCTRL_HPIOB_M_I_O)
                                                      0.000     0.675 r  u_ibufds/IBUFCTRL_INST/O
                         net (fo=1, routed)           0.322     0.997    clk_ref
    BUFGCE_DIV_X1Y5      BUFGCE_DIV (Prop_BUFGCE_DIV_I_O)
                                                      0.152     1.149 r  u_div/O
    X2Y3 (CLOCK_ROOT)    net (fo=973, routed)         1.690     2.839    u_soc/u_core/clk
    SLICE_X86Y240        FDCE                                         r  u_soc/u_core/minstret_reg[16]/C
                         clock pessimism             -0.253     2.586    
    SLICE_X86Y240        FDCE (Hold_AFF_SLICEM_C_D)
                                                      0.060     2.646    u_soc/u_core/minstret_reg[16]
  -------------------------------------------------------------------
                         required time                         -2.646    
                         arrival time                           2.660    
  -------------------------------------------------------------------
                         slack                                  0.014    

Slack (MET) :             0.020ns  (arrival time - required time)
  Source:                 u_soc/u_core/mcycle_reg[3]/C
                            (rising edge-triggered cell FDCE clocked by clk  {rise@0.000ns fall@3.333ns period=9.999ns})
  Destination:            u_soc/u_core/mcycle_reg[12]/D
                            (rising edge-triggered cell FDCE clocked by clk  {rise@0.000ns fall@3.333ns period=9.999ns})
  Path Group:             clk
  Path Type:              Hold (Min at Slow Process Corner)
  Requirement:            0.000ns  (clk rise@0.000ns - clk rise@0.000ns)
  Data Path Delay:        0.267ns  (logic 0.190ns (71.054%)  route 0.077ns (28.946%))
  Logic Levels:           2  (CARRY8=2)
  Clock Path Skew:        0.187ns (DCD - SCD - CPR)
    Destination Clock Delay (DCD):    2.822ns
    Source Clock Delay      (SCD):    2.382ns
    Clock Pessimism Removal (CPR):    0.253ns
  Clock Net Delay (Source):      1.416ns (routing 0.696ns, distribution 0.720ns)
  Clock Net Delay (Destination): 1.673ns (routing 0.766ns, distribution 0.907ns)

    Location             Delay type                Incr(ns)  Path(ns)    Netlist Resource(s)
  -------------------------------------------------------------------    -------------------
                         (clock clk rise edge)        0.000     0.000 r  
    AH18                                              0.000     0.000 r  clk300_p (IN)
                         net (fo=0)                   0.079     0.079    u_ibufds/I
    HPIOBDIFFINBUF_X1Y36 DIFFINBUF (Prop_DIFFINBUF_HPIOBDIFFINBUF_DIFF_IN_P_O)
                                                      0.429     0.508 r  u_ibufds/DIFFINBUF_INST/O
                         net (fo=1, routed)           0.040     0.548    u_ibufds/OUT
    AH18                 IBUFCTRL (Prop_IBUFCTRL_HPIOB_M_I_O)
                                                      0.000     0.548 r  u_ibufds/IBUFCTRL_INST/O
                         net (fo=1, routed)           0.286     0.834    clk_ref
    BUFGCE_DIV_X1Y5      BUFGCE_DIV (Prop_BUFGCE_DIV_I_O)
                                                      0.132     0.966 r  u_div/O
    X2Y3 (CLOCK_ROOT)    net (fo=973, routed)         1.416     2.382    u_soc/u_core/clk
    SLICE_X85Y239        FDCE                                         r  u_soc/u_core/mcycle_reg[3]/C
  -------------------------------------------------------------------    -------------------
    SLICE_X85Y239        FDCE (Prop_DFF_SLICEL_C_Q)
                                                      0.059     2.441 r  u_soc/u_core/mcycle_reg[3]/Q
                         net (fo=2, routed)           0.064     2.505    u_soc/u_core/mcycle_reg_n_0_[3]
    SLICE_X85Y239        CARRY8 (Prop_CARRY8_SLICEL_S[3]_CO[7])
                                                      0.078     2.583 r  u_soc/u_core/mcycle_reg[0]_i_1/CO[7]
                         net (fo=1, routed)           0.004     2.587    u_soc/u_core/mcycle_reg[0]_i_1_n_0
    SLICE_X85Y240        CARRY8 (Prop_CARRY8_SLICEL_CI_O[4])
                                                      0.053     2.640 r  u_soc/u_core/mcycle_reg[8]_i_1/O[4]
                         net (fo=1, routed)           0.009     2.649    u_soc/u_core/mcycle_reg[8]_i_1_n_11
    SLICE_X85Y240        FDCE                                         r  u_soc/u_core/mcycle_reg[12]/D
  -------------------------------------------------------------------    -------------------

                         (clock clk rise edge)        0.000     0.000 r  
    AH18                                              0.000     0.000 r  clk300_p (IN)
                         net (fo=0)                   0.100     0.100    u_ibufds/I
    HPIOBDIFFINBUF_X1Y36 DIFFINBUF (Prop_DIFFINBUF_HPIOBDIFFINBUF_DIFF_IN_P_O)
                                                      0.525     0.625 r  u_ibufds/DIFFINBUF_INST/O
                         net (fo=1, routed)           0.050     0.675    u_ibufds/OUT
    AH18                 IBUFCTRL (Prop_IBUFCTRL_HPIOB_M_I_O)
                                                      0.000     0.675 r  u_ibufds/IBUFCTRL_INST/O
                         net (fo=1, routed)           0.322     0.997    clk_ref
    BUFGCE_DIV_X1Y5      BUFGCE_DIV (Prop_BUFGCE_DIV_I_O)
                                                      0.152     1.149 r  u_div/O
    X2Y3 (CLOCK_ROOT)    net (fo=973, routed)         1.673     2.822    u_soc/u_core/clk
    SLICE_X85Y240        FDCE                                         r  u_soc/u_core/mcycle_reg[12]/C
                         clock pessimism             -0.253     2.569    
    SLICE_X85Y240        FDCE (Hold_EFF_SLICEL_C_D)
                                                      0.060     2.629    u_soc/u_core/mcycle_reg[12]
  -------------------------------------------------------------------
                         required time                         -2.629    
                         arrival time                           2.649    
  -------------------------------------------------------------------
                         slack                                  0.020    

Slack (MET) :             0.021ns  (arrival time - required time)
  Source:                 u_soc/u_core/mcycle_reg[3]/C
                            (rising edge-triggered cell FDCE clocked by clk  {rise@0.000ns fall@3.333ns period=9.999ns})
  Destination:            u_soc/u_core/mcycle_reg[16]/D
                            (rising edge-triggered cell FDCE clocked by clk  {rise@0.000ns fall@3.333ns period=9.999ns})
  Path Group:             clk
  Path Type:              Hold (Min at Slow Process Corner)
  Requirement:            0.000ns  (clk rise@0.000ns - clk rise@0.000ns)
  Data Path Delay:        0.274ns  (logic 0.193ns (70.334%)  route 0.081ns (29.666%))
  Logic Levels:           3  (CARRY8=3)
  Clock Path Skew:        0.193ns (DCD - SCD - CPR)
    Destination Clock Delay (DCD):    2.828ns
    Source Clock Delay      (SCD):    2.382ns
    Clock Pessimism Removal (CPR):    0.253ns
  Clock Net Delay (Source):      1.416ns (routing 0.696ns, distribution 0.720ns)
  Clock Net Delay (Destination): 1.679ns (routing 0.766ns, distribution 0.913ns)

    Location             Delay type                Incr(ns)  Path(ns)    Netlist Resource(s)
  -------------------------------------------------------------------    -------------------
                         (clock clk rise edge)        0.000     0.000 r  
    AH18                                              0.000     0.000 r  clk300_p (IN)
                         net (fo=0)                   0.079     0.079    u_ibufds/I
    HPIOBDIFFINBUF_X1Y36 DIFFINBUF (Prop_DIFFINBUF_HPIOBDIFFINBUF_DIFF_IN_P_O)
                                                      0.429     0.508 r  u_ibufds/DIFFINBUF_INST/O
                         net (fo=1, routed)           0.040     0.548    u_ibufds/OUT
    AH18                 IBUFCTRL (Prop_IBUFCTRL_HPIOB_M_I_O)
                                                      0.000     0.548 r  u_ibufds/IBUFCTRL_INST/O
                         net (fo=1, routed)           0.286     0.834    clk_ref
    BUFGCE_DIV_X1Y5      BUFGCE_DIV (Prop_BUFGCE_DIV_I_O)
                                                      0.132     0.966 r  u_div/O
    X2Y3 (CLOCK_ROOT)    net (fo=973, routed)         1.416     2.382    u_soc/u_core/clk
    SLICE_X85Y239        FDCE                                         r  u_soc/u_core/mcycle_reg[3]/C
  -------------------------------------------------------------------    -------------------
    SLICE_X85Y239        FDCE (Prop_DFF_SLICEL_C_Q)
                                                      0.059     2.441 r  u_soc/u_core/mcycle_reg[3]/Q
                         net (fo=2, routed)           0.064     2.505    u_soc/u_core/mcycle_reg_n_0_[3]
    SLICE_X85Y239        CARRY8 (Prop_CARRY8_SLICEL_S[3]_CO[7])
                                                      0.078     2.583 r  u_soc/u_core/mcycle_reg[0]_i_1/CO[7]
                         net (fo=1, routed)           0.004     2.587    u_soc/u_core/mcycle_reg[0]_i_1_n_0
    SLICE_X85Y240        CARRY8 (Prop_CARRY8_SLICEL_CI_CO[7])
                                                      0.025     2.612 r  u_soc/u_core/mcycle_reg[8]_i_1/CO[7]
                         net (fo=1, routed)           0.004     2.616    u_soc/u_core/mcycle_reg[8]_i_1_n_0
    SLICE_X85Y241        CARRY8 (Prop_CARRY8_SLICEL_CI_O[0])
                                                      0.031     2.647 r  u_soc/u_core/mcycle_reg[16]_i_1/O[0]
                         net (fo=1, routed)           0.009     2.656    u_soc/u_core/mcycle_reg[16]_i_1_n_15
    SLICE_X85Y241        FDCE                                         r  u_soc/u_core/mcycle_reg[16]/D
  -------------------------------------------------------------------    -------------------

                         (clock clk rise edge)        0.000     0.000 r  
    AH18                                              0.000     0.000 r  clk300_p (IN)
                         net (fo=0)                   0.100     0.100    u_ibufds/I
    HPIOBDIFFINBUF_X1Y36 DIFFINBUF (Prop_DIFFINBUF_HPIOBDIFFINBUF_DIFF_IN_P_O)
                                                      0.525     0.625 r  u_ibufds/DIFFINBUF_INST/O
                         net (fo=1, routed)           0.050     0.675    u_ibufds/OUT
    AH18                 IBUFCTRL (Prop_IBUFCTRL_HPIOB_M_I_O)
                                                      0.000     0.675 r  u_ibufds/IBUFCTRL_INST/O
                         net (fo=1, routed)           0.322     0.997    clk_ref
    BUFGCE_DIV_X1Y5      BUFGCE_DIV (Prop_BUFGCE_DIV_I_O)
                                                      0.152     1.149 r  u_div/O
    X2Y3 (CLOCK_ROOT)    net (fo=973, routed)         1.679     2.828    u_soc/u_core/clk
    SLICE_X85Y241        FDCE                                         r  u_soc/u_core/mcycle_reg[16]/C
                         clock pessimism             -0.253     2.575    
    SLICE_X85Y241        FDCE (Hold_AFF_SLICEL_C_D)
                                                      0.060     2.635    u_soc/u_core/mcycle_reg[16]
  -------------------------------------------------------------------
                         required time                         -2.635    
                         arrival time                           2.656    
  -------------------------------------------------------------------
                         slack                                  0.021    

Slack (MET) :             0.021ns  (arrival time - required time)
  Source:                 u_soc/u_core/minstret_reg[10]/C
                            (rising edge-triggered cell FDCE clocked by clk  {rise@0.000ns fall@3.333ns period=9.999ns})
  Destination:            u_soc/u_core/minstret_reg[18]/D
                            (rising edge-triggered cell FDCE clocked by clk  {rise@0.000ns fall@3.333ns period=9.999ns})
  Path Group:             clk
  Path Type:              Hold (Min at Slow Process Corner)
  Requirement:            0.000ns  (clk rise@0.000ns - clk rise@0.000ns)
  Data Path Delay:        0.280ns  (logic 0.187ns (66.690%)  route 0.093ns (33.311%))
  Logic Levels:           2  (CARRY8=2)
  Clock Path Skew:        0.199ns (DCD - SCD - CPR)
    Destination Clock Delay (DCD):    2.839ns
    Source Clock Delay      (SCD):    2.387ns
    Clock Pessimism Removal (CPR):    0.253ns
  Clock Net Delay (Source):      1.421ns (routing 0.696ns, distribution 0.725ns)
  Clock Net Delay (Destination): 1.690ns (routing 0.766ns, distribution 0.924ns)

    Location             Delay type                Incr(ns)  Path(ns)    Netlist Resource(s)
  -------------------------------------------------------------------    -------------------
                         (clock clk rise edge)        0.000     0.000 r  
    AH18                                              0.000     0.000 r  clk300_p (IN)
                         net (fo=0)                   0.079     0.079    u_ibufds/I
    HPIOBDIFFINBUF_X1Y36 DIFFINBUF (Prop_DIFFINBUF_HPIOBDIFFINBUF_DIFF_IN_P_O)
                                                      0.429     0.508 r  u_ibufds/DIFFINBUF_INST/O
                         net (fo=1, routed)           0.040     0.548    u_ibufds/OUT
    AH18                 IBUFCTRL (Prop_IBUFCTRL_HPIOB_M_I_O)
                                                      0.000     0.548 r  u_ibufds/IBUFCTRL_INST/O
                         net (fo=1, routed)           0.286     0.834    clk_ref
    BUFGCE_DIV_X1Y5      BUFGCE_DIV (Prop_BUFGCE_DIV_I_O)
                                                      0.132     0.966 r  u_div/O
    X2Y3 (CLOCK_ROOT)    net (fo=973, routed)         1.421     2.387    u_soc/u_core/clk
    SLICE_X86Y239        FDCE                                         r  u_soc/u_core/minstret_reg[10]/C
  -------------------------------------------------------------------    -------------------
    SLICE_X86Y239        FDCE (Prop_CFF_SLICEM_C_Q)
                                                      0.058     2.445 r  u_soc/u_core/minstret_reg[10]/Q
                         net (fo=2, routed)           0.079     2.524    u_soc/u_core/minstret_reg_n_0_[10]
    SLICE_X86Y239        CARRY8 (Prop_CARRY8_SLICEM_S[2]_CO[7])
                                                      0.092     2.616 r  u_soc/u_core/minstret_reg[8]_i_1/CO[7]
                         net (fo=1, routed)           0.004     2.620    u_soc/u_core/minstret_reg[8]_i_1_n_0
    SLICE_X86Y240        CARRY8 (Prop_CARRY8_SLICEM_CI_O[2])
                                                      0.037     2.657 r  u_soc/u_core/minstret_reg[16]_i_1/O[2]
                         net (fo=1, routed)           0.010     2.667    u_soc/u_core/minstret_reg[16]_i_1_n_13
    SLICE_X86Y240        FDCE                                         r  u_soc/u_core/minstret_reg[18]/D
  -------------------------------------------------------------------    -------------------

                         (clock clk rise edge)        0.000     0.000 r  
    AH18                                              0.000     0.000 r  clk300_p (IN)
                         net (fo=0)                   0.100     0.100    u_ibufds/I
    HPIOBDIFFINBUF_X1Y36 DIFFINBUF (Prop_DIFFINBUF_HPIOBDIFFINBUF_DIFF_IN_P_O)
                                                      0.525     0.625 r  u_ibufds/DIFFINBUF_INST/O
                         net (fo=1, routed)           0.050     0.675    u_ibufds/OUT
    AH18                 IBUFCTRL (Prop_IBUFCTRL_HPIOB_M_I_O)
                                                      0.000     0.675 r  u_ibufds/IBUFCTRL_INST/O
                         net (fo=1, routed)           0.322     0.997    clk_ref
    BUFGCE_DIV_X1Y5      BUFGCE_DIV (Prop_BUFGCE_DIV_I_O)
                                                      0.152     1.149 r  u_div/O
    X2Y3 (CLOCK_ROOT)    net (fo=973, routed)         1.690     2.839    u_soc/u_core/clk
    SLICE_X86Y240        FDCE                                         r  u_soc/u_core/minstret_reg[18]/C
                         clock pessimism             -0.253     2.586    
    SLICE_X86Y240        FDCE (Hold_CFF_SLICEM_C_D)
                                                      0.060     2.646    u_soc/u_core/minstret_reg[18]
  -------------------------------------------------------------------
                         required time                         -2.646    
                         arrival time                           2.667    
  -------------------------------------------------------------------
                         slack                                  0.021    

Slack (MET) :             0.021ns  (arrival time - required time)
  Source:                 u_soc/u_core/mcycle_reg[3]/C
                            (rising edge-triggered cell FDCE clocked by clk  {rise@0.000ns fall@3.333ns period=9.999ns})
  Destination:            u_soc/u_core/mcycle_reg[9]/D
                            (rising edge-triggered cell FDCE clocked by clk  {rise@0.000ns fall@3.333ns period=9.999ns})
  Path Group:             clk
  Path Type:              Hold (Min at Slow Process Corner)
  Requirement:            0.000ns  (clk rise@0.000ns - clk rise@0.000ns)
  Data Path Delay:        0.263ns  (logic 0.185ns (70.234%)  route 0.078ns (29.766%))
  Logic Levels:           2  (CARRY8=2)
  Clock Path Skew:        0.182ns (DCD - SCD - CPR)
    Destination Clock Delay (DCD):    2.817ns
    Source Clock Delay      (SCD):    2.382ns
    Clock Pessimism Removal (CPR):    0.253ns
  Clock Net Delay (Source):      1.416ns (routing 0.696ns, distribution 0.720ns)
  Clock Net Delay (Destination): 1.668ns (routing 0.766ns, distribution 0.902ns)

    Location             Delay type                Incr(ns)  Path(ns)    Netlist Resource(s)
  -------------------------------------------------------------------    -------------------
                         (clock clk rise edge)        0.000     0.000 r  
    AH18                                              0.000     0.000 r  clk300_p (IN)
                         net (fo=0)                   0.079     0.079    u_ibufds/I
    HPIOBDIFFINBUF_X1Y36 DIFFINBUF (Prop_DIFFINBUF_HPIOBDIFFINBUF_DIFF_IN_P_O)
                                                      0.429     0.508 r  u_ibufds/DIFFINBUF_INST/O
                         net (fo=1, routed)           0.040     0.548    u_ibufds/OUT
    AH18                 IBUFCTRL (Prop_IBUFCTRL_HPIOB_M_I_O)
                                                      0.000     0.548 r  u_ibufds/IBUFCTRL_INST/O
                         net (fo=1, routed)           0.286     0.834    clk_ref
    BUFGCE_DIV_X1Y5      BUFGCE_DIV (Prop_BUFGCE_DIV_I_O)
                                                      0.132     0.966 r  u_div/O
    X2Y3 (CLOCK_ROOT)    net (fo=973, routed)         1.416     2.382    u_soc/u_core/clk
    SLICE_X85Y239        FDCE                                         r  u_soc/u_core/mcycle_reg[3]/C
  -------------------------------------------------------------------    -------------------
    SLICE_X85Y239        FDCE (Prop_DFF_SLICEL_C_Q)
                                                      0.059     2.441 r  u_soc/u_core/mcycle_reg[3]/Q
                         net (fo=2, routed)           0.064     2.505    u_soc/u_core/mcycle_reg_n_0_[3]
    SLICE_X85Y239        CARRY8 (Prop_CARRY8_SLICEL_S[3]_CO[7])
                                                      0.078     2.583 r  u_soc/u_core/mcycle_reg[0]_i_1/CO[7]
                         net (fo=1, routed)           0.004     2.587    u_soc/u_core/mcycle_reg[0]_i_1_n_0
    SLICE_X85Y240        CARRY8 (Prop_CARRY8_SLICEL_CI_O[1])
                                                      0.048     2.635 r  u_soc/u_core/mcycle_reg[8]_i_1/O[1]
                         net (fo=1, routed)           0.010     2.645    u_soc/u_core/mcycle_reg[8]_i_1_n_14
    SLICE_X85Y240        FDCE                                         r  u_soc/u_core/mcycle_reg[9]/D
  -------------------------------------------------------------------    -------------------

                         (clock clk rise edge)        0.000     0.000 r  
    AH18                                              0.000     0.000 r  clk300_p (IN)
                         net (fo=0)                   0.100     0.100    u_ibufds/I
    HPIOBDIFFINBUF_X1Y36 DIFFINBUF (Prop_DIFFINBUF_HPIOBDIFFINBUF_DIFF_IN_P_O)
                                                      0.525     0.625 r  u_ibufds/DIFFINBUF_INST/O
                         net (fo=1, routed)           0.050     0.675    u_ibufds/OUT
    AH18                 IBUFCTRL (Prop_IBUFCTRL_HPIOB_M_I_O)
                                                      0.000     0.675 r  u_ibufds/IBUFCTRL_INST/O
                         net (fo=1, routed)           0.322     0.997    clk_ref
    BUFGCE_DIV_X1Y5      BUFGCE_DIV (Prop_BUFGCE_DIV_I_O)
                                                      0.152     1.149 r  u_div/O
    X2Y3 (CLOCK_ROOT)    net (fo=973, routed)         1.668     2.817    u_soc/u_core/clk
    SLICE_X85Y240        FDCE                                         r  u_soc/u_core/mcycle_reg[9]/C
                         clock pessimism             -0.253     2.564    
    SLICE_X85Y240        FDCE (Hold_BFF_SLICEL_C_D)
                                                      0.060     2.624    u_soc/u_core/mcycle_reg[9]
  -------------------------------------------------------------------
                         required time                         -2.624    
                         arrival time                           2.645    
  -------------------------------------------------------------------
                         slack                                  0.021    

Slack (MET) :             0.025ns  (arrival time - required time)
  Source:                 u_soc/u_core/mcycle_reg[3]/C
                            (rising edge-triggered cell FDCE clocked by clk  {rise@0.000ns fall@3.333ns period=9.999ns})
  Destination:            u_soc/u_core/mcycle_reg[11]/D
                            (rising edge-triggered cell FDCE clocked by clk  {rise@0.000ns fall@3.333ns period=9.999ns})
  Path Group:             clk
  Path Type:              Hold (Min at Slow Process Corner)
  Requirement:            0.000ns  (clk rise@0.000ns - clk rise@0.000ns)
  Data Path Delay:        0.267ns  (logic 0.189ns (70.680%)  route 0.078ns (29.320%))
  Logic Levels:           2  (CARRY8=2)
  Clock Path Skew:        0.182ns (DCD - SCD - CPR)
    Destination Clock Delay (DCD):    2.817ns
    Source Clock Delay      (SCD):    2.382ns
    Clock Pessimism Removal (CPR):    0.253ns
  Clock Net Delay (Source):      1.416ns (routing 0.696ns, distribution 0.720ns)
  Clock Net Delay (Destination): 1.668ns (routing 0.766ns, distribution 0.902ns)

    Location             Delay type                Incr(ns)  Path(ns)    Netlist Resource(s)
  -------------------------------------------------------------------    -------------------
                         (clock clk rise edge)        0.000     0.000 r  
    AH18                                              0.000     0.000 r  clk300_p (IN)
                         net (fo=0)                   0.079     0.079    u_ibufds/I
    HPIOBDIFFINBUF_X1Y36 DIFFINBUF (Prop_DIFFINBUF_HPIOBDIFFINBUF_DIFF_IN_P_O)
                                                      0.429     0.508 r  u_ibufds/DIFFINBUF_INST/O
                         net (fo=1, routed)           0.040     0.548    u_ibufds/OUT
    AH18                 IBUFCTRL (Prop_IBUFCTRL_HPIOB_M_I_O)
                                                      0.000     0.548 r  u_ibufds/IBUFCTRL_INST/O
                         net (fo=1, routed)           0.286     0.834    clk_ref
    BUFGCE_DIV_X1Y5      BUFGCE_DIV (Prop_BUFGCE_DIV_I_O)
                                                      0.132     0.966 r  u_div/O
    X2Y3 (CLOCK_ROOT)    net (fo=973, routed)         1.416     2.382    u_soc/u_core/clk
    SLICE_X85Y239        FDCE                                         r  u_soc/u_core/mcycle_reg[3]/C
  -------------------------------------------------------------------    -------------------
    SLICE_X85Y239        FDCE (Prop_DFF_SLICEL_C_Q)
                                                      0.059     2.441 r  u_soc/u_core/mcycle_reg[3]/Q
                         net (fo=2, routed)           0.064     2.505    u_soc/u_core/mcycle_reg_n_0_[3]
    SLICE_X85Y239        CARRY8 (Prop_CARRY8_SLICEL_S[3]_CO[7])
                                                      0.078     2.583 r  u_soc/u_core/mcycle_reg[0]_i_1/CO[7]
                         net (fo=1, routed)           0.004     2.587    u_soc/u_core/mcycle_reg[0]_i_1_n_0
    SLICE_X85Y240        CARRY8 (Prop_CARRY8_SLICEL_CI_O[3])
                                                      0.052     2.639 r  u_soc/u_core/mcycle_reg[8]_i_1/O[3]
                         net (fo=1, routed)           0.010     2.649    u_soc/u_core/mcycle_reg[8]_i_1_n_12
    SLICE_X85Y240        FDCE                                         r  u_soc/u_core/mcycle_reg[11]/D
  -------------------------------------------------------------------    -------------------

                         (clock clk rise edge)        0.000     0.000 r  
    AH18                                              0.000     0.000 r  clk300_p (IN)
                         net (fo=0)                   0.100     0.100    u_ibufds/I
    HPIOBDIFFINBUF_X1Y36 DIFFINBUF (Prop_DIFFINBUF_HPIOBDIFFINBUF_DIFF_IN_P_O)
                                                      0.525     0.625 r  u_ibufds/DIFFINBUF_INST/O
                         net (fo=1, routed)           0.050     0.675    u_ibufds/OUT
    AH18                 IBUFCTRL (Prop_IBUFCTRL_HPIOB_M_I_O)
                                                      0.000     0.675 r  u_ibufds/IBUFCTRL_INST/O
                         net (fo=1, routed)           0.322     0.997    clk_ref
    BUFGCE_DIV_X1Y5      BUFGCE_DIV (Prop_BUFGCE_DIV_I_O)
                                                      0.152     1.149 r  u_div/O
    X2Y3 (CLOCK_ROOT)    net (fo=973, routed)         1.668     2.817    u_soc/u_core/clk
    SLICE_X85Y240        FDCE                                         r  u_soc/u_core/mcycle_reg[11]/C
                         clock pessimism             -0.253     2.564    
    SLICE_X85Y240        FDCE (Hold_DFF_SLICEL_C_D)
                                                      0.060     2.624    u_soc/u_core/mcycle_reg[11]
  -------------------------------------------------------------------
                         required time                         -2.624    
                         arrival time                           2.649    
  -------------------------------------------------------------------
                         slack                                  0.025    

Slack (MET) :             0.027ns  (arrival time - required time)
  Source:                 u_soc/u_core/rd_wdata_reg[14]/C
                            (rising edge-triggered cell FDCE clocked by clk  {rise@0.000ns fall@3.333ns period=9.999ns})
  Destination:            u_soc/u_core/u_regfile/regs_reg_r2_0_31_14_27/RAMA/I
                            (rising edge-triggered cell RAMD32 clocked by clk  {rise@0.000ns fall@3.333ns period=9.999ns})
  Path Group:             clk
  Path Type:              Hold (Min at Slow Process Corner)
  Requirement:            0.000ns  (clk rise@0.000ns - clk rise@0.000ns)
  Data Path Delay:        0.219ns  (logic 0.058ns (26.444%)  route 0.161ns (73.556%))
  Logic Levels:           0  
  Clock Path Skew:        0.118ns (DCD - SCD - CPR)
    Destination Clock Delay (DCD):    2.856ns
    Source Clock Delay      (SCD):    2.442ns
    Clock Pessimism Removal (CPR):    0.297ns
  Clock Net Delay (Source):      1.476ns (routing 0.696ns, distribution 0.780ns)
  Clock Net Delay (Destination): 1.707ns (routing 0.766ns, distribution 0.941ns)

    Location             Delay type                Incr(ns)  Path(ns)    Netlist Resource(s)
  -------------------------------------------------------------------    -------------------
                         (clock clk rise edge)        0.000     0.000 r  
    AH18                                              0.000     0.000 r  clk300_p (IN)
                         net (fo=0)                   0.079     0.079    u_ibufds/I
    HPIOBDIFFINBUF_X1Y36 DIFFINBUF (Prop_DIFFINBUF_HPIOBDIFFINBUF_DIFF_IN_P_O)
                                                      0.429     0.508 r  u_ibufds/DIFFINBUF_INST/O
                         net (fo=1, routed)           0.040     0.548    u_ibufds/OUT
    AH18                 IBUFCTRL (Prop_IBUFCTRL_HPIOB_M_I_O)
                                                      0.000     0.548 r  u_ibufds/IBUFCTRL_INST/O
                         net (fo=1, routed)           0.286     0.834    clk_ref
    BUFGCE_DIV_X1Y5      BUFGCE_DIV (Prop_BUFGCE_DIV_I_O)
                                                      0.132     0.966 r  u_div/O
    X2Y3 (CLOCK_ROOT)    net (fo=973, routed)         1.476     2.442    u_soc/u_core/clk
    SLICE_X93Y229        FDCE                                         r  u_soc/u_core/rd_wdata_reg[14]/C
  -------------------------------------------------------------------    -------------------
    SLICE_X93Y229        FDCE (Prop_CFF_SLICEM_C_Q)
                                                      0.058     2.500 r  u_soc/u_core/rd_wdata_reg[14]/Q
                         net (fo=2, routed)           0.161     2.661    u_soc/u_core/u_regfile/regs_reg_r2_0_31_14_27/DIA0
    SLICE_X94Y234        RAMD32                                       r  u_soc/u_core/u_regfile/regs_reg_r2_0_31_14_27/RAMA/I
  -------------------------------------------------------------------    -------------------

                         (clock clk rise edge)        0.000     0.000 r  
    AH18                                              0.000     0.000 r  clk300_p (IN)
                         net (fo=0)                   0.100     0.100    u_ibufds/I
    HPIOBDIFFINBUF_X1Y36 DIFFINBUF (Prop_DIFFINBUF_HPIOBDIFFINBUF_DIFF_IN_P_O)
                                                      0.525     0.625 r  u_ibufds/DIFFINBUF_INST/O
                         net (fo=1, routed)           0.050     0.675    u_ibufds/OUT
    AH18                 IBUFCTRL (Prop_IBUFCTRL_HPIOB_M_I_O)
                                                      0.000     0.675 r  u_ibufds/IBUFCTRL_INST/O
                         net (fo=1, routed)           0.322     0.997    clk_ref
    BUFGCE_DIV_X1Y5      BUFGCE_DIV (Prop_BUFGCE_DIV_I_O)
                                                      0.152     1.149 r  u_div/O
    X2Y3 (CLOCK_ROOT)    net (fo=973, routed)         1.707     2.856    u_soc/u_core/u_regfile/regs_reg_r2_0_31_14_27/WCLK
    SLICE_X94Y234        RAMD32                                       r  u_soc/u_core/u_regfile/regs_reg_r2_0_31_14_27/RAMA/CLK
                         clock pessimism             -0.297     2.560    
    SLICE_X94Y234        RAMD32 (Hold_A5LUT_SLICEM_CLK_I)
                                                      0.075     2.635    u_soc/u_core/u_regfile/regs_reg_r2_0_31_14_27/RAMA
  -------------------------------------------------------------------
                         required time                         -2.635    
                         arrival time                           2.661    
  -------------------------------------------------------------------
                         slack                                  0.027    

Slack (MET) :             0.028ns  (arrival time - required time)
  Source:                 u_soc/u_core/mcycle_reg[3]/C
                            (rising edge-triggered cell FDCE clocked by clk  {rise@0.000ns fall@3.333ns period=9.999ns})
  Destination:            u_soc/u_core/mcycle_reg[18]/D
                            (rising edge-triggered cell FDCE clocked by clk  {rise@0.000ns fall@3.333ns period=9.999ns})
  Path Group:             clk
  Path Type:              Hold (Min at Slow Process Corner)
  Requirement:            0.000ns  (clk rise@0.000ns - clk rise@0.000ns)
  Data Path Delay:        0.281ns  (logic 0.199ns (70.717%)  route 0.082ns (29.283%))
  Logic Levels:           3  (CARRY8=3)
  Clock Path Skew:        0.193ns (DCD - SCD - CPR)
    Destination Clock Delay (DCD):    2.828ns
    Source Clock Delay      (SCD):    2.382ns
    Clock Pessimism Removal (CPR):    0.253ns
  Clock Net Delay (Source):      1.416ns (routing 0.696ns, distribution 0.720ns)
  Clock Net Delay (Destination): 1.679ns (routing 0.766ns, distribution 0.913ns)

    Location             Delay type                Incr(ns)  Path(ns)    Netlist Resource(s)
  -------------------------------------------------------------------    -------------------
                         (clock clk rise edge)        0.000     0.000 r  
    AH18                                              0.000     0.000 r  clk300_p (IN)
                         net (fo=0)                   0.079     0.079    u_ibufds/I
    HPIOBDIFFINBUF_X1Y36 DIFFINBUF (Prop_DIFFINBUF_HPIOBDIFFINBUF_DIFF_IN_P_O)
                                                      0.429     0.508 r  u_ibufds/DIFFINBUF_INST/O
                         net (fo=1, routed)           0.040     0.548    u_ibufds/OUT
    AH18                 IBUFCTRL (Prop_IBUFCTRL_HPIOB_M_I_O)
                                                      0.000     0.548 r  u_ibufds/IBUFCTRL_INST/O
                         net (fo=1, routed)           0.286     0.834    clk_ref
    BUFGCE_DIV_X1Y5      BUFGCE_DIV (Prop_BUFGCE_DIV_I_O)
                                                      0.132     0.966 r  u_div/O
    X2Y3 (CLOCK_ROOT)    net (fo=973, routed)         1.416     2.382    u_soc/u_core/clk
    SLICE_X85Y239        FDCE                                         r  u_soc/u_core/mcycle_reg[3]/C
  -------------------------------------------------------------------    -------------------
    SLICE_X85Y239        FDCE (Prop_DFF_SLICEL_C_Q)
                                                      0.059     2.441 r  u_soc/u_core/mcycle_reg[3]/Q
                         net (fo=2, routed)           0.064     2.505    u_soc/u_core/mcycle_reg_n_0_[3]
    SLICE_X85Y239        CARRY8 (Prop_CARRY8_SLICEL_S[3]_CO[7])
                                                      0.078     2.583 r  u_soc/u_core/mcycle_reg[0]_i_1/CO[7]
                         net (fo=1, routed)           0.004     2.587    u_soc/u_core/mcycle_reg[0]_i_1_n_0
    SLICE_X85Y240        CARRY8 (Prop_CARRY8_SLICEL_CI_CO[7])
                                                      0.025     2.612 r  u_soc/u_core/mcycle_reg[8]_i_1/CO[7]
                         net (fo=1, routed)           0.004     2.616    u_soc/u_core/mcycle_reg[8]_i_1_n_0
    SLICE_X85Y241        CARRY8 (Prop_CARRY8_SLICEL_CI_O[2])
                                                      0.037     2.653 r  u_soc/u_core/mcycle_reg[16]_i_1/O[2]
                         net (fo=1, routed)           0.010     2.663    u_soc/u_core/mcycle_reg[16]_i_1_n_13
    SLICE_X85Y241        FDCE                                         r  u_soc/u_core/mcycle_reg[18]/D
  -------------------------------------------------------------------    -------------------

                         (clock clk rise edge)        0.000     0.000 r  
    AH18                                              0.000     0.000 r  clk300_p (IN)
                         net (fo=0)                   0.100     0.100    u_ibufds/I
    HPIOBDIFFINBUF_X1Y36 DIFFINBUF (Prop_DIFFINBUF_HPIOBDIFFINBUF_DIFF_IN_P_O)
                                                      0.525     0.625 r  u_ibufds/DIFFINBUF_INST/O
                         net (fo=1, routed)           0.050     0.675    u_ibufds/OUT
    AH18                 IBUFCTRL (Prop_IBUFCTRL_HPIOB_M_I_O)
                                                      0.000     0.675 r  u_ibufds/IBUFCTRL_INST/O
                         net (fo=1, routed)           0.322     0.997    clk_ref
    BUFGCE_DIV_X1Y5      BUFGCE_DIV (Prop_BUFGCE_DIV_I_O)
                                                      0.152     1.149 r  u_div/O
    X2Y3 (CLOCK_ROOT)    net (fo=973, routed)         1.679     2.828    u_soc/u_core/clk
    SLICE_X85Y241        FDCE                                         r  u_soc/u_core/mcycle_reg[18]/C
                         clock pessimism             -0.253     2.575    
    SLICE_X85Y241        FDCE (Hold_CFF_SLICEL_C_D)
                                                      0.060     2.635    u_soc/u_core/mcycle_reg[18]
  -------------------------------------------------------------------
                         required time                         -2.635    
                         arrival time                           2.663    
  -------------------------------------------------------------------
                         slack                                  0.028    





Pulse Width Checks
--------------------------------------------------------------------------------------
Clock Name:         clk
Waveform(ns):       { 0.000 3.333 }
Period(ns):         9.999
Sources:            { u_div/O }

Check Type        Corner  Lib Pin             Reference Pin  Required(ns)  Actual(ns)  Slack(ns)  Location      Pin
Min Period        n/a     RAMB36E2/CLKARDCLK  n/a            1.569         9.999       8.430      RAMB36_X3Y39  u_soc/u_bram/mem_reg_0_bram_0/CLKARDCLK
Min Period        n/a     RAMB36E2/CLKARDCLK  n/a            1.569         9.999       8.430      RAMB36_X3Y40  u_soc/u_bram/mem_reg_0_bram_1/CLKARDCLK
Min Period        n/a     RAMB36E2/CLKARDCLK  n/a            1.569         9.999       8.430      RAMB36_X3Y41  u_soc/u_bram/mem_reg_1_bram_0/CLKARDCLK
Min Period        n/a     RAMB36E2/CLKARDCLK  n/a            1.569         9.999       8.430      RAMB36_X3Y42  u_soc/u_bram/mem_reg_1_bram_1/CLKARDCLK
Min Period        n/a     RAMB36E2/CLKARDCLK  n/a            1.569         9.999       8.430      RAMB36_X3Y43  u_soc/u_bram/mem_reg_2_bram_0/CLKARDCLK
Min Period        n/a     RAMB36E2/CLKARDCLK  n/a            1.569         9.999       8.430      RAMB36_X3Y44  u_soc/u_bram/mem_reg_2_bram_1/CLKARDCLK
Min Period        n/a     RAMB36E2/CLKARDCLK  n/a            1.569         9.999       8.430      RAMB36_X3Y45  u_soc/u_bram/mem_reg_3_bram_0/CLKARDCLK
Min Period        n/a     RAMB36E2/CLKARDCLK  n/a            1.569         9.999       8.430      RAMB36_X3Y46  u_soc/u_bram/mem_reg_3_bram_1/CLKARDCLK
Min Period        n/a     RAMB36E2/CLKBWRCLK  n/a            1.355         9.999       8.644      RAMB36_X3Y39  u_soc/u_bram/mem_reg_0_bram_0/CLKBWRCLK
Min Period        n/a     RAMB36E2/CLKBWRCLK  n/a            1.355         9.999       8.644      RAMB36_X3Y40  u_soc/u_bram/mem_reg_0_bram_1/CLKBWRCLK
Low Pulse Width   Slow    RAMB36E2/CLKARDCLK  n/a            0.542         6.666       6.124      RAMB36_X3Y39  u_soc/u_bram/mem_reg_0_bram_0/CLKARDCLK
Low Pulse Width   Fast    RAMB36E2/CLKARDCLK  n/a            0.542         6.666       6.124      RAMB36_X3Y39  u_soc/u_bram/mem_reg_0_bram_0/CLKARDCLK
Low Pulse Width   Slow    RAMB36E2/CLKBWRCLK  n/a            0.542         6.666       6.124      RAMB36_X3Y39  u_soc/u_bram/mem_reg_0_bram_0/CLKBWRCLK
Low Pulse Width   Fast    RAMB36E2/CLKBWRCLK  n/a            0.542         6.666       6.124      RAMB36_X3Y39  u_soc/u_bram/mem_reg_0_bram_0/CLKBWRCLK
Low Pulse Width   Slow    RAMB36E2/CLKARDCLK  n/a            0.542         6.666       6.124      RAMB36_X3Y40  u_soc/u_bram/mem_reg_0_bram_1/CLKARDCLK
Low Pulse Width   Fast    RAMB36E2/CLKARDCLK  n/a            0.542         6.666       6.124      RAMB36_X3Y40  u_soc/u_bram/mem_reg_0_bram_1/CLKARDCLK
Low Pulse Width   Slow    RAMB36E2/CLKBWRCLK  n/a            0.542         6.666       6.124      RAMB36_X3Y40  u_soc/u_bram/mem_reg_0_bram_1/CLKBWRCLK
Low Pulse Width   Fast    RAMB36E2/CLKBWRCLK  n/a            0.542         6.666       6.124      RAMB36_X3Y40  u_soc/u_bram/mem_reg_0_bram_1/CLKBWRCLK
Low Pulse Width   Slow    RAMB36E2/CLKARDCLK  n/a            0.542         6.666       6.124      RAMB36_X3Y41  u_soc/u_bram/mem_reg_1_bram_0/CLKARDCLK
Low Pulse Width   Fast    RAMB36E2/CLKARDCLK  n/a            0.542         6.666       6.124      RAMB36_X3Y41  u_soc/u_bram/mem_reg_1_bram_0/CLKARDCLK
High Pulse Width  Slow    RAMB36E2/CLKARDCLK  n/a            0.542         3.333       2.791      RAMB36_X3Y39  u_soc/u_bram/mem_reg_0_bram_0/CLKARDCLK
High Pulse Width  Fast    RAMB36E2/CLKARDCLK  n/a            0.542         3.333       2.791      RAMB36_X3Y39  u_soc/u_bram/mem_reg_0_bram_0/CLKARDCLK
High Pulse Width  Slow    RAMB36E2/CLKBWRCLK  n/a            0.542         3.333       2.791      RAMB36_X3Y39  u_soc/u_bram/mem_reg_0_bram_0/CLKBWRCLK
High Pulse Width  Fast    RAMB36E2/CLKBWRCLK  n/a            0.542         3.333       2.791      RAMB36_X3Y39  u_soc/u_bram/mem_reg_0_bram_0/CLKBWRCLK
High Pulse Width  Slow    RAMB36E2/CLKARDCLK  n/a            0.542         3.333       2.791      RAMB36_X3Y40  u_soc/u_bram/mem_reg_0_bram_1/CLKARDCLK
High Pulse Width  Fast    RAMB36E2/CLKARDCLK  n/a            0.542         3.333       2.791      RAMB36_X3Y40  u_soc/u_bram/mem_reg_0_bram_1/CLKARDCLK
High Pulse Width  Slow    RAMB36E2/CLKBWRCLK  n/a            0.542         3.333       2.791      RAMB36_X3Y40  u_soc/u_bram/mem_reg_0_bram_1/CLKBWRCLK
High Pulse Width  Fast    RAMB36E2/CLKBWRCLK  n/a            0.542         3.333       2.791      RAMB36_X3Y40  u_soc/u_bram/mem_reg_0_bram_1/CLKBWRCLK
High Pulse Width  Slow    RAMB36E2/CLKARDCLK  n/a            0.542         3.333       2.791      RAMB36_X3Y41  u_soc/u_bram/mem_reg_1_bram_0/CLKARDCLK
High Pulse Width  Fast    RAMB36E2/CLKARDCLK  n/a            0.542         3.333       2.791      RAMB36_X3Y41  u_soc/u_bram/mem_reg_1_bram_0/CLKARDCLK



---------------------------------------------------------------------------------------------------
From Clock:  jtag_tck
  To Clock:  jtag_tck

Setup :            0  Failing Endpoints,  Worst Slack       31.228ns,  Total Violation        0.000ns
Hold  :            0  Failing Endpoints,  Worst Slack        0.017ns,  Total Violation        0.000ns
PW    :            0  Failing Endpoints,  Worst Slack       16.391ns,  Total Violation        0.000ns
---------------------------------------------------------------------------------------------------


Max Delay Paths
--------------------------------------------------------------------------------------
Slack (MET) :             31.228ns  (required time - arrival time)
  Source:                 u_soc/u_dbg/ack_sync_reg[1]/C
                            (rising edge-triggered cell FDCE clocked by jtag_tck  {rise@0.000ns fall@16.667ns period=33.333ns})
  Destination:            u_soc/u_dbg/req_data_reg[10]/CE
                            (rising edge-triggered cell FDCE clocked by jtag_tck  {rise@0.000ns fall@16.667ns period=33.333ns})
  Path Group:             jtag_tck
  Path Type:              Setup (Max at Slow Process Corner)
  Requirement:            33.333ns  (jtag_tck rise@33.333ns - jtag_tck rise@0.000ns)
  Data Path Delay:        1.934ns  (logic 0.227ns (11.736%)  route 1.707ns (88.264%))
  Logic Levels:           2  (LUT4=1 LUT6=1)
  Clock Path Skew:        -0.075ns (DCD - SCD + CPR)
    Destination Clock Delay (DCD):    2.965ns = ( 36.298 - 33.333 ) 
    Source Clock Delay      (SCD):    3.777ns
    Clock Pessimism Removal (CPR):    0.737ns
  Clock Uncertainty:      0.035ns  ((TSJ^2 + TIJ^2)^1/2 + DJ) / 2 + PE
    Total System Jitter     (TSJ):    0.071ns
    Total Input Jitter      (TIJ):    0.000ns
    Discrete Jitter          (DJ):    0.000ns
    Phase Error              (PE):    0.000ns
  Clock Net Delay (Source):      1.911ns (routing 1.078ns, distribution 0.833ns)
  Clock Net Delay (Destination): 1.701ns (routing 0.978ns, distribution 0.723ns)

    Location             Delay type                Incr(ns)  Path(ns)    Netlist Resource(s)
  -------------------------------------------------------------------    -------------------
                         (clock jtag_tck rise edge)
                                                      0.000     0.000 r  
    CONFIG_SITE_X0Y0     BSCANE2                      0.000     0.000 r  u_bscan/TCK
                         net (fo=1, routed)           1.838     1.838    bs_tck
    BUFGCE_X1Y115        BUFGCE (Prop_BUFCE_BUFGCE_I_O)
                                                      0.028     1.866 r  u_tck_bufg/O
    X3Y3 (CLOCK_ROOT)    net (fo=118, routed)         1.911     3.777    u_soc/u_dbg/bs_tck_buf
    SLICE_X99Y214        FDCE                                         r  u_soc/u_dbg/ack_sync_reg[1]/C
  -------------------------------------------------------------------    -------------------
    SLICE_X99Y214        FDCE (Prop_AFF2_SLICEL_C_Q)
                                                      0.081     3.858 r  u_soc/u_dbg/ack_sync_reg[1]/Q
                         net (fo=2, routed)           0.633     4.491    u_soc/u_dbg/ack_sync[1]
    SLICE_X99Y214        LUT6 (Prop_F6LUT_SLICEL_I4_O)
                                                      0.035     4.526 r  u_soc/u_dbg/req_data[31]_i_2/O
                         net (fo=2, routed)           0.150     4.676    u_soc/u_dbg/req_op0__3
    SLICE_X99Y214        LUT4 (Prop_G5LUT_SLICEL_I1_O)
                                                      0.111     4.787 r  u_soc/u_dbg/req_data[31]_i_1/O
                         net (fo=49, routed)          0.924     5.711    u_soc/u_dbg/req_data[31]_i_1_n_0
    SLICE_X96Y217        FDCE                                         r  u_soc/u_dbg/req_data_reg[10]/CE
  -------------------------------------------------------------------    -------------------

                         (clock jtag_tck rise edge)
                                                     33.333    33.333 r  
    CONFIG_SITE_X0Y0     BSCANE2                      0.000    33.333 r  u_bscan/TCK
                         net (fo=1, routed)           1.240    34.573    bs_tck
    BUFGCE_X1Y115        BUFGCE (Prop_BUFCE_BUFGCE_I_O)
                                                      0.024    34.597 r  u_tck_bufg/O
    X3Y3 (CLOCK_ROOT)    net (fo=118, routed)         1.701    36.298    u_soc/u_dbg/bs_tck_buf
    SLICE_X96Y217        FDCE                                         r  u_soc/u_dbg/req_data_reg[10]/C
                         clock pessimism              0.737    37.035    
                         clock uncertainty           -0.035    37.000    
    SLICE_X96Y217        FDCE (Setup_EFF2_SLICEM_C_CE)
                                                     -0.061    36.939    u_soc/u_dbg/req_data_reg[10]
  -------------------------------------------------------------------
                         required time                         36.939    
                         arrival time                          -5.711    
  -------------------------------------------------------------------
                         slack                                 31.228    

Slack (MET) :             31.228ns  (required time - arrival time)
  Source:                 u_soc/u_dbg/ack_sync_reg[1]/C
                            (rising edge-triggered cell FDCE clocked by jtag_tck  {rise@0.000ns fall@16.667ns period=33.333ns})
  Destination:            u_soc/u_dbg/req_data_reg[12]/CE
                            (rising edge-triggered cell FDCE clocked by jtag_tck  {rise@0.000ns fall@16.667ns period=33.333ns})
  Path Group:             jtag_tck
  Path Type:              Setup (Max at Slow Process Corner)
  Requirement:            33.333ns  (jtag_tck rise@33.333ns - jtag_tck rise@0.000ns)
  Data Path Delay:        1.934ns  (logic 0.227ns (11.736%)  route 1.707ns (88.264%))
  Logic Levels:           2  (LUT4=1 LUT6=1)
  Clock Path Skew:        -0.075ns (DCD - SCD + CPR)
    Destination Clock Delay (DCD):    2.965ns = ( 36.298 - 33.333 ) 
    Source Clock Delay      (SCD):    3.777ns
    Clock Pessimism Removal (CPR):    0.737ns
  Clock Uncertainty:      0.035ns  ((TSJ^2 + TIJ^2)^1/2 + DJ) / 2 + PE
    Total System Jitter     (TSJ):    0.071ns
    Total Input Jitter      (TIJ):    0.000ns
    Discrete Jitter          (DJ):    0.000ns
    Phase Error              (PE):    0.000ns
  Clock Net Delay (Source):      1.911ns (routing 1.078ns, distribution 0.833ns)
  Clock Net Delay (Destination): 1.701ns (routing 0.978ns, distribution 0.723ns)

    Location             Delay type                Incr(ns)  Path(ns)    Netlist Resource(s)
  -------------------------------------------------------------------    -------------------
                         (clock jtag_tck rise edge)
                                                      0.000     0.000 r  
    CONFIG_SITE_X0Y0     BSCANE2                      0.000     0.000 r  u_bscan/TCK
                         net (fo=1, routed)           1.838     1.838    bs_tck
    BUFGCE_X1Y115        BUFGCE (Prop_BUFCE_BUFGCE_I_O)
                                                      0.028     1.866 r  u_tck_bufg/O
    X3Y3 (CLOCK_ROOT)    net (fo=118, routed)         1.911     3.777    u_soc/u_dbg/bs_tck_buf
    SLICE_X99Y214        FDCE                                         r  u_soc/u_dbg/ack_sync_reg[1]/C
  -------------------------------------------------------------------    -------------------
    SLICE_X99Y214        FDCE (Prop_AFF2_SLICEL_C_Q)
                                                      0.081     3.858 r  u_soc/u_dbg/ack_sync_reg[1]/Q
                         net (fo=2, routed)           0.633     4.491    u_soc/u_dbg/ack_sync[1]
    SLICE_X99Y214        LUT6 (Prop_F6LUT_SLICEL_I4_O)
                                                      0.035     4.526 r  u_soc/u_dbg/req_data[31]_i_2/O
                         net (fo=2, routed)           0.150     4.676    u_soc/u_dbg/req_op0__3
    SLICE_X99Y214        LUT4 (Prop_G5LUT_SLICEL_I1_O)
                                                      0.111     4.787 r  u_soc/u_dbg/req_data[31]_i_1/O
                         net (fo=49, routed)          0.924     5.711    u_soc/u_dbg/req_data[31]_i_1_n_0
    SLICE_X96Y217        FDCE                                         r  u_soc/u_dbg/req_data_reg[12]/CE
  -------------------------------------------------------------------    -------------------

                         (clock jtag_tck rise edge)
                                                     33.333    33.333 r  
    CONFIG_SITE_X0Y0     BSCANE2                      0.000    33.333 r  u_bscan/TCK
                         net (fo=1, routed)           1.240    34.573    bs_tck
    BUFGCE_X1Y115        BUFGCE (Prop_BUFCE_BUFGCE_I_O)
                                                      0.024    34.597 r  u_tck_bufg/O
    X3Y3 (CLOCK_ROOT)    net (fo=118, routed)         1.701    36.298    u_soc/u_dbg/bs_tck_buf
    SLICE_X96Y217        FDCE                                         r  u_soc/u_dbg/req_data_reg[12]/C
                         clock pessimism              0.737    37.035    
                         clock uncertainty           -0.035    37.000    
    SLICE_X96Y217        FDCE (Setup_FFF2_SLICEM_C_CE)
                                                     -0.061    36.939    u_soc/u_dbg/req_data_reg[12]
  -------------------------------------------------------------------
                         required time                         36.939    
                         arrival time                          -5.711    
  -------------------------------------------------------------------
                         slack                                 31.228    

Slack (MET) :             31.228ns  (required time - arrival time)
  Source:                 u_soc/u_dbg/ack_sync_reg[1]/C
                            (rising edge-triggered cell FDCE clocked by jtag_tck  {rise@0.000ns fall@16.667ns period=33.333ns})
  Destination:            u_soc/u_dbg/req_data_reg[3]/CE
                            (rising edge-triggered cell FDCE clocked by jtag_tck  {rise@0.000ns fall@16.667ns period=33.333ns})
  Path Group:             jtag_tck
  Path Type:              Setup (Max at Slow Process Corner)
  Requirement:            33.333ns  (jtag_tck rise@33.333ns - jtag_tck rise@0.000ns)
  Data Path Delay:        1.934ns  (logic 0.227ns (11.736%)  route 1.707ns (88.264%))
  Logic Levels:           2  (LUT4=1 LUT6=1)
  Clock Path Skew:        -0.075ns (DCD - SCD + CPR)
    Destination Clock Delay (DCD):    2.965ns = ( 36.298 - 33.333 ) 
    Source Clock Delay      (SCD):    3.777ns
    Clock Pessimism Removal (CPR):    0.737ns
  Clock Uncertainty:      0.035ns  ((TSJ^2 + TIJ^2)^1/2 + DJ) / 2 + PE
    Total System Jitter     (TSJ):    0.071ns
    Total Input Jitter      (TIJ):    0.000ns
    Discrete Jitter          (DJ):    0.000ns
    Phase Error              (PE):    0.000ns
  Clock Net Delay (Source):      1.911ns (routing 1.078ns, distribution 0.833ns)
  Clock Net Delay (Destination): 1.701ns (routing 0.978ns, distribution 0.723ns)

    Location             Delay type                Incr(ns)  Path(ns)    Netlist Resource(s)
  -------------------------------------------------------------------    -------------------
                         (clock jtag_tck rise edge)
                                                      0.000     0.000 r  
    CONFIG_SITE_X0Y0     BSCANE2                      0.000     0.000 r  u_bscan/TCK
                         net (fo=1, routed)           1.838     1.838    bs_tck
    BUFGCE_X1Y115        BUFGCE (Prop_BUFCE_BUFGCE_I_O)
                                                      0.028     1.866 r  u_tck_bufg/O
    X3Y3 (CLOCK_ROOT)    net (fo=118, routed)         1.911     3.777    u_soc/u_dbg/bs_tck_buf
    SLICE_X99Y214        FDCE                                         r  u_soc/u_dbg/ack_sync_reg[1]/C
  -------------------------------------------------------------------    -------------------
    SLICE_X99Y214        FDCE (Prop_AFF2_SLICEL_C_Q)
                                                      0.081     3.858 r  u_soc/u_dbg/ack_sync_reg[1]/Q
                         net (fo=2, routed)           0.633     4.491    u_soc/u_dbg/ack_sync[1]
    SLICE_X99Y214        LUT6 (Prop_F6LUT_SLICEL_I4_O)
                                                      0.035     4.526 r  u_soc/u_dbg/req_data[31]_i_2/O
                         net (fo=2, routed)           0.150     4.676    u_soc/u_dbg/req_op0__3
    SLICE_X99Y214        LUT4 (Prop_G5LUT_SLICEL_I1_O)
                                                      0.111     4.787 r  u_soc/u_dbg/req_data[31]_i_1/O
                         net (fo=49, routed)          0.924     5.711    u_soc/u_dbg/req_data[31]_i_1_n_0
    SLICE_X96Y217        FDCE                                         r  u_soc/u_dbg/req_data_reg[3]/CE
  -------------------------------------------------------------------    -------------------

                         (clock jtag_tck rise edge)
                                                     33.333    33.333 r  
    CONFIG_SITE_X0Y0     BSCANE2                      0.000    33.333 r  u_bscan/TCK
                         net (fo=1, routed)           1.240    34.573    bs_tck
    BUFGCE_X1Y115        BUFGCE (Prop_BUFCE_BUFGCE_I_O)
                                                      0.024    34.597 r  u_tck_bufg/O
    X3Y3 (CLOCK_ROOT)    net (fo=118, routed)         1.701    36.298    u_soc/u_dbg/bs_tck_buf
    SLICE_X96Y217        FDCE                                         r  u_soc/u_dbg/req_data_reg[3]/C
                         clock pessimism              0.737    37.035    
                         clock uncertainty           -0.035    37.000    
    SLICE_X96Y217        FDCE (Setup_GFF2_SLICEM_C_CE)
                                                     -0.061    36.939    u_soc/u_dbg/req_data_reg[3]
  -------------------------------------------------------------------
                         required time                         36.939    
                         arrival time                          -5.711    
  -------------------------------------------------------------------
                         slack                                 31.228    

Slack (MET) :             31.228ns  (required time - arrival time)
  Source:                 u_soc/u_dbg/ack_sync_reg[1]/C
                            (rising edge-triggered cell FDCE clocked by jtag_tck  {rise@0.000ns fall@16.667ns period=33.333ns})
  Destination:            u_soc/u_dbg/req_data_reg[8]/CE
                            (rising edge-triggered cell FDCE clocked by jtag_tck  {rise@0.000ns fall@16.667ns period=33.333ns})
  Path Group:             jtag_tck
  Path Type:              Setup (Max at Slow Process Corner)
  Requirement:            33.333ns  (jtag_tck rise@33.333ns - jtag_tck rise@0.000ns)
  Data Path Delay:        1.934ns  (logic 0.227ns (11.736%)  route 1.707ns (88.264%))
  Logic Levels:           2  (LUT4=1 LUT6=1)
  Clock Path Skew:        -0.075ns (DCD - SCD + CPR)
    Destination Clock Delay (DCD):    2.965ns = ( 36.298 - 33.333 ) 
    Source Clock Delay      (SCD):    3.777ns
    Clock Pessimism Removal (CPR):    0.737ns
  Clock Uncertainty:      0.035ns  ((TSJ^2 + TIJ^2)^1/2 + DJ) / 2 + PE
    Total System Jitter     (TSJ):    0.071ns
    Total Input Jitter      (TIJ):    0.000ns
    Discrete Jitter          (DJ):    0.000ns
    Phase Error              (PE):    0.000ns
  Clock Net Delay (Source):      1.911ns (routing 1.078ns, distribution 0.833ns)
  Clock Net Delay (Destination): 1.701ns (routing 0.978ns, distribution 0.723ns)

    Location             Delay type                Incr(ns)  Path(ns)    Netlist Resource(s)
  -------------------------------------------------------------------    -------------------
                         (clock jtag_tck rise edge)
                                                      0.000     0.000 r  
    CONFIG_SITE_X0Y0     BSCANE2                      0.000     0.000 r  u_bscan/TCK
                         net (fo=1, routed)           1.838     1.838    bs_tck
    BUFGCE_X1Y115        BUFGCE (Prop_BUFCE_BUFGCE_I_O)
                                                      0.028     1.866 r  u_tck_bufg/O
    X3Y3 (CLOCK_ROOT)    net (fo=118, routed)         1.911     3.777    u_soc/u_dbg/bs_tck_buf
    SLICE_X99Y214        FDCE                                         r  u_soc/u_dbg/ack_sync_reg[1]/C
  -------------------------------------------------------------------    -------------------
    SLICE_X99Y214        FDCE (Prop_AFF2_SLICEL_C_Q)
                                                      0.081     3.858 r  u_soc/u_dbg/ack_sync_reg[1]/Q
                         net (fo=2, routed)           0.633     4.491    u_soc/u_dbg/ack_sync[1]
    SLICE_X99Y214        LUT6 (Prop_F6LUT_SLICEL_I4_O)
                                                      0.035     4.526 r  u_soc/u_dbg/req_data[31]_i_2/O
                         net (fo=2, routed)           0.150     4.676    u_soc/u_dbg/req_op0__3
    SLICE_X99Y214        LUT4 (Prop_G5LUT_SLICEL_I1_O)
                                                      0.111     4.787 r  u_soc/u_dbg/req_data[31]_i_1/O
                         net (fo=49, routed)          0.924     5.711    u_soc/u_dbg/req_data[31]_i_1_n_0
    SLICE_X96Y217        FDCE                                         r  u_soc/u_dbg/req_data_reg[8]/CE
  -------------------------------------------------------------------    -------------------

                         (clock jtag_tck rise edge)
                                                     33.333    33.333 r  
    CONFIG_SITE_X0Y0     BSCANE2                      0.000    33.333 r  u_bscan/TCK
                         net (fo=1, routed)           1.240    34.573    bs_tck
    BUFGCE_X1Y115        BUFGCE (Prop_BUFCE_BUFGCE_I_O)
                                                      0.024    34.597 r  u_tck_bufg/O
    X3Y3 (CLOCK_ROOT)    net (fo=118, routed)         1.701    36.298    u_soc/u_dbg/bs_tck_buf
    SLICE_X96Y217        FDCE                                         r  u_soc/u_dbg/req_data_reg[8]/C
                         clock pessimism              0.737    37.035    
                         clock uncertainty           -0.035    37.000    
    SLICE_X96Y217        FDCE (Setup_HFF2_SLICEM_C_CE)
                                                     -0.061    36.939    u_soc/u_dbg/req_data_reg[8]
  -------------------------------------------------------------------
                         required time                         36.939    
                         arrival time                          -5.711    
  -------------------------------------------------------------------
                         slack                                 31.228    

Slack (MET) :             31.230ns  (required time - arrival time)
  Source:                 u_soc/u_dbg/ack_sync_reg[1]/C
                            (rising edge-triggered cell FDCE clocked by jtag_tck  {rise@0.000ns fall@16.667ns period=33.333ns})
  Destination:            u_soc/u_dbg/req_addr_reg[14]/CE
                            (rising edge-triggered cell FDCE clocked by jtag_tck  {rise@0.000ns fall@16.667ns period=33.333ns})
  Path Group:             jtag_tck
  Path Type:              Setup (Max at Slow Process Corner)
  Requirement:            33.333ns  (jtag_tck rise@33.333ns - jtag_tck rise@0.000ns)
  Data Path Delay:        1.932ns  (logic 0.227ns (11.748%)  route 1.705ns (88.252%))
  Logic Levels:           2  (LUT4=1 LUT6=1)
  Clock Path Skew:        -0.075ns (DCD - SCD + CPR)
    Destination Clock Delay (DCD):    2.965ns = ( 36.298 - 33.333 ) 
    Source Clock Delay      (SCD):    3.777ns
    Clock Pessimism Removal (CPR):    0.737ns
  Clock Uncertainty:      0.035ns  ((TSJ^2 + TIJ^2)^1/2 + DJ) / 2 + PE
    Total System Jitter     (TSJ):    0.071ns
    Total Input Jitter      (TIJ):    0.000ns
    Discrete Jitter          (DJ):    0.000ns
    Phase Error              (PE):    0.000ns
  Clock Net Delay (Source):      1.911ns (routing 1.078ns, distribution 0.833ns)
  Clock Net Delay (Destination): 1.701ns (routing 0.978ns, distribution 0.723ns)

    Location             Delay type                Incr(ns)  Path(ns)    Netlist Resource(s)
  -------------------------------------------------------------------    -------------------
                         (clock jtag_tck rise edge)
                                                      0.000     0.000 r  
    CONFIG_SITE_X0Y0     BSCANE2                      0.000     0.000 r  u_bscan/TCK
                         net (fo=1, routed)           1.838     1.838    bs_tck
    BUFGCE_X1Y115        BUFGCE (Prop_BUFCE_BUFGCE_I_O)
                                                      0.028     1.866 r  u_tck_bufg/O
    X3Y3 (CLOCK_ROOT)    net (fo=118, routed)         1.911     3.777    u_soc/u_dbg/bs_tck_buf
    SLICE_X99Y214        FDCE                                         r  u_soc/u_dbg/ack_sync_reg[1]/C
  -------------------------------------------------------------------    -------------------
    SLICE_X99Y214        FDCE (Prop_AFF2_SLICEL_C_Q)
                                                      0.081     3.858 r  u_soc/u_dbg/ack_sync_reg[1]/Q
                         net (fo=2, routed)           0.633     4.491    u_soc/u_dbg/ack_sync[1]
    SLICE_X99Y214        LUT6 (Prop_F6LUT_SLICEL_I4_O)
                                                      0.035     4.526 r  u_soc/u_dbg/req_data[31]_i_2/O
                         net (fo=2, routed)           0.150     4.676    u_soc/u_dbg/req_op0__3
    SLICE_X99Y214        LUT4 (Prop_G5LUT_SLICEL_I1_O)
                                                      0.111     4.787 r  u_soc/u_dbg/req_data[31]_i_1/O
                         net (fo=49, routed)          0.922     5.709    u_soc/u_dbg/req_data[31]_i_1_n_0
    SLICE_X96Y217        FDCE                                         r  u_soc/u_dbg/req_addr_reg[14]/CE
  -------------------------------------------------------------------    -------------------

                         (clock jtag_tck rise edge)
                                                     33.333    33.333 r  
    CONFIG_SITE_X0Y0     BSCANE2                      0.000    33.333 r  u_bscan/TCK
                         net (fo=1, routed)           1.240    34.573    bs_tck
    BUFGCE_X1Y115        BUFGCE (Prop_BUFCE_BUFGCE_I_O)
                                                      0.024    34.597 r  u_tck_bufg/O
    X3Y3 (CLOCK_ROOT)    net (fo=118, routed)         1.701    36.298    u_soc/u_dbg/bs_tck_buf
    SLICE_X96Y217        FDCE                                         r  u_soc/u_dbg/req_addr_reg[14]/C
                         clock pessimism              0.737    37.035    
                         clock uncertainty           -0.035    37.000    
    SLICE_X96Y217        FDCE (Setup_EFF_SLICEM_C_CE)
                                                     -0.061    36.939    u_soc/u_dbg/req_addr_reg[14]
  -------------------------------------------------------------------
                         required time                         36.939    
                         arrival time                          -5.709    
  -------------------------------------------------------------------
                         slack                                 31.230    

Slack (MET) :             31.230ns  (required time - arrival time)
  Source:                 u_soc/u_dbg/ack_sync_reg[1]/C
                            (rising edge-triggered cell FDCE clocked by jtag_tck  {rise@0.000ns fall@16.667ns period=33.333ns})
  Destination:            u_soc/u_dbg/req_data_reg[11]/CE
                            (rising edge-triggered cell FDCE clocked by jtag_tck  {rise@0.000ns fall@16.667ns period=33.333ns})
  Path Group:             jtag_tck
  Path Type:              Setup (Max at Slow Process Corner)
  Requirement:            33.333ns  (jtag_tck rise@33.333ns - jtag_tck rise@0.000ns)
  Data Path Delay:        1.932ns  (logic 0.227ns (11.748%)  route 1.705ns (88.252%))
  Logic Levels:           2  (LUT4=1 LUT6=1)
  Clock Path Skew:        -0.075ns (DCD - SCD + CPR)
    Destination Clock Delay (DCD):    2.965ns = ( 36.298 - 33.333 ) 
    Source Clock Delay      (SCD):    3.777ns
    Clock Pessimism Removal (CPR):    0.737ns
  Clock Uncertainty:      0.035ns  ((TSJ^2 + TIJ^2)^1/2 + DJ) / 2 + PE
    Total System Jitter     (TSJ):    0.071ns
    Total Input Jitter      (TIJ):    0.000ns
    Discrete Jitter          (DJ):    0.000ns
    Phase Error              (PE):    0.000ns
  Clock Net Delay (Source):      1.911ns (routing 1.078ns, distribution 0.833ns)
  Clock Net Delay (Destination): 1.701ns (routing 0.978ns, distribution 0.723ns)

    Location             Delay type                Incr(ns)  Path(ns)    Netlist Resource(s)
  -------------------------------------------------------------------    -------------------
                         (clock jtag_tck rise edge)
                                                      0.000     0.000 r  
    CONFIG_SITE_X0Y0     BSCANE2                      0.000     0.000 r  u_bscan/TCK
                         net (fo=1, routed)           1.838     1.838    bs_tck
    BUFGCE_X1Y115        BUFGCE (Prop_BUFCE_BUFGCE_I_O)
                                                      0.028     1.866 r  u_tck_bufg/O
    X3Y3 (CLOCK_ROOT)    net (fo=118, routed)         1.911     3.777    u_soc/u_dbg/bs_tck_buf
    SLICE_X99Y214        FDCE                                         r  u_soc/u_dbg/ack_sync_reg[1]/C
  -------------------------------------------------------------------    -------------------
    SLICE_X99Y214        FDCE (Prop_AFF2_SLICEL_C_Q)
                                                      0.081     3.858 r  u_soc/u_dbg/ack_sync_reg[1]/Q
                         net (fo=2, routed)           0.633     4.491    u_soc/u_dbg/ack_sync[1]
    SLICE_X99Y214        LUT6 (Prop_F6LUT_SLICEL_I4_O)
                                                      0.035     4.526 r  u_soc/u_dbg/req_data[31]_i_2/O
                         net (fo=2, routed)           0.150     4.676    u_soc/u_dbg/req_op0__3
    SLICE_X99Y214        LUT4 (Prop_G5LUT_SLICEL_I1_O)
                                                      0.111     4.787 r  u_soc/u_dbg/req_data[31]_i_1/O
                         net (fo=49, routed)          0.922     5.709    u_soc/u_dbg/req_data[31]_i_1_n_0
    SLICE_X96Y217        FDCE                                         r  u_soc/u_dbg/req_data_reg[11]/CE
  -------------------------------------------------------------------    -------------------

                         (clock jtag_tck rise edge)
                                                     33.333    33.333 r  
    CONFIG_SITE_X0Y0     BSCANE2                      0.000    33.333 r  u_bscan/TCK
                         net (fo=1, routed)           1.240    34.573    bs_tck
    BUFGCE_X1Y115        BUFGCE (Prop_BUFCE_BUFGCE_I_O)
                                                      0.024    34.597 r  u_tck_bufg/O
    X3Y3 (CLOCK_ROOT)    net (fo=118, routed)         1.701    36.298    u_soc/u_dbg/bs_tck_buf
    SLICE_X96Y217        FDCE                                         r  u_soc/u_dbg/req_data_reg[11]/C
                         clock pessimism              0.737    37.035    
                         clock uncertainty           -0.035    37.000    
    SLICE_X96Y217        FDCE (Setup_FFF_SLICEM_C_CE)
                                                     -0.061    36.939    u_soc/u_dbg/req_data_reg[11]
  -------------------------------------------------------------------
                         required time                         36.939    
                         arrival time                          -5.709    
  -------------------------------------------------------------------
                         slack                                 31.230    

Slack (MET) :             31.230ns  (required time - arrival time)
  Source:                 u_soc/u_dbg/ack_sync_reg[1]/C
                            (rising edge-triggered cell FDCE clocked by jtag_tck  {rise@0.000ns fall@16.667ns period=33.333ns})
  Destination:            u_soc/u_dbg/req_data_reg[2]/CE
                            (rising edge-triggered cell FDCE clocked by jtag_tck  {rise@0.000ns fall@16.667ns period=33.333ns})
  Path Group:             jtag_tck
  Path Type:              Setup (Max at Slow Process Corner)
  Requirement:            33.333ns  (jtag_tck rise@33.333ns - jtag_tck rise@0.000ns)
  Data Path Delay:        1.932ns  (logic 0.227ns (11.748%)  route 1.705ns (88.252%))
  Logic Levels:           2  (LUT4=1 LUT6=1)
  Clock Path Skew:        -0.075ns (DCD - SCD + CPR)
    Destination Clock Delay (DCD):    2.965ns = ( 36.298 - 33.333 ) 
    Source Clock Delay      (SCD):    3.777ns
    Clock Pessimism Removal (CPR):    0.737ns
  Clock Uncertainty:      0.035ns  ((TSJ^2 + TIJ^2)^1/2 + DJ) / 2 + PE
    Total System Jitter     (TSJ):    0.071ns
    Total Input Jitter      (TIJ):    0.000ns
    Discrete Jitter          (DJ):    0.000ns
    Phase Error              (PE):    0.000ns
  Clock Net Delay (Source):      1.911ns (routing 1.078ns, distribution 0.833ns)
  Clock Net Delay (Destination): 1.701ns (routing 0.978ns, distribution 0.723ns)

    Location             Delay type                Incr(ns)  Path(ns)    Netlist Resource(s)
  -------------------------------------------------------------------    -------------------
                         (clock jtag_tck rise edge)
                                                      0.000     0.000 r  
    CONFIG_SITE_X0Y0     BSCANE2                      0.000     0.000 r  u_bscan/TCK
                         net (fo=1, routed)           1.838     1.838    bs_tck
    BUFGCE_X1Y115        BUFGCE (Prop_BUFCE_BUFGCE_I_O)
                                                      0.028     1.866 r  u_tck_bufg/O
    X3Y3 (CLOCK_ROOT)    net (fo=118, routed)         1.911     3.777    u_soc/u_dbg/bs_tck_buf
    SLICE_X99Y214        FDCE                                         r  u_soc/u_dbg/ack_sync_reg[1]/C
  -------------------------------------------------------------------    -------------------
    SLICE_X99Y214        FDCE (Prop_AFF2_SLICEL_C_Q)
                                                      0.081     3.858 r  u_soc/u_dbg/ack_sync_reg[1]/Q
                         net (fo=2, routed)           0.633     4.491    u_soc/u_dbg/ack_sync[1]
    SLICE_X99Y214        LUT6 (Prop_F6LUT_SLICEL_I4_O)
                                                      0.035     4.526 r  u_soc/u_dbg/req_data[31]_i_2/O
                         net (fo=2, routed)           0.150     4.676    u_soc/u_dbg/req_op0__3
    SLICE_X99Y214        LUT4 (Prop_G5LUT_SLICEL_I1_O)
                                                      0.111     4.787 r  u_soc/u_dbg/req_data[31]_i_1/O
                         net (fo=49, routed)          0.922     5.709    u_soc/u_dbg/req_data[31]_i_1_n_0
    SLICE_X96Y217        FDCE                                         r  u_soc/u_dbg/req_data_reg[2]/CE
  -------------------------------------------------------------------    -------------------

                         (clock jtag_tck rise edge)
                                                     33.333    33.333 r  
    CONFIG_SITE_X0Y0     BSCANE2                      0.000    33.333 r  u_bscan/TCK
                         net (fo=1, routed)           1.240    34.573    bs_tck
    BUFGCE_X1Y115        BUFGCE (Prop_BUFCE_BUFGCE_I_O)
                                                      0.024    34.597 r  u_tck_bufg/O
    X3Y3 (CLOCK_ROOT)    net (fo=118, routed)         1.701    36.298    u_soc/u_dbg/bs_tck_buf
    SLICE_X96Y217        FDCE                                         r  u_soc/u_dbg/req_data_reg[2]/C
                         clock pessimism              0.737    37.035    
                         clock uncertainty           -0.035    37.000    
    SLICE_X96Y217        FDCE (Setup_GFF_SLICEM_C_CE)
                                                     -0.061    36.939    u_soc/u_dbg/req_data_reg[2]
  -------------------------------------------------------------------
                         required time                         36.939    
                         arrival time                          -5.709    
  -------------------------------------------------------------------
                         slack                                 31.230    

Slack (MET) :             31.230ns  (required time - arrival time)
  Source:                 u_soc/u_dbg/ack_sync_reg[1]/C
                            (rising edge-triggered cell FDCE clocked by jtag_tck  {rise@0.000ns fall@16.667ns period=33.333ns})
  Destination:            u_soc/u_dbg/req_data_reg[4]/CE
                            (rising edge-triggered cell FDCE clocked by jtag_tck  {rise@0.000ns fall@16.667ns period=33.333ns})
  Path Group:             jtag_tck
  Path Type:              Setup (Max at Slow Process Corner)
  Requirement:            33.333ns  (jtag_tck rise@33.333ns - jtag_tck rise@0.000ns)
  Data Path Delay:        1.932ns  (logic 0.227ns (11.748%)  route 1.705ns (88.252%))
  Logic Levels:           2  (LUT4=1 LUT6=1)
  Clock Path Skew:        -0.075ns (DCD - SCD + CPR)
    Destination Clock Delay (DCD):    2.965ns = ( 36.298 - 33.333 ) 
    Source Clock Delay      (SCD):    3.777ns
    Clock Pessimism Removal (CPR):    0.737ns
  Clock Uncertainty:      0.035ns  ((TSJ^2 + TIJ^2)^1/2 + DJ) / 2 + PE
    Total System Jitter     (TSJ):    0.071ns
    Total Input Jitter      (TIJ):    0.000ns
    Discrete Jitter          (DJ):    0.000ns
    Phase Error              (PE):    0.000ns
  Clock Net Delay (Source):      1.911ns (routing 1.078ns, distribution 0.833ns)
  Clock Net Delay (Destination): 1.701ns (routing 0.978ns, distribution 0.723ns)

    Location             Delay type                Incr(ns)  Path(ns)    Netlist Resource(s)
  -------------------------------------------------------------------    -------------------
                         (clock jtag_tck rise edge)
                                                      0.000     0.000 r  
    CONFIG_SITE_X0Y0     BSCANE2                      0.000     0.000 r  u_bscan/TCK
                         net (fo=1, routed)           1.838     1.838    bs_tck
    BUFGCE_X1Y115        BUFGCE (Prop_BUFCE_BUFGCE_I_O)
                                                      0.028     1.866 r  u_tck_bufg/O
    X3Y3 (CLOCK_ROOT)    net (fo=118, routed)         1.911     3.777    u_soc/u_dbg/bs_tck_buf
    SLICE_X99Y214        FDCE                                         r  u_soc/u_dbg/ack_sync_reg[1]/C
  -------------------------------------------------------------------    -------------------
    SLICE_X99Y214        FDCE (Prop_AFF2_SLICEL_C_Q)
                                                      0.081     3.858 r  u_soc/u_dbg/ack_sync_reg[1]/Q
                         net (fo=2, routed)           0.633     4.491    u_soc/u_dbg/ack_sync[1]
    SLICE_X99Y214        LUT6 (Prop_F6LUT_SLICEL_I4_O)
                                                      0.035     4.526 r  u_soc/u_dbg/req_data[31]_i_2/O
                         net (fo=2, routed)           0.150     4.676    u_soc/u_dbg/req_op0__3
    SLICE_X99Y214        LUT4 (Prop_G5LUT_SLICEL_I1_O)
                                                      0.111     4.787 r  u_soc/u_dbg/req_data[31]_i_1/O
                         net (fo=49, routed)          0.922     5.709    u_soc/u_dbg/req_data[31]_i_1_n_0
    SLICE_X96Y217        FDCE                                         r  u_soc/u_dbg/req_data_reg[4]/CE
  -------------------------------------------------------------------    -------------------

                         (clock jtag_tck rise edge)
                                                     33.333    33.333 r  
    CONFIG_SITE_X0Y0     BSCANE2                      0.000    33.333 r  u_bscan/TCK
                         net (fo=1, routed)           1.240    34.573    bs_tck
    BUFGCE_X1Y115        BUFGCE (Prop_BUFCE_BUFGCE_I_O)
                                                      0.024    34.597 r  u_tck_bufg/O
    X3Y3 (CLOCK_ROOT)    net (fo=118, routed)         1.701    36.298    u_soc/u_dbg/bs_tck_buf
    SLICE_X96Y217        FDCE                                         r  u_soc/u_dbg/req_data_reg[4]/C
                         clock pessimism              0.737    37.035    
                         clock uncertainty           -0.035    37.000    
    SLICE_X96Y217        FDCE (Setup_HFF_SLICEM_C_CE)
                                                     -0.061    36.939    u_soc/u_dbg/req_data_reg[4]
  -------------------------------------------------------------------
                         required time                         36.939    
                         arrival time                          -5.709    
  -------------------------------------------------------------------
                         slack                                 31.230    

Slack (MET) :             31.303ns  (required time - arrival time)
  Source:                 u_soc/u_dbg/ack_sync_reg[1]/C
                            (rising edge-triggered cell FDCE clocked by jtag_tck  {rise@0.000ns fall@16.667ns period=33.333ns})
  Destination:            u_soc/u_dbg/req_data_reg[13]/CE
                            (rising edge-triggered cell FDCE clocked by jtag_tck  {rise@0.000ns fall@16.667ns period=33.333ns})
  Path Group:             jtag_tck
  Path Type:              Setup (Max at Slow Process Corner)
  Requirement:            33.333ns  (jtag_tck rise@33.333ns - jtag_tck rise@0.000ns)
  Data Path Delay:        1.863ns  (logic 0.227ns (12.188%)  route 1.636ns (87.812%))
  Logic Levels:           2  (LUT4=1 LUT6=1)
  Clock Path Skew:        -0.071ns (DCD - SCD + CPR)
    Destination Clock Delay (DCD):    2.969ns = ( 36.302 - 33.333 ) 
    Source Clock Delay      (SCD):    3.777ns
    Clock Pessimism Removal (CPR):    0.737ns
  Clock Uncertainty:      0.035ns  ((TSJ^2 + TIJ^2)^1/2 + DJ) / 2 + PE
    Total System Jitter     (TSJ):    0.071ns
    Total Input Jitter      (TIJ):    0.000ns
    Discrete Jitter          (DJ):    0.000ns
    Phase Error              (PE):    0.000ns
  Clock Net Delay (Source):      1.911ns (routing 1.078ns, distribution 0.833ns)
  Clock Net Delay (Destination): 1.705ns (routing 0.978ns, distribution 0.727ns)

    Location             Delay type                Incr(ns)  Path(ns)    Netlist Resource(s)
  -------------------------------------------------------------------    -------------------
                         (clock jtag_tck rise edge)
                                                      0.000     0.000 r  
    CONFIG_SITE_X0Y0     BSCANE2                      0.000     0.000 r  u_bscan/TCK
                         net (fo=1, routed)           1.838     1.838    bs_tck
    BUFGCE_X1Y115        BUFGCE (Prop_BUFCE_BUFGCE_I_O)
                                                      0.028     1.866 r  u_tck_bufg/O
    X3Y3 (CLOCK_ROOT)    net (fo=118, routed)         1.911     3.777    u_soc/u_dbg/bs_tck_buf
    SLICE_X99Y214        FDCE                                         r  u_soc/u_dbg/ack_sync_reg[1]/C
  -------------------------------------------------------------------    -------------------
    SLICE_X99Y214        FDCE (Prop_AFF2_SLICEL_C_Q)
                                                      0.081     3.858 r  u_soc/u_dbg/ack_sync_reg[1]/Q
                         net (fo=2, routed)           0.633     4.491    u_soc/u_dbg/ack_sync[1]
    SLICE_X99Y214        LUT6 (Prop_F6LUT_SLICEL_I4_O)
                                                      0.035     4.526 r  u_soc/u_dbg/req_data[31]_i_2/O
                         net (fo=2, routed)           0.150     4.676    u_soc/u_dbg/req_op0__3
    SLICE_X99Y214        LUT4 (Prop_G5LUT_SLICEL_I1_O)
                                                      0.111     4.787 r  u_soc/u_dbg/req_data[31]_i_1/O
                         net (fo=49, routed)          0.852     5.640    u_soc/u_dbg/req_data[31]_i_1_n_0
    SLICE_X96Y219        FDCE                                         r  u_soc/u_dbg/req_data_reg[13]/CE
  -------------------------------------------------------------------    -------------------

                         (clock jtag_tck rise edge)
                                                     33.333    33.333 r  
    CONFIG_SITE_X0Y0     BSCANE2                      0.000    33.333 r  u_bscan/TCK
                         net (fo=1, routed)           1.240    34.573    bs_tck
    BUFGCE_X1Y115        BUFGCE (Prop_BUFCE_BUFGCE_I_O)
                                                      0.024    34.597 r  u_tck_bufg/O
    X3Y3 (CLOCK_ROOT)    net (fo=118, routed)         1.705    36.302    u_soc/u_dbg/bs_tck_buf
    SLICE_X96Y219        FDCE                                         r  u_soc/u_dbg/req_data_reg[13]/C
                         clock pessimism              0.737    37.039    
                         clock uncertainty           -0.035    37.004    
    SLICE_X96Y219        FDCE (Setup_AFF_SLICEM_C_CE)
                                                     -0.061    36.943    u_soc/u_dbg/req_data_reg[13]
  -------------------------------------------------------------------
                         required time                         36.943    
                         arrival time                          -5.640    
  -------------------------------------------------------------------
                         slack                                 31.303    

Slack (MET) :             31.303ns  (required time - arrival time)
  Source:                 u_soc/u_dbg/ack_sync_reg[1]/C
                            (rising edge-triggered cell FDCE clocked by jtag_tck  {rise@0.000ns fall@16.667ns period=33.333ns})
  Destination:            u_soc/u_dbg/req_data_reg[19]/CE
                            (rising edge-triggered cell FDCE clocked by jtag_tck  {rise@0.000ns fall@16.667ns period=33.333ns})
  Path Group:             jtag_tck
  Path Type:              Setup (Max at Slow Process Corner)
  Requirement:            33.333ns  (jtag_tck rise@33.333ns - jtag_tck rise@0.000ns)
  Data Path Delay:        1.863ns  (logic 0.227ns (12.188%)  route 1.636ns (87.812%))
  Logic Levels:           2  (LUT4=1 LUT6=1)
  Clock Path Skew:        -0.071ns (DCD - SCD + CPR)
    Destination Clock Delay (DCD):    2.969ns = ( 36.302 - 33.333 ) 
    Source Clock Delay      (SCD):    3.777ns
    Clock Pessimism Removal (CPR):    0.737ns
  Clock Uncertainty:      0.035ns  ((TSJ^2 + TIJ^2)^1/2 + DJ) / 2 + PE
    Total System Jitter     (TSJ):    0.071ns
    Total Input Jitter      (TIJ):    0.000ns
    Discrete Jitter          (DJ):    0.000ns
    Phase Error              (PE):    0.000ns
  Clock Net Delay (Source):      1.911ns (routing 1.078ns, distribution 0.833ns)
  Clock Net Delay (Destination): 1.705ns (routing 0.978ns, distribution 0.727ns)

    Location             Delay type                Incr(ns)  Path(ns)    Netlist Resource(s)
  -------------------------------------------------------------------    -------------------
                         (clock jtag_tck rise edge)
                                                      0.000     0.000 r  
    CONFIG_SITE_X0Y0     BSCANE2                      0.000     0.000 r  u_bscan/TCK
                         net (fo=1, routed)           1.838     1.838    bs_tck
    BUFGCE_X1Y115        BUFGCE (Prop_BUFCE_BUFGCE_I_O)
                                                      0.028     1.866 r  u_tck_bufg/O
    X3Y3 (CLOCK_ROOT)    net (fo=118, routed)         1.911     3.777    u_soc/u_dbg/bs_tck_buf
    SLICE_X99Y214        FDCE                                         r  u_soc/u_dbg/ack_sync_reg[1]/C
  -------------------------------------------------------------------    -------------------
    SLICE_X99Y214        FDCE (Prop_AFF2_SLICEL_C_Q)
                                                      0.081     3.858 r  u_soc/u_dbg/ack_sync_reg[1]/Q
                         net (fo=2, routed)           0.633     4.491    u_soc/u_dbg/ack_sync[1]
    SLICE_X99Y214        LUT6 (Prop_F6LUT_SLICEL_I4_O)
                                                      0.035     4.526 r  u_soc/u_dbg/req_data[31]_i_2/O
                         net (fo=2, routed)           0.150     4.676    u_soc/u_dbg/req_op0__3
    SLICE_X99Y214        LUT4 (Prop_G5LUT_SLICEL_I1_O)
                                                      0.111     4.787 r  u_soc/u_dbg/req_data[31]_i_1/O
                         net (fo=49, routed)          0.852     5.640    u_soc/u_dbg/req_data[31]_i_1_n_0
    SLICE_X96Y219        FDCE                                         r  u_soc/u_dbg/req_data_reg[19]/CE
  -------------------------------------------------------------------    -------------------

                         (clock jtag_tck rise edge)
                                                     33.333    33.333 r  
    CONFIG_SITE_X0Y0     BSCANE2                      0.000    33.333 r  u_bscan/TCK
                         net (fo=1, routed)           1.240    34.573    bs_tck
    BUFGCE_X1Y115        BUFGCE (Prop_BUFCE_BUFGCE_I_O)
                                                      0.024    34.597 r  u_tck_bufg/O
    X3Y3 (CLOCK_ROOT)    net (fo=118, routed)         1.705    36.302    u_soc/u_dbg/bs_tck_buf
    SLICE_X96Y219        FDCE                                         r  u_soc/u_dbg/req_data_reg[19]/C
                         clock pessimism              0.737    37.039    
                         clock uncertainty           -0.035    37.004    
    SLICE_X96Y219        FDCE (Setup_BFF_SLICEM_C_CE)
                                                     -0.061    36.943    u_soc/u_dbg/req_data_reg[19]
  -------------------------------------------------------------------
                         required time                         36.943    
                         arrival time                          -5.640    
  -------------------------------------------------------------------
                         slack                                 31.303    





Min Delay Paths
--------------------------------------------------------------------------------------
Slack (MET) :             0.017ns  (arrival time - required time)
  Source:                 u_soc/u_dbg/dr_reg[38]/C
                            (rising edge-triggered cell FDCE clocked by jtag_tck  {rise@0.000ns fall@16.667ns period=33.333ns})
  Destination:            u_soc/u_dbg/req_addr_reg[4]/D
                            (rising edge-triggered cell FDCE clocked by jtag_tck  {rise@0.000ns fall@16.667ns period=33.333ns})
  Path Group:             jtag_tck
  Path Type:              Hold (Min at Slow Process Corner)
  Requirement:            0.000ns  (jtag_tck rise@0.000ns - jtag_tck rise@0.000ns)
  Data Path Delay:        0.163ns  (logic 0.061ns (37.329%)  route 0.102ns (62.670%))
  Logic Levels:           0  
  Clock Path Skew:        0.085ns (DCD - SCD - CPR)
    Destination Clock Delay (DCD):    3.778ns
    Source Clock Delay      (SCD):    2.956ns
    Clock Pessimism Removal (CPR):    0.737ns
  Clock Net Delay (Source):      1.692ns (routing 0.978ns, distribution 0.714ns)
  Clock Net Delay (Destination): 1.912ns (routing 1.078ns, distribution 0.834ns)

    Location             Delay type                Incr(ns)  Path(ns)    Netlist Resource(s)
  -------------------------------------------------------------------    -------------------
                         (clock jtag_tck rise edge)
                                                      0.000     0.000 r  
    CONFIG_SITE_X0Y0     BSCANE2                      0.000     0.000 r  u_bscan/TCK
                         net (fo=1, routed)           1.240     1.240    bs_tck
    BUFGCE_X1Y115        BUFGCE (Prop_BUFCE_BUFGCE_I_O)
                                                      0.024     1.264 r  u_tck_bufg/O
    X3Y3 (CLOCK_ROOT)    net (fo=118, routed)         1.692     2.956    u_soc/u_dbg/bs_tck_buf
    SLICE_X99Y217        FDCE                                         r  u_soc/u_dbg/dr_reg[38]/C
  -------------------------------------------------------------------    -------------------
    SLICE_X99Y217        FDCE (Prop_DFF2_SLICEL_C_Q)
                                                      0.061     3.017 r  u_soc/u_dbg/dr_reg[38]/Q
                         net (fo=2, routed)           0.102     3.119    u_soc/u_dbg/dr_reg_n_0_[38]
    SLICE_X98Y218        FDCE                                         r  u_soc/u_dbg/req_addr_reg[4]/D
  -------------------------------------------------------------------    -------------------

                         (clock jtag_tck rise edge)
                                                      0.000     0.000 r  
    CONFIG_SITE_X0Y0     BSCANE2                      0.000     0.000 r  u_bscan/TCK
                         net (fo=1, routed)           1.838     1.838    bs_tck
    BUFGCE_X1Y115        BUFGCE (Prop_BUFCE_BUFGCE_I_O)
                                                      0.028     1.866 r  u_tck_bufg/O
    X3Y3 (CLOCK_ROOT)    net (fo=118, routed)         1.912     3.778    u_soc/u_dbg/bs_tck_buf
    SLICE_X98Y218        FDCE                                         r  u_soc/u_dbg/req_addr_reg[4]/C
                         clock pessimism             -0.737     3.041    
    SLICE_X98Y218        FDCE (Hold_FFF2_SLICEL_C_D)
                                                      0.062     3.103    u_soc/u_dbg/req_addr_reg[4]
  -------------------------------------------------------------------
                         required time                         -3.103    
                         arrival time                           3.119    
  -------------------------------------------------------------------
                         slack                                  0.017    

Slack (MET) :             0.043ns  (arrival time - required time)
  Source:                 u_soc/u_dbg/dr_reg[29]/C
                            (rising edge-triggered cell FDCE clocked by jtag_tck  {rise@0.000ns fall@16.667ns period=33.333ns})
  Destination:            u_soc/u_dbg/dr_reg[28]/D
                            (rising edge-triggered cell FDCE clocked by jtag_tck  {rise@0.000ns fall@16.667ns period=33.333ns})
  Path Group:             jtag_tck
  Path Type:              Hold (Min at Fast Process Corner)
  Requirement:            0.000ns  (jtag_tck rise@0.000ns - jtag_tck rise@0.000ns)
  Data Path Delay:        0.133ns  (logic 0.061ns (45.974%)  route 0.072ns (54.026%))
  Logic Levels:           1  (LUT3=1)
  Clock Path Skew:        0.044ns (DCD - SCD - CPR)
    Destination Clock Delay (DCD):    2.489ns
    Source Clock Delay      (SCD):    2.034ns
    Clock Pessimism Removal (CPR):    0.411ns
  Clock Net Delay (Source):      1.055ns (routing 0.586ns, distribution 0.469ns)
  Clock Net Delay (Destination): 1.189ns (routing 0.655ns, distribution 0.534ns)

    Location             Delay type                Incr(ns)  Path(ns)    Netlist Resource(s)
  -------------------------------------------------------------------    -------------------
                         (clock jtag_tck rise edge)
                                                      0.000     0.000 r  
    CONFIG_SITE_X0Y0     BSCANE2                      0.000     0.000 r  u_bscan/TCK
                         net (fo=1, routed)           0.962     0.962    bs_tck
    BUFGCE_X1Y115        BUFGCE (Prop_BUFCE_BUFGCE_I_O)
                                                      0.017     0.979 r  u_tck_bufg/O
    X3Y3 (CLOCK_ROOT)    net (fo=118, routed)         1.055     2.034    u_soc/u_dbg/bs_tck_buf
    SLICE_X93Y217        FDCE                                         r  u_soc/u_dbg/dr_reg[29]/C
  -------------------------------------------------------------------    -------------------
    SLICE_X93Y217        FDCE (Prop_DFF_SLICEM_C_Q)
                                                      0.039     2.073 r  u_soc/u_dbg/dr_reg[29]/Q
                         net (fo=2, routed)           0.056     2.129    u_soc/u_dbg/p_0_in__0[27]
    SLICE_X92Y217        LUT3 (Prop_A6LUT_SLICEL_I2_O)
                                                      0.022     2.151 r  u_soc/u_dbg/dr[28]_i_1/O
                         net (fo=1, routed)           0.016     2.167    u_soc/u_dbg/dr[28]_i_1_n_0
    SLICE_X92Y217        FDCE                                         r  u_soc/u_dbg/dr_reg[28]/D
  -------------------------------------------------------------------    -------------------

                         (clock jtag_tck rise edge)
                                                      0.000     0.000 r  
    CONFIG_SITE_X0Y0     BSCANE2                      0.000     0.000 r  u_bscan/TCK
                         net (fo=1, routed)           1.281     1.281    bs_tck
    BUFGCE_X1Y115        BUFGCE (Prop_BUFCE_BUFGCE_I_O)
                                                      0.019     1.300 r  u_tck_bufg/O
    X3Y3 (CLOCK_ROOT)    net (fo=118, routed)         1.189     2.489    u_soc/u_dbg/bs_tck_buf
    SLICE_X92Y217        FDCE                                         r  u_soc/u_dbg/dr_reg[28]/C
                         clock pessimism             -0.411     2.078    
    SLICE_X92Y217        FDCE (Hold_AFF_SLICEL_C_D)
                                                      0.046     2.124    u_soc/u_dbg/dr_reg[28]
  -------------------------------------------------------------------
                         required time                         -2.124    
                         arrival time                           2.167    
  -------------------------------------------------------------------
                         slack                                  0.043    

Slack (MET) :             0.048ns  (arrival time - required time)
  Source:                 u_soc/u_dbg/dr_reg[6]/C
                            (rising edge-triggered cell FDCE clocked by jtag_tck  {rise@0.000ns fall@16.667ns period=33.333ns})
  Destination:            u_soc/u_dbg/req_data_reg[4]/D
                            (rising edge-triggered cell FDCE clocked by jtag_tck  {rise@0.000ns fall@16.667ns period=33.333ns})
  Path Group:             jtag_tck
  Path Type:              Hold (Min at Fast Process Corner)
  Requirement:            0.000ns  (jtag_tck rise@0.000ns - jtag_tck rise@0.000ns)
  Data Path Delay:        0.106ns  (logic 0.038ns (35.818%)  route 0.068ns (64.182%))
  Logic Levels:           0  
  Clock Path Skew:        0.012ns (DCD - SCD - CPR)
    Destination Clock Delay (DCD):    2.491ns
    Source Clock Delay      (SCD):    2.038ns
    Clock Pessimism Removal (CPR):    0.441ns
  Clock Net Delay (Source):      1.059ns (routing 0.586ns, distribution 0.473ns)
  Clock Net Delay (Destination): 1.191ns (routing 0.655ns, distribution 0.536ns)

    Location             Delay type                Incr(ns)  Path(ns)    Netlist Resource(s)
  -------------------------------------------------------------------    -------------------
                         (clock jtag_tck rise edge)
                                                      0.000     0.000 r  
    CONFIG_SITE_X0Y0     BSCANE2                      0.000     0.000 r  u_bscan/TCK
                         net (fo=1, routed)           0.962     0.962    bs_tck
    BUFGCE_X1Y115        BUFGCE (Prop_BUFCE_BUFGCE_I_O)
                                                      0.017     0.979 r  u_tck_bufg/O
    X3Y3 (CLOCK_ROOT)    net (fo=118, routed)         1.059     2.038    u_soc/u_dbg/bs_tck_buf
    SLICE_X96Y218        FDCE                                         r  u_soc/u_dbg/dr_reg[6]/C
  -------------------------------------------------------------------    -------------------
    SLICE_X96Y218        FDCE (Prop_BFF_SLICEM_C_Q)
                                                      0.038     2.076 r  u_soc/u_dbg/dr_reg[6]/Q
                         net (fo=2, routed)           0.068     2.144    u_soc/u_dbg/p_0_in__0[4]
    SLICE_X96Y217        FDCE                                         r  u_soc/u_dbg/req_data_reg[4]/D
  -------------------------------------------------------------------    -------------------

                         (clock jtag_tck rise edge)
                                                      0.000     0.000 r  
    CONFIG_SITE_X0Y0     BSCANE2                      0.000     0.000 r  u_bscan/TCK
                         net (fo=1, routed)           1.281     1.281    bs_tck
    BUFGCE_X1Y115        BUFGCE (Prop_BUFCE_BUFGCE_I_O)
                                                      0.019     1.300 r  u_tck_bufg/O
    X3Y3 (CLOCK_ROOT)    net (fo=118, routed)         1.191     2.491    u_soc/u_dbg/bs_tck_buf
    SLICE_X96Y217        FDCE                                         r  u_soc/u_dbg/req_data_reg[4]/C
                         clock pessimism             -0.441     2.050    
    SLICE_X96Y217        FDCE (Hold_HFF_SLICEM_C_D)
                                                      0.046     2.096    u_soc/u_dbg/req_data_reg[4]
  -------------------------------------------------------------------
                         required time                         -2.096    
                         arrival time                           2.144    
  -------------------------------------------------------------------
                         slack                                  0.048    

Slack (MET) :             0.048ns  (arrival time - required time)
  Source:                 u_soc/u_dbg/dr_reg[5]/C
                            (rising edge-triggered cell FDCE clocked by jtag_tck  {rise@0.000ns fall@16.667ns period=33.333ns})
  Destination:            u_soc/u_dbg/req_data_reg[3]/D
                            (rising edge-triggered cell FDCE clocked by jtag_tck  {rise@0.000ns fall@16.667ns period=33.333ns})
  Path Group:             jtag_tck
  Path Type:              Hold (Min at Fast Process Corner)
  Requirement:            0.000ns  (jtag_tck rise@0.000ns - jtag_tck rise@0.000ns)
  Data Path Delay:        0.107ns  (logic 0.039ns (36.317%)  route 0.068ns (63.683%))
  Logic Levels:           0  
  Clock Path Skew:        0.012ns (DCD - SCD - CPR)
    Destination Clock Delay (DCD):    2.491ns
    Source Clock Delay      (SCD):    2.038ns
    Clock Pessimism Removal (CPR):    0.441ns
  Clock Net Delay (Source):      1.059ns (routing 0.586ns, distribution 0.473ns)
  Clock Net Delay (Destination): 1.191ns (routing 0.655ns, distribution 0.536ns)

    Location             Delay type                Incr(ns)  Path(ns)    Netlist Resource(s)
  -------------------------------------------------------------------    -------------------
                         (clock jtag_tck rise edge)
                                                      0.000     0.000 r  
    CONFIG_SITE_X0Y0     BSCANE2                      0.000     0.000 r  u_bscan/TCK
                         net (fo=1, routed)           0.962     0.962    bs_tck
    BUFGCE_X1Y115        BUFGCE (Prop_BUFCE_BUFGCE_I_O)
                                                      0.017     0.979 r  u_tck_bufg/O
    X3Y3 (CLOCK_ROOT)    net (fo=118, routed)         1.059     2.038    u_soc/u_dbg/bs_tck_buf
    SLICE_X96Y218        FDCE                                         r  u_soc/u_dbg/dr_reg[5]/C
  -------------------------------------------------------------------    -------------------
    SLICE_X96Y218        FDCE (Prop_CFF2_SLICEM_C_Q)
                                                      0.039     2.077 r  u_soc/u_dbg/dr_reg[5]/Q
                         net (fo=2, routed)           0.068     2.145    u_soc/u_dbg/p_0_in__0[3]
    SLICE_X96Y217        FDCE                                         r  u_soc/u_dbg/req_data_reg[3]/D
  -------------------------------------------------------------------    -------------------

                         (clock jtag_tck rise edge)
                                                      0.000     0.000 r  
    CONFIG_SITE_X0Y0     BSCANE2                      0.000     0.000 r  u_bscan/TCK
                         net (fo=1, routed)           1.281     1.281    bs_tck
    BUFGCE_X1Y115        BUFGCE (Prop_BUFCE_BUFGCE_I_O)
                                                      0.019     1.300 r  u_tck_bufg/O
    X3Y3 (CLOCK_ROOT)    net (fo=118, routed)         1.191     2.491    u_soc/u_dbg/bs_tck_buf
    SLICE_X96Y217        FDCE                                         r  u_soc/u_dbg/req_data_reg[3]/C
                         clock pessimism             -0.441     2.050    
    SLICE_X96Y217        FDCE (Hold_GFF2_SLICEM_C_D)
                                                      0.047     2.097    u_soc/u_dbg/req_data_reg[3]
  -------------------------------------------------------------------
                         required time                         -2.097    
                         arrival time                           2.145    
  -------------------------------------------------------------------
                         slack                                  0.048    

Slack (MET) :             0.051ns  (arrival time - required time)
  Source:                 u_soc/u_dbg/dr_reg[22]/C
                            (rising edge-triggered cell FDCE clocked by jtag_tck  {rise@0.000ns fall@16.667ns period=33.333ns})
  Destination:            u_soc/u_dbg/req_data_reg[20]/D
                            (rising edge-triggered cell FDCE clocked by jtag_tck  {rise@0.000ns fall@16.667ns period=33.333ns})
  Path Group:             jtag_tck
  Path Type:              Hold (Min at Fast Process Corner)
  Requirement:            0.000ns  (jtag_tck rise@0.000ns - jtag_tck rise@0.000ns)
  Data Path Delay:        0.109ns  (logic 0.039ns (35.749%)  route 0.070ns (64.251%))
  Logic Levels:           0  
  Clock Path Skew:        0.012ns (DCD - SCD - CPR)
    Destination Clock Delay (DCD):    2.488ns
    Source Clock Delay      (SCD):    2.036ns
    Clock Pessimism Removal (CPR):    0.440ns
  Clock Net Delay (Source):      1.057ns (routing 0.586ns, distribution 0.471ns)
  Clock Net Delay (Destination): 1.188ns (routing 0.655ns, distribution 0.533ns)

    Location             Delay type                Incr(ns)  Path(ns)    Netlist Resource(s)
  -------------------------------------------------------------------    -------------------
                         (clock jtag_tck rise edge)
                                                      0.000     0.000 r  
    CONFIG_SITE_X0Y0     BSCANE2                      0.000     0.000 r  u_bscan/TCK
                         net (fo=1, routed)           0.962     0.962    bs_tck
    BUFGCE_X1Y115        BUFGCE (Prop_BUFCE_BUFGCE_I_O)
                                                      0.017     0.979 r  u_tck_bufg/O
    X3Y3 (CLOCK_ROOT)    net (fo=118, routed)         1.057     2.036    u_soc/u_dbg/bs_tck_buf
    SLICE_X95Y219        FDCE                                         r  u_soc/u_dbg/dr_reg[22]/C
  -------------------------------------------------------------------    -------------------
    SLICE_X95Y219        FDCE (Prop_BFF_SLICEL_C_Q)
                                                      0.039     2.075 r  u_soc/u_dbg/dr_reg[22]/Q
                         net (fo=2, routed)           0.070     2.145    u_soc/u_dbg/p_0_in__0[20]
    SLICE_X95Y217        FDCE                                         r  u_soc/u_dbg/req_data_reg[20]/D
  -------------------------------------------------------------------    -------------------

                         (clock jtag_tck rise edge)
                                                      0.000     0.000 r  
    CONFIG_SITE_X0Y0     BSCANE2                      0.000     0.000 r  u_bscan/TCK
                         net (fo=1, routed)           1.281     1.281    bs_tck
    BUFGCE_X1Y115        BUFGCE (Prop_BUFCE_BUFGCE_I_O)
                                                      0.019     1.300 r  u_tck_bufg/O
    X3Y3 (CLOCK_ROOT)    net (fo=118, routed)         1.188     2.488    u_soc/u_dbg/bs_tck_buf
    SLICE_X95Y217        FDCE                                         r  u_soc/u_dbg/req_data_reg[20]/C
                         clock pessimism             -0.440     2.048    
    SLICE_X95Y217        FDCE (Hold_BFF_SLICEL_C_D)
                                                      0.046     2.094    u_soc/u_dbg/req_data_reg[20]
  -------------------------------------------------------------------
                         required time                         -2.094    
                         arrival time                           2.145    
  -------------------------------------------------------------------
                         slack                                  0.051    

Slack (MET) :             0.053ns  (arrival time - required time)
  Source:                 u_soc/u_dbg/dr_reg[23]/C
                            (rising edge-triggered cell FDCE clocked by jtag_tck  {rise@0.000ns fall@16.667ns period=33.333ns})
  Destination:            u_soc/u_dbg/dr_reg[22]/D
                            (rising edge-triggered cell FDCE clocked by jtag_tck  {rise@0.000ns fall@16.667ns period=33.333ns})
  Path Group:             jtag_tck
  Path Type:              Hold (Min at Fast Process Corner)
  Requirement:            0.000ns  (jtag_tck rise@0.000ns - jtag_tck rise@0.000ns)
  Data Path Delay:        0.105ns  (logic 0.062ns (59.226%)  route 0.043ns (40.774%))
  Logic Levels:           1  (LUT3=1)
  Clock Path Skew:        0.006ns (DCD - SCD - CPR)
    Destination Clock Delay (DCD):    2.493ns
    Source Clock Delay      (SCD):    2.036ns
    Clock Pessimism Removal (CPR):    0.452ns
  Clock Net Delay (Source):      1.057ns (routing 0.586ns, distribution 0.471ns)
  Clock Net Delay (Destination): 1.193ns (routing 0.655ns, distribution 0.538ns)

    Location             Delay type                Incr(ns)  Path(ns)    Netlist Resource(s)
  -------------------------------------------------------------------    -------------------
                         (clock jtag_tck rise edge)
                                                      0.000     0.000 r  
    CONFIG_SITE_X0Y0     BSCANE2                      0.000     0.000 r  u_bscan/TCK
                         net (fo=1, routed)           0.962     0.962    bs_tck
    BUFGCE_X1Y115        BUFGCE (Prop_BUFCE_BUFGCE_I_O)
                                                      0.017     0.979 r  u_tck_bufg/O
    X3Y3 (CLOCK_ROOT)    net (fo=118, routed)         1.057     2.036    u_soc/u_dbg/bs_tck_buf
    SLICE_X95Y219        FDCE                                         r  u_soc/u_dbg/dr_reg[23]/C
  -------------------------------------------------------------------    -------------------
    SLICE_X95Y219        FDCE (Prop_AFF_SLICEL_C_Q)
                                                      0.039     2.075 r  u_soc/u_dbg/dr_reg[23]/Q
                         net (fo=2, routed)           0.028     2.102    u_soc/u_dbg/p_0_in__0[21]
    SLICE_X95Y219        LUT3 (Prop_B6LUT_SLICEL_I2_O)
                                                      0.023     2.125 r  u_soc/u_dbg/dr[22]_i_1/O
                         net (fo=1, routed)           0.015     2.140    u_soc/u_dbg/dr[22]_i_1_n_0
    SLICE_X95Y219        FDCE                                         r  u_soc/u_dbg/dr_reg[22]/D
  -------------------------------------------------------------------    -------------------

                         (clock jtag_tck rise edge)
                                                      0.000     0.000 r  
    CONFIG_SITE_X0Y0     BSCANE2                      0.000     0.000 r  u_bscan/TCK
                         net (fo=1, routed)           1.281     1.281    bs_tck
    BUFGCE_X1Y115        BUFGCE (Prop_BUFCE_BUFGCE_I_O)
                                                      0.019     1.300 r  u_tck_bufg/O
    X3Y3 (CLOCK_ROOT)    net (fo=118, routed)         1.193     2.493    u_soc/u_dbg/bs_tck_buf
    SLICE_X95Y219        FDCE                                         r  u_soc/u_dbg/dr_reg[22]/C
                         clock pessimism             -0.452     2.042    
    SLICE_X95Y219        FDCE (Hold_BFF_SLICEL_C_D)
                                                      0.046     2.088    u_soc/u_dbg/dr_reg[22]
  -------------------------------------------------------------------
                         required time                         -2.088    
                         arrival time                           2.140    
  -------------------------------------------------------------------
                         slack                                  0.053    

Slack (MET) :             0.053ns  (arrival time - required time)
  Source:                 u_soc/u_dbg/dr_reg[13]/C
                            (rising edge-triggered cell FDCE clocked by jtag_tck  {rise@0.000ns fall@16.667ns period=33.333ns})
  Destination:            u_soc/u_dbg/dr_reg[12]/D
                            (rising edge-triggered cell FDCE clocked by jtag_tck  {rise@0.000ns fall@16.667ns period=33.333ns})
  Path Group:             jtag_tck
  Path Type:              Hold (Min at Fast Process Corner)
  Requirement:            0.000ns  (jtag_tck rise@0.000ns - jtag_tck rise@0.000ns)
  Data Path Delay:        0.105ns  (logic 0.062ns (59.226%)  route 0.043ns (40.774%))
  Logic Levels:           1  (LUT3=1)
  Clock Path Skew:        0.006ns (DCD - SCD - CPR)
    Destination Clock Delay (DCD):    2.484ns
    Source Clock Delay      (SCD):    2.027ns
    Clock Pessimism Removal (CPR):    0.451ns
  Clock Net Delay (Source):      1.048ns (routing 0.586ns, distribution 0.462ns)
  Clock Net Delay (Destination): 1.184ns (routing 0.655ns, distribution 0.529ns)

    Location             Delay type                Incr(ns)  Path(ns)    Netlist Resource(s)
  -------------------------------------------------------------------    -------------------
                         (clock jtag_tck rise edge)
                                                      0.000     0.000 r  
    CONFIG_SITE_X0Y0     BSCANE2                      0.000     0.000 r  u_bscan/TCK
                         net (fo=1, routed)           0.962     0.962    bs_tck
    BUFGCE_X1Y115        BUFGCE (Prop_BUFCE_BUFGCE_I_O)
                                                      0.017     0.979 r  u_tck_bufg/O
    X3Y3 (CLOCK_ROOT)    net (fo=118, routed)         1.048     2.027    u_soc/u_dbg/bs_tck_buf
    SLICE_X99Y217        FDCE                                         r  u_soc/u_dbg/dr_reg[13]/C
  -------------------------------------------------------------------    -------------------
    SLICE_X99Y217        FDCE (Prop_AFF_SLICEL_C_Q)
                                                      0.039     2.066 r  u_soc/u_dbg/dr_reg[13]/Q
                         net (fo=2, routed)           0.028     2.094    u_soc/u_dbg/p_0_in__0[11]
    SLICE_X99Y217        LUT3 (Prop_B6LUT_SLICEL_I2_O)
                                                      0.023     2.117 r  u_soc/u_dbg/dr[12]_i_1/O
                         net (fo=1, routed)           0.015     2.132    u_soc/u_dbg/dr[12]_i_1_n_0
    SLICE_X99Y217        FDCE                                         r  u_soc/u_dbg/dr_reg[12]/D
  -------------------------------------------------------------------    -------------------

                         (clock jtag_tck rise edge)
                                                      0.000     0.000 r  
    CONFIG_SITE_X0Y0     BSCANE2                      0.000     0.000 r  u_bscan/TCK
                         net (fo=1, routed)           1.281     1.281    bs_tck
    BUFGCE_X1Y115        BUFGCE (Prop_BUFCE_BUFGCE_I_O)
                                                      0.019     1.300 r  u_tck_bufg/O
    X3Y3 (CLOCK_ROOT)    net (fo=118, routed)         1.184     2.484    u_soc/u_dbg/bs_tck_buf
    SLICE_X99Y217        FDCE                                         r  u_soc/u_dbg/dr_reg[12]/C
                         clock pessimism             -0.451     2.033    
    SLICE_X99Y217        FDCE (Hold_BFF_SLICEL_C_D)
                                                      0.046     2.079    u_soc/u_dbg/dr_reg[12]
  -------------------------------------------------------------------
                         required time                         -2.079    
                         arrival time                           2.132    
  -------------------------------------------------------------------
                         slack                                  0.053    

Slack (MET) :             0.053ns  (arrival time - required time)
  Source:                 u_soc/u_dbg/dr_reg[19]/C
                            (rising edge-triggered cell FDCE clocked by jtag_tck  {rise@0.000ns fall@16.667ns period=33.333ns})
  Destination:            u_soc/u_dbg/dr_reg[18]/D
                            (rising edge-triggered cell FDCE clocked by jtag_tck  {rise@0.000ns fall@16.667ns period=33.333ns})
  Path Group:             jtag_tck
  Path Type:              Hold (Min at Fast Process Corner)
  Requirement:            0.000ns  (jtag_tck rise@0.000ns - jtag_tck rise@0.000ns)
  Data Path Delay:        0.105ns  (logic 0.062ns (59.226%)  route 0.043ns (40.774%))
  Logic Levels:           1  (LUT3=1)
  Clock Path Skew:        0.006ns (DCD - SCD - CPR)
    Destination Clock Delay (DCD):    2.492ns
    Source Clock Delay      (SCD):    2.035ns
    Clock Pessimism Removal (CPR):    0.452ns
  Clock Net Delay (Source):      1.056ns (routing 0.586ns, distribution 0.470ns)
  Clock Net Delay (Destination): 1.192ns (routing 0.655ns, distribution 0.537ns)

    Location             Delay type                Incr(ns)  Path(ns)    Netlist Resource(s)
  -------------------------------------------------------------------    -------------------
                         (clock jtag_tck rise edge)
                                                      0.000     0.000 r  
    CONFIG_SITE_X0Y0     BSCANE2                      0.000     0.000 r  u_bscan/TCK
                         net (fo=1, routed)           0.962     0.962    bs_tck
    BUFGCE_X1Y115        BUFGCE (Prop_BUFCE_BUFGCE_I_O)
                                                      0.017     0.979 r  u_tck_bufg/O
    X3Y3 (CLOCK_ROOT)    net (fo=118, routed)         1.056     2.035    u_soc/u_dbg/bs_tck_buf
    SLICE_X97Y218        FDCE                                         r  u_soc/u_dbg/dr_reg[19]/C
  -------------------------------------------------------------------    -------------------
    SLICE_X97Y218        FDCE (Prop_AFF_SLICEL_C_Q)
                                                      0.039     2.074 r  u_soc/u_dbg/dr_reg[19]/Q
                         net (fo=2, routed)           0.028     2.101    u_soc/u_dbg/p_0_in__0[17]
    SLICE_X97Y218        LUT3 (Prop_B6LUT_SLICEL_I2_O)
                                                      0.023     2.124 r  u_soc/u_dbg/dr[18]_i_1/O
                         net (fo=1, routed)           0.015     2.139    u_soc/u_dbg/dr[18]_i_1_n_0
    SLICE_X97Y218        FDCE                                         r  u_soc/u_dbg/dr_reg[18]/D
  -------------------------------------------------------------------    -------------------

                         (clock jtag_tck rise edge)
                                                      0.000     0.000 r  
    CONFIG_SITE_X0Y0     BSCANE2                      0.000     0.000 r  u_bscan/TCK
                         net (fo=1, routed)           1.281     1.281    bs_tck
    BUFGCE_X1Y115        BUFGCE (Prop_BUFCE_BUFGCE_I_O)
                                                      0.019     1.300 r  u_tck_bufg/O
    X3Y3 (CLOCK_ROOT)    net (fo=118, routed)         1.192     2.492    u_soc/u_dbg/bs_tck_buf
    SLICE_X97Y218        FDCE                                         r  u_soc/u_dbg/dr_reg[18]/C
                         clock pessimism             -0.452     2.041    
    SLICE_X97Y218        FDCE (Hold_BFF_SLICEL_C_D)
                                                      0.046     2.087    u_soc/u_dbg/dr_reg[18]
  -------------------------------------------------------------------
                         required time                         -2.087    
                         arrival time                           2.139    
  -------------------------------------------------------------------
                         slack                                  0.053    

Slack (MET) :             0.053ns  (arrival time - required time)
  Source:                 u_soc/u_dbg/dr_reg[28]/C
                            (rising edge-triggered cell FDCE clocked by jtag_tck  {rise@0.000ns fall@16.667ns period=33.333ns})
  Destination:            u_soc/u_dbg/dr_reg[27]/D
                            (rising edge-triggered cell FDCE clocked by jtag_tck  {rise@0.000ns fall@16.667ns period=33.333ns})
  Path Group:             jtag_tck
  Path Type:              Hold (Min at Fast Process Corner)
  Requirement:            0.000ns  (jtag_tck rise@0.000ns - jtag_tck rise@0.000ns)
  Data Path Delay:        0.105ns  (logic 0.062ns (59.226%)  route 0.043ns (40.774%))
  Logic Levels:           1  (LUT3=1)
  Clock Path Skew:        0.006ns (DCD - SCD - CPR)
    Destination Clock Delay (DCD):    2.489ns
    Source Clock Delay      (SCD):    2.032ns
    Clock Pessimism Removal (CPR):    0.451ns
  Clock Net Delay (Source):      1.053ns (routing 0.586ns, distribution 0.467ns)
  Clock Net Delay (Destination): 1.189ns (routing 0.655ns, distribution 0.534ns)

    Location             Delay type                Incr(ns)  Path(ns)    Netlist Resource(s)
  -------------------------------------------------------------------    -------------------
                         (clock jtag_tck rise edge)
                                                      0.000     0.000 r  
    CONFIG_SITE_X0Y0     BSCANE2                      0.000     0.000 r  u_bscan/TCK
                         net (fo=1, routed)           0.962     0.962    bs_tck
    BUFGCE_X1Y115        BUFGCE (Prop_BUFCE_BUFGCE_I_O)
                                                      0.017     0.979 r  u_tck_bufg/O
    X3Y3 (CLOCK_ROOT)    net (fo=118, routed)         1.053     2.032    u_soc/u_dbg/bs_tck_buf
    SLICE_X92Y217        FDCE                                         r  u_soc/u_dbg/dr_reg[28]/C
  -------------------------------------------------------------------    -------------------
    SLICE_X92Y217        FDCE (Prop_AFF_SLICEL_C_Q)
                                                      0.039     2.071 r  u_soc/u_dbg/dr_reg[28]/Q
                         net (fo=2, routed)           0.028     2.099    u_soc/u_dbg/p_0_in__0[26]
    SLICE_X92Y217        LUT3 (Prop_B6LUT_SLICEL_I2_O)
                                                      0.023     2.122 r  u_soc/u_dbg/dr[27]_i_1/O
                         net (fo=1, routed)           0.015     2.137    u_soc/u_dbg/dr[27]_i_1_n_0
    SLICE_X92Y217        FDCE                                         r  u_soc/u_dbg/dr_reg[27]/D
  -------------------------------------------------------------------    -------------------

                         (clock jtag_tck rise edge)
                                                      0.000     0.000 r  
    CONFIG_SITE_X0Y0     BSCANE2                      0.000     0.000 r  u_bscan/TCK
                         net (fo=1, routed)           1.281     1.281    bs_tck
    BUFGCE_X1Y115        BUFGCE (Prop_BUFCE_BUFGCE_I_O)
                                                      0.019     1.300 r  u_tck_bufg/O
    X3Y3 (CLOCK_ROOT)    net (fo=118, routed)         1.189     2.489    u_soc/u_dbg/bs_tck_buf
    SLICE_X92Y217        FDCE                                         r  u_soc/u_dbg/dr_reg[27]/C
                         clock pessimism             -0.451     2.038    
    SLICE_X92Y217        FDCE (Hold_BFF_SLICEL_C_D)
                                                      0.046     2.084    u_soc/u_dbg/dr_reg[27]
  -------------------------------------------------------------------
                         required time                         -2.084    
                         arrival time                           2.137    
  -------------------------------------------------------------------
                         slack                                  0.053    

Slack (MET) :             0.056ns  (arrival time - required time)
  Source:                 u_soc/u_dbg/dr_reg[4]/C
                            (rising edge-triggered cell FDCE clocked by jtag_tck  {rise@0.000ns fall@16.667ns period=33.333ns})
  Destination:            u_soc/u_dbg/req_data_reg[2]/D
                            (rising edge-triggered cell FDCE clocked by jtag_tck  {rise@0.000ns fall@16.667ns period=33.333ns})
  Path Group:             jtag_tck
  Path Type:              Hold (Min at Fast Process Corner)
  Requirement:            0.000ns  (jtag_tck rise@0.000ns - jtag_tck rise@0.000ns)
  Data Path Delay:        0.115ns  (logic 0.038ns (33.135%)  route 0.077ns (66.865%))
  Logic Levels:           0  
  Clock Path Skew:        0.012ns (DCD - SCD - CPR)
    Destination Clock Delay (DCD):    2.491ns
    Source Clock Delay      (SCD):    2.038ns
    Clock Pessimism Removal (CPR):    0.441ns
  Clock Net Delay (Source):      1.059ns (routing 0.586ns, distribution 0.473ns)
  Clock Net Delay (Destination): 1.191ns (routing 0.655ns, distribution 0.536ns)

    Location             Delay type                Incr(ns)  Path(ns)    Netlist Resource(s)
  -------------------------------------------------------------------    -------------------
                         (clock jtag_tck rise edge)
                                                      0.000     0.000 r  
    CONFIG_SITE_X0Y0     BSCANE2                      0.000     0.000 r  u_bscan/TCK
                         net (fo=1, routed)           0.962     0.962    bs_tck
    BUFGCE_X1Y115        BUFGCE (Prop_BUFCE_BUFGCE_I_O)
                                                      0.017     0.979 r  u_tck_bufg/O
    X3Y3 (CLOCK_ROOT)    net (fo=118, routed)         1.059     2.038    u_soc/u_dbg/bs_tck_buf
    SLICE_X96Y218        FDCE                                         r  u_soc/u_dbg/dr_reg[4]/C
  -------------------------------------------------------------------    -------------------
    SLICE_X96Y218        FDCE (Prop_CFF_SLICEM_C_Q)
                                                      0.038     2.076 r  u_soc/u_dbg/dr_reg[4]/Q
                         net (fo=2, routed)           0.077     2.152    u_soc/u_dbg/p_0_in__0[2]
    SLICE_X96Y217        FDCE                                         r  u_soc/u_dbg/req_data_reg[2]/D
  -------------------------------------------------------------------    -------------------

                         (clock jtag_tck rise edge)
                                                      0.000     0.000 r  
    CONFIG_SITE_X0Y0     BSCANE2                      0.000     0.000 r  u_bscan/TCK
                         net (fo=1, routed)           1.281     1.281    bs_tck
    BUFGCE_X1Y115        BUFGCE (Prop_BUFCE_BUFGCE_I_O)
                                                      0.019     1.300 r  u_tck_bufg/O
    X3Y3 (CLOCK_ROOT)    net (fo=118, routed)         1.191     2.491    u_soc/u_dbg/bs_tck_buf
    SLICE_X96Y217        FDCE                                         r  u_soc/u_dbg/req_data_reg[2]/C
                         clock pessimism             -0.441     2.050    
    SLICE_X96Y217        FDCE (Hold_GFF_SLICEM_C_D)
                                                      0.046     2.096    u_soc/u_dbg/req_data_reg[2]
  -------------------------------------------------------------------
                         required time                         -2.096    
                         arrival time                           2.152    
  -------------------------------------------------------------------
                         slack                                  0.056    





Pulse Width Checks
--------------------------------------------------------------------------------------
Clock Name:         jtag_tck
Waveform(ns):       { 0.000 16.667 }
Period(ns):         33.333
Sources:            { u_bscan/TCK }

Check Type        Corner  Lib Pin   Reference Pin  Required(ns)  Actual(ns)  Slack(ns)  Location       Pin
Min Period        n/a     BUFGCE/I  n/a            1.290         33.333      32.043     BUFGCE_X1Y115  u_tck_bufg/I
Min Period        n/a     FDCE/C    n/a            0.550         33.333      32.783     SLICE_X99Y214  u_soc/u_dbg/ack_sync_reg[0]/C
Min Period        n/a     FDCE/C    n/a            0.550         33.333      32.783     SLICE_X99Y214  u_soc/u_dbg/ack_sync_reg[1]/C
Min Period        n/a     FDCE/C    n/a            0.550         33.333      32.783     SLICE_X99Y214  u_soc/u_dbg/dr_reg[0]/C
Min Period        n/a     FDCE/C    n/a            0.550         33.333      32.783     SLICE_X99Y217  u_soc/u_dbg/dr_reg[10]/C
Min Period        n/a     FDCE/C    n/a            0.550         33.333      32.783     SLICE_X99Y217  u_soc/u_dbg/dr_reg[11]/C
Min Period        n/a     FDCE/C    n/a            0.550         33.333      32.783     SLICE_X99Y217  u_soc/u_dbg/dr_reg[12]/C
Min Period        n/a     FDCE/C    n/a            0.550         33.333      32.783     SLICE_X99Y217  u_soc/u_dbg/dr_reg[13]/C
Min Period        n/a     FDCE/C    n/a            0.550         33.333      32.783     SLICE_X95Y218  u_soc/u_dbg/dr_reg[14]/C
Min Period        n/a     FDCE/C    n/a            0.550         33.333      32.783     SLICE_X96Y218  u_soc/u_dbg/dr_reg[15]/C
Low Pulse Width   Slow    FDCE/C    n/a            0.275         16.666      16.391     SLICE_X99Y214  u_soc/u_dbg/ack_sync_reg[0]/C
Low Pulse Width   Fast    FDCE/C    n/a            0.275         16.666      16.391     SLICE_X99Y214  u_soc/u_dbg/ack_sync_reg[0]/C
Low Pulse Width   Slow    FDCE/C    n/a            0.275         16.666      16.391     SLICE_X99Y214  u_soc/u_dbg/ack_sync_reg[1]/C
Low Pulse Width   Fast    FDCE/C    n/a            0.275         16.666      16.391     SLICE_X99Y214  u_soc/u_dbg/ack_sync_reg[1]/C
Low Pulse Width   Slow    FDCE/C    n/a            0.275         16.666      16.391     SLICE_X99Y214  u_soc/u_dbg/dr_reg[0]/C
Low Pulse Width   Fast    FDCE/C    n/a            0.275         16.666      16.391     SLICE_X99Y214  u_soc/u_dbg/dr_reg[0]/C
Low Pulse Width   Slow    FDCE/C    n/a            0.275         16.666      16.391     SLICE_X99Y217  u_soc/u_dbg/dr_reg[10]/C
Low Pulse Width   Fast    FDCE/C    n/a            0.275         16.666      16.391     SLICE_X99Y217  u_soc/u_dbg/dr_reg[10]/C
Low Pulse Width   Slow    FDCE/C    n/a            0.275         16.666      16.391     SLICE_X99Y217  u_soc/u_dbg/dr_reg[11]/C
Low Pulse Width   Fast    FDCE/C    n/a            0.275         16.666      16.391     SLICE_X99Y217  u_soc/u_dbg/dr_reg[11]/C
High Pulse Width  Slow    FDCE/C    n/a            0.275         16.666      16.391     SLICE_X99Y214  u_soc/u_dbg/ack_sync_reg[0]/C
High Pulse Width  Fast    FDCE/C    n/a            0.275         16.666      16.391     SLICE_X99Y214  u_soc/u_dbg/ack_sync_reg[0]/C
High Pulse Width  Slow    FDCE/C    n/a            0.275         16.666      16.391     SLICE_X99Y214  u_soc/u_dbg/ack_sync_reg[1]/C
High Pulse Width  Fast    FDCE/C    n/a            0.275         16.666      16.391     SLICE_X99Y214  u_soc/u_dbg/ack_sync_reg[1]/C
High Pulse Width  Slow    FDCE/C    n/a            0.275         16.666      16.391     SLICE_X99Y214  u_soc/u_dbg/dr_reg[0]/C
High Pulse Width  Fast    FDCE/C    n/a            0.275         16.666      16.391     SLICE_X99Y214  u_soc/u_dbg/dr_reg[0]/C
High Pulse Width  Slow    FDCE/C    n/a            0.275         16.666      16.391     SLICE_X99Y217  u_soc/u_dbg/dr_reg[10]/C
High Pulse Width  Fast    FDCE/C    n/a            0.275         16.666      16.391     SLICE_X99Y217  u_soc/u_dbg/dr_reg[10]/C
High Pulse Width  Slow    FDCE/C    n/a            0.275         16.666      16.391     SLICE_X99Y217  u_soc/u_dbg/dr_reg[11]/C
High Pulse Width  Fast    FDCE/C    n/a            0.275         16.666      16.391     SLICE_X99Y217  u_soc/u_dbg/dr_reg[11]/C



---------------------------------------------------------------------------------------------------
Path Group:  **async_default**
From Clock:  clk
  To Clock:  clk

Setup :            0  Failing Endpoints,  Worst Slack        6.984ns,  Total Violation        0.000ns
Hold  :            0  Failing Endpoints,  Worst Slack        0.256ns,  Total Violation        0.000ns
---------------------------------------------------------------------------------------------------


Max Delay Paths
--------------------------------------------------------------------------------------
Slack (MET) :             6.984ns  (required time - arrival time)
  Source:                 u_soc/rst_n_reg/C
                            (rising edge-triggered cell FDCE clocked by clk  {rise@0.000ns fall@3.333ns period=9.999ns})
  Destination:            u_soc/u_core/mcause_reg[0]/CLR
                            (recovery check against rising-edge clock clk  {rise@0.000ns fall@3.333ns period=9.999ns})
  Path Group:             **async_default**
  Path Type:              Recovery (Max at Slow Process Corner)
  Requirement:            9.999ns  (clk rise@9.999ns - clk rise@0.000ns)
  Data Path Delay:        2.675ns  (logic 0.225ns (8.412%)  route 2.450ns (91.588%))
  Logic Levels:           1  (LUT2=1)
  Clock Path Skew:        -0.239ns (DCD - SCD + CPR)
    Destination Clock Delay (DCD):    2.395ns = ( 12.394 - 9.999 ) 
    Source Clock Delay      (SCD):    2.887ns
    Clock Pessimism Removal (CPR):    0.253ns
  Clock Uncertainty:      0.035ns  ((TSJ^2 + TIJ^2)^1/2 + DJ) / 2 + PE
    Total System Jitter     (TSJ):    0.071ns
    Total Input Jitter      (TIJ):    0.000ns
    Discrete Jitter          (DJ):    0.000ns
    Phase Error              (PE):    0.000ns
  Clock Net Delay (Source):      1.738ns (routing 0.766ns, distribution 0.972ns)
  Clock Net Delay (Destination): 1.429ns (routing 0.696ns, distribution 0.733ns)

    Location             Delay type                Incr(ns)  Path(ns)    Netlist Resource(s)
  -------------------------------------------------------------------    -------------------
                         (clock clk rise edge)        0.000     0.000 r  
    AH18                                              0.000     0.000 r  clk300_p (IN)
                         net (fo=0)                   0.100     0.100    u_ibufds/I
    HPIOBDIFFINBUF_X1Y36 DIFFINBUF (Prop_DIFFINBUF_HPIOBDIFFINBUF_DIFF_IN_P_O)
                                                      0.525     0.625 r  u_ibufds/DIFFINBUF_INST/O
                         net (fo=1, routed)           0.050     0.675    u_ibufds/OUT
    AH18                 IBUFCTRL (Prop_IBUFCTRL_HPIOB_M_I_O)
                                                      0.000     0.675 r  u_ibufds/IBUFCTRL_INST/O
                         net (fo=1, routed)           0.322     0.997    clk_ref
    BUFGCE_DIV_X1Y5      BUFGCE_DIV (Prop_BUFGCE_DIV_I_O)
                                                      0.152     1.149 r  u_div/O
    X2Y3 (CLOCK_ROOT)    net (fo=973, routed)         1.738     2.887    u_soc/clk
    SLICE_X98Y241        FDCE                                         r  u_soc/rst_n_reg/C
  -------------------------------------------------------------------    -------------------
    SLICE_X98Y241        FDCE (Prop_EFF_SLICEL_C_Q)
                                                      0.079     2.966 r  u_soc/rst_n_reg/Q
                         net (fo=496, routed)         0.829     3.796    u_soc/rst_n_0
    SLICE_X98Y218        LUT2 (Prop_D6LUT_SLICEL_I1_O)
                                                      0.146     3.942 f  u_soc/FSM_onehot_state[5]_i_3/O
                         net (fo=488, routed)         1.621     5.562    u_soc/u_core/m_axi_awaddr_reg[29]_2
    SLICE_X84Y238        FDCE                                         f  u_soc/u_core/mcause_reg[0]/CLR
  -------------------------------------------------------------------    -------------------

                         (clock clk rise edge)        9.999     9.999 r  
    AH18                                              0.000     9.999 r  clk300_p (IN)
                         net (fo=0)                   0.079    10.078    u_ibufds/I
    HPIOBDIFFINBUF_X1Y36 DIFFINBUF (Prop_DIFFINBUF_HPIOBDIFFINBUF_DIFF_IN_P_O)
                                                      0.429    10.507 r  u_ibufds/DIFFINBUF_INST/O
                         net (fo=1, routed)           0.040    10.547    u_ibufds/OUT
    AH18                 IBUFCTRL (Prop_IBUFCTRL_HPIOB_M_I_O)
                                                      0.000    10.547 r  u_ibufds/IBUFCTRL_INST/O
                         net (fo=1, routed)           0.286    10.833    clk_ref
    BUFGCE_DIV_X1Y5      BUFGCE_DIV (Prop_BUFGCE_DIV_I_O)
                                                      0.132    10.965 r  u_div/O
    X2Y3 (CLOCK_ROOT)    net (fo=973, routed)         1.429    12.394    u_soc/u_core/clk
    SLICE_X84Y238        FDCE                                         r  u_soc/u_core/mcause_reg[0]/C
                         clock pessimism              0.253    12.647    
                         clock uncertainty           -0.035    12.612    
    SLICE_X84Y238        FDCE (Recov_DFF_SLICEM_C_CLR)
                                                     -0.066    12.546    u_soc/u_core/mcause_reg[0]
  -------------------------------------------------------------------
                         required time                         12.546    
                         arrival time                          -5.562    
  -------------------------------------------------------------------
                         slack                                  6.984    

Slack (MET) :             6.984ns  (required time - arrival time)
  Source:                 u_soc/rst_n_reg/C
                            (rising edge-triggered cell FDCE clocked by clk  {rise@0.000ns fall@3.333ns period=9.999ns})
  Destination:            u_soc/u_core/mcause_reg[29]/CLR
                            (recovery check against rising-edge clock clk  {rise@0.000ns fall@3.333ns period=9.999ns})
  Path Group:             **async_default**
  Path Type:              Recovery (Max at Slow Process Corner)
  Requirement:            9.999ns  (clk rise@9.999ns - clk rise@0.000ns)
  Data Path Delay:        2.675ns  (logic 0.225ns (8.412%)  route 2.450ns (91.588%))
  Logic Levels:           1  (LUT2=1)
  Clock Path Skew:        -0.239ns (DCD - SCD + CPR)
    Destination Clock Delay (DCD):    2.395ns = ( 12.394 - 9.999 ) 
    Source Clock Delay      (SCD):    2.887ns
    Clock Pessimism Removal (CPR):    0.253ns
  Clock Uncertainty:      0.035ns  ((TSJ^2 + TIJ^2)^1/2 + DJ) / 2 + PE
    Total System Jitter     (TSJ):    0.071ns
    Total Input Jitter      (TIJ):    0.000ns
    Discrete Jitter          (DJ):    0.000ns
    Phase Error              (PE):    0.000ns
  Clock Net Delay (Source):      1.738ns (routing 0.766ns, distribution 0.972ns)
  Clock Net Delay (Destination): 1.429ns (routing 0.696ns, distribution 0.733ns)

    Location             Delay type                Incr(ns)  Path(ns)    Netlist Resource(s)
  -------------------------------------------------------------------    -------------------
                         (clock clk rise edge)        0.000     0.000 r  
    AH18                                              0.000     0.000 r  clk300_p (IN)
                         net (fo=0)                   0.100     0.100    u_ibufds/I
    HPIOBDIFFINBUF_X1Y36 DIFFINBUF (Prop_DIFFINBUF_HPIOBDIFFINBUF_DIFF_IN_P_O)
                                                      0.525     0.625 r  u_ibufds/DIFFINBUF_INST/O
                         net (fo=1, routed)           0.050     0.675    u_ibufds/OUT
    AH18                 IBUFCTRL (Prop_IBUFCTRL_HPIOB_M_I_O)
                                                      0.000     0.675 r  u_ibufds/IBUFCTRL_INST/O
                         net (fo=1, routed)           0.322     0.997    clk_ref
    BUFGCE_DIV_X1Y5      BUFGCE_DIV (Prop_BUFGCE_DIV_I_O)
                                                      0.152     1.149 r  u_div/O
    X2Y3 (CLOCK_ROOT)    net (fo=973, routed)         1.738     2.887    u_soc/clk
    SLICE_X98Y241        FDCE                                         r  u_soc/rst_n_reg/C
  -------------------------------------------------------------------    -------------------
    SLICE_X98Y241        FDCE (Prop_EFF_SLICEL_C_Q)
                                                      0.079     2.966 r  u_soc/rst_n_reg/Q
                         net (fo=496, routed)         0.829     3.796    u_soc/rst_n_0
    SLICE_X98Y218        LUT2 (Prop_D6LUT_SLICEL_I1_O)
                                                      0.146     3.942 f  u_soc/FSM_onehot_state[5]_i_3/O
                         net (fo=488, routed)         1.621     5.562    u_soc/u_core/m_axi_awaddr_reg[29]_2
    SLICE_X84Y238        FDCE                                         f  u_soc/u_core/mcause_reg[29]/CLR
  -------------------------------------------------------------------    -------------------

                         (clock clk rise edge)        9.999     9.999 r  
    AH18                                              0.000     9.999 r  clk300_p (IN)
                         net (fo=0)                   0.079    10.078    u_ibufds/I
    HPIOBDIFFINBUF_X1Y36 DIFFINBUF (Prop_DIFFINBUF_HPIOBDIFFINBUF_DIFF_IN_P_O)
                                                      0.429    10.507 r  u_ibufds/DIFFINBUF_INST/O
                         net (fo=1, routed)           0.040    10.547    u_ibufds/OUT
    AH18                 IBUFCTRL (Prop_IBUFCTRL_HPIOB_M_I_O)
                                                      0.000    10.547 r  u_ibufds/IBUFCTRL_INST/O
                         net (fo=1, routed)           0.286    10.833    clk_ref
    BUFGCE_DIV_X1Y5      BUFGCE_DIV (Prop_BUFGCE_DIV_I_O)
                                                      0.132    10.965 r  u_div/O
    X2Y3 (CLOCK_ROOT)    net (fo=973, routed)         1.429    12.394    u_soc/u_core/clk
    SLICE_X84Y238        FDCE                                         r  u_soc/u_core/mcause_reg[29]/C
                         clock pessimism              0.253    12.647    
                         clock uncertainty           -0.035    12.612    
    SLICE_X84Y238        FDCE (Recov_DFF2_SLICEM_C_CLR)
                                                     -0.066    12.546    u_soc/u_core/mcause_reg[29]
  -------------------------------------------------------------------
                         required time                         12.546    
                         arrival time                          -5.562    
  -------------------------------------------------------------------
                         slack                                  6.984    

Slack (MET) :             6.986ns  (required time - arrival time)
  Source:                 u_soc/rst_n_reg/C
                            (rising edge-triggered cell FDCE clocked by clk  {rise@0.000ns fall@3.333ns period=9.999ns})
  Destination:            u_soc/u_core/mscratch_reg[0]/CLR
                            (recovery check against rising-edge clock clk  {rise@0.000ns fall@3.333ns period=9.999ns})
  Path Group:             **async_default**
  Path Type:              Recovery (Max at Slow Process Corner)
  Requirement:            9.999ns  (clk rise@9.999ns - clk rise@0.000ns)
  Data Path Delay:        2.672ns  (logic 0.225ns (8.421%)  route 2.447ns (91.579%))
  Logic Levels:           1  (LUT2=1)
  Clock Path Skew:        -0.240ns (DCD - SCD + CPR)
    Destination Clock Delay (DCD):    2.394ns = ( 12.393 - 9.999 ) 
    Source Clock Delay      (SCD):    2.887ns
    Clock Pessimism Removal (CPR):    0.253ns
  Clock Uncertainty:      0.035ns  ((TSJ^2 + TIJ^2)^1/2 + DJ) / 2 + PE
    Total System Jitter     (TSJ):    0.071ns
    Total Input Jitter      (TIJ):    0.000ns
    Discrete Jitter          (DJ):    0.000ns
    Phase Error              (PE):    0.000ns
  Clock Net Delay (Source):      1.738ns (routing 0.766ns, distribution 0.972ns)
  Clock Net Delay (Destination): 1.428ns (routing 0.696ns, distribution 0.732ns)

    Location             Delay type                Incr(ns)  Path(ns)    Netlist Resource(s)
  -------------------------------------------------------------------    -------------------
                         (clock clk rise edge)        0.000     0.000 r  
    AH18                                              0.000     0.000 r  clk300_p (IN)
                         net (fo=0)                   0.100     0.100    u_ibufds/I
    HPIOBDIFFINBUF_X1Y36 DIFFINBUF (Prop_DIFFINBUF_HPIOBDIFFINBUF_DIFF_IN_P_O)
                                                      0.525     0.625 r  u_ibufds/DIFFINBUF_INST/O
                         net (fo=1, routed)           0.050     0.675    u_ibufds/OUT
    AH18                 IBUFCTRL (Prop_IBUFCTRL_HPIOB_M_I_O)
                                                      0.000     0.675 r  u_ibufds/IBUFCTRL_INST/O
                         net (fo=1, routed)           0.322     0.997    clk_ref
    BUFGCE_DIV_X1Y5      BUFGCE_DIV (Prop_BUFGCE_DIV_I_O)
                                                      0.152     1.149 r  u_div/O
    X2Y3 (CLOCK_ROOT)    net (fo=973, routed)         1.738     2.887    u_soc/clk
    SLICE_X98Y241        FDCE                                         r  u_soc/rst_n_reg/C
  -------------------------------------------------------------------    -------------------
    SLICE_X98Y241        FDCE (Prop_EFF_SLICEL_C_Q)
                                                      0.079     2.966 r  u_soc/rst_n_reg/Q
                         net (fo=496, routed)         0.829     3.796    u_soc/rst_n_0
    SLICE_X98Y218        LUT2 (Prop_D6LUT_SLICEL_I1_O)
                                                      0.146     3.942 f  u_soc/FSM_onehot_state[5]_i_3/O
                         net (fo=488, routed)         1.618     5.559    u_soc/u_core/m_axi_awaddr_reg[29]_2
    SLICE_X84Y238        FDCE                                         f  u_soc/u_core/mscratch_reg[0]/CLR
  -------------------------------------------------------------------    -------------------

                         (clock clk rise edge)        9.999     9.999 r  
    AH18                                              0.000     9.999 r  clk300_p (IN)
                         net (fo=0)                   0.079    10.078    u_ibufds/I
    HPIOBDIFFINBUF_X1Y36 DIFFINBUF (Prop_DIFFINBUF_HPIOBDIFFINBUF_DIFF_IN_P_O)
                                                      0.429    10.507 r  u_ibufds/DIFFINBUF_INST/O
                         net (fo=1, routed)           0.040    10.547    u_ibufds/OUT
    AH18                 IBUFCTRL (Prop_IBUFCTRL_HPIOB_M_I_O)
                                                      0.000    10.547 r  u_ibufds/IBUFCTRL_INST/O
                         net (fo=1, routed)           0.286    10.833    clk_ref
    BUFGCE_DIV_X1Y5      BUFGCE_DIV (Prop_BUFGCE_DIV_I_O)
                                                      0.132    10.965 r  u_div/O
    X2Y3 (CLOCK_ROOT)    net (fo=973, routed)         1.428    12.393    u_soc/u_core/clk
    SLICE_X84Y238        FDCE                                         r  u_soc/u_core/mscratch_reg[0]/C
                         clock pessimism              0.253    12.646    
                         clock uncertainty           -0.035    12.611    
    SLICE_X84Y238        FDCE (Recov_EFF_SLICEM_C_CLR)
                                                     -0.066    12.545    u_soc/u_core/mscratch_reg[0]
  -------------------------------------------------------------------
                         required time                         12.545    
                         arrival time                          -5.559    
  -------------------------------------------------------------------
                         slack                                  6.986    

Slack (MET) :             6.986ns  (required time - arrival time)
  Source:                 u_soc/rst_n_reg/C
                            (rising edge-triggered cell FDCE clocked by clk  {rise@0.000ns fall@3.333ns period=9.999ns})
  Destination:            u_soc/u_core/mscratch_reg[29]/CLR
                            (recovery check against rising-edge clock clk  {rise@0.000ns fall@3.333ns period=9.999ns})
  Path Group:             **async_default**
  Path Type:              Recovery (Max at Slow Process Corner)
  Requirement:            9.999ns  (clk rise@9.999ns - clk rise@0.000ns)
  Data Path Delay:        2.672ns  (logic 0.225ns (8.421%)  route 2.447ns (91.579%))
  Logic Levels:           1  (LUT2=1)
  Clock Path Skew:        -0.240ns (DCD - SCD + CPR)
    Destination Clock Delay (DCD):    2.394ns = ( 12.393 - 9.999 ) 
    Source Clock Delay      (SCD):    2.887ns
    Clock Pessimism Removal (CPR):    0.253ns
  Clock Uncertainty:      0.035ns  ((TSJ^2 + TIJ^2)^1/2 + DJ) / 2 + PE
    Total System Jitter     (TSJ):    0.071ns
    Total Input Jitter      (TIJ):    0.000ns
    Discrete Jitter          (DJ):    0.000ns
    Phase Error              (PE):    0.000ns
  Clock Net Delay (Source):      1.738ns (routing 0.766ns, distribution 0.972ns)
  Clock Net Delay (Destination): 1.428ns (routing 0.696ns, distribution 0.732ns)

    Location             Delay type                Incr(ns)  Path(ns)    Netlist Resource(s)
  -------------------------------------------------------------------    -------------------
                         (clock clk rise edge)        0.000     0.000 r  
    AH18                                              0.000     0.000 r  clk300_p (IN)
                         net (fo=0)                   0.100     0.100    u_ibufds/I
    HPIOBDIFFINBUF_X1Y36 DIFFINBUF (Prop_DIFFINBUF_HPIOBDIFFINBUF_DIFF_IN_P_O)
                                                      0.525     0.625 r  u_ibufds/DIFFINBUF_INST/O
                         net (fo=1, routed)           0.050     0.675    u_ibufds/OUT
    AH18                 IBUFCTRL (Prop_IBUFCTRL_HPIOB_M_I_O)
                                                      0.000     0.675 r  u_ibufds/IBUFCTRL_INST/O
                         net (fo=1, routed)           0.322     0.997    clk_ref
    BUFGCE_DIV_X1Y5      BUFGCE_DIV (Prop_BUFGCE_DIV_I_O)
                                                      0.152     1.149 r  u_div/O
    X2Y3 (CLOCK_ROOT)    net (fo=973, routed)         1.738     2.887    u_soc/clk
    SLICE_X98Y241        FDCE                                         r  u_soc/rst_n_reg/C
  -------------------------------------------------------------------    -------------------
    SLICE_X98Y241        FDCE (Prop_EFF_SLICEL_C_Q)
                                                      0.079     2.966 r  u_soc/rst_n_reg/Q
                         net (fo=496, routed)         0.829     3.796    u_soc/rst_n_0
    SLICE_X98Y218        LUT2 (Prop_D6LUT_SLICEL_I1_O)
                                                      0.146     3.942 f  u_soc/FSM_onehot_state[5]_i_3/O
                         net (fo=488, routed)         1.618     5.559    u_soc/u_core/m_axi_awaddr_reg[29]_2
    SLICE_X84Y238        FDCE                                         f  u_soc/u_core/mscratch_reg[29]/CLR
  -------------------------------------------------------------------    -------------------

                         (clock clk rise edge)        9.999     9.999 r  
    AH18                                              0.000     9.999 r  clk300_p (IN)
                         net (fo=0)                   0.079    10.078    u_ibufds/I
    HPIOBDIFFINBUF_X1Y36 DIFFINBUF (Prop_DIFFINBUF_HPIOBDIFFINBUF_DIFF_IN_P_O)
                                                      0.429    10.507 r  u_ibufds/DIFFINBUF_INST/O
                         net (fo=1, routed)           0.040    10.547    u_ibufds/OUT
    AH18                 IBUFCTRL (Prop_IBUFCTRL_HPIOB_M_I_O)
                                                      0.000    10.547 r  u_ibufds/IBUFCTRL_INST/O
                         net (fo=1, routed)           0.286    10.833    clk_ref
    BUFGCE_DIV_X1Y5      BUFGCE_DIV (Prop_BUFGCE_DIV_I_O)
                                                      0.132    10.965 r  u_div/O
    X2Y3 (CLOCK_ROOT)    net (fo=973, routed)         1.428    12.393    u_soc/u_core/clk
    SLICE_X84Y238        FDCE                                         r  u_soc/u_core/mscratch_reg[29]/C
                         clock pessimism              0.253    12.646    
                         clock uncertainty           -0.035    12.611    
    SLICE_X84Y238        FDCE (Recov_EFF2_SLICEM_C_CLR)
                                                     -0.066    12.545    u_soc/u_core/mscratch_reg[29]
  -------------------------------------------------------------------
                         required time                         12.545    
                         arrival time                          -5.559    
  -------------------------------------------------------------------
                         slack                                  6.986    

Slack (MET) :             6.995ns  (required time - arrival time)
  Source:                 u_soc/rst_n_reg/C
                            (rising edge-triggered cell FDCE clocked by clk  {rise@0.000ns fall@3.333ns period=9.999ns})
  Destination:            u_soc/u_core/mcause_reg[15]/CLR
                            (recovery check against rising-edge clock clk  {rise@0.000ns fall@3.333ns period=9.999ns})
  Path Group:             **async_default**
  Path Type:              Recovery (Max at Slow Process Corner)
  Requirement:            9.999ns  (clk rise@9.999ns - clk rise@0.000ns)
  Data Path Delay:        2.660ns  (logic 0.225ns (8.459%)  route 2.435ns (91.541%))
  Logic Levels:           1  (LUT2=1)
  Clock Path Skew:        -0.243ns (DCD - SCD + CPR)
    Destination Clock Delay (DCD):    2.391ns = ( 12.390 - 9.999 ) 
    Source Clock Delay      (SCD):    2.887ns
    Clock Pessimism Removal (CPR):    0.253ns
  Clock Uncertainty:      0.035ns  ((TSJ^2 + TIJ^2)^1/2 + DJ) / 2 + PE
    Total System Jitter     (TSJ):    0.071ns
    Total Input Jitter      (TIJ):    0.000ns
    Discrete Jitter          (DJ):    0.000ns
    Phase Error              (PE):    0.000ns
  Clock Net Delay (Source):      1.738ns (routing 0.766ns, distribution 0.972ns)
  Clock Net Delay (Destination): 1.425ns (routing 0.696ns, distribution 0.729ns)

    Location             Delay type                Incr(ns)  Path(ns)    Netlist Resource(s)
  -------------------------------------------------------------------    -------------------
                         (clock clk rise edge)        0.000     0.000 r  
    AH18                                              0.000     0.000 r  clk300_p (IN)
                         net (fo=0)                   0.100     0.100    u_ibufds/I
    HPIOBDIFFINBUF_X1Y36 DIFFINBUF (Prop_DIFFINBUF_HPIOBDIFFINBUF_DIFF_IN_P_O)
                                                      0.525     0.625 r  u_ibufds/DIFFINBUF_INST/O
                         net (fo=1, routed)           0.050     0.675    u_ibufds/OUT
    AH18                 IBUFCTRL (Prop_IBUFCTRL_HPIOB_M_I_O)
                                                      0.000     0.675 r  u_ibufds/IBUFCTRL_INST/O
                         net (fo=1, routed)           0.322     0.997    clk_ref
    BUFGCE_DIV_X1Y5      BUFGCE_DIV (Prop_BUFGCE_DIV_I_O)
                                                      0.152     1.149 r  u_div/O
    X2Y3 (CLOCK_ROOT)    net (fo=973, routed)         1.738     2.887    u_soc/clk
    SLICE_X98Y241        FDCE                                         r  u_soc/rst_n_reg/C
  -------------------------------------------------------------------    -------------------
    SLICE_X98Y241        FDCE (Prop_EFF_SLICEL_C_Q)
                                                      0.079     2.966 r  u_soc/rst_n_reg/Q
                         net (fo=496, routed)         0.829     3.796    u_soc/rst_n_0
    SLICE_X98Y218        LUT2 (Prop_D6LUT_SLICEL_I1_O)
                                                      0.146     3.942 f  u_soc/FSM_onehot_state[5]_i_3/O
                         net (fo=488, routed)         1.606     5.547    u_soc/u_core/m_axi_awaddr_reg[29]_2
    SLICE_X85Y238        FDCE                                         f  u_soc/u_core/mcause_reg[15]/CLR
  -------------------------------------------------------------------    -------------------

                         (clock clk rise edge)        9.999     9.999 r  
    AH18                                              0.000     9.999 r  clk300_p (IN)
                         net (fo=0)                   0.079    10.078    u_ibufds/I
    HPIOBDIFFINBUF_X1Y36 DIFFINBUF (Prop_DIFFINBUF_HPIOBDIFFINBUF_DIFF_IN_P_O)
                                                      0.429    10.507 r  u_ibufds/DIFFINBUF_INST/O
                         net (fo=1, routed)           0.040    10.547    u_ibufds/OUT
    AH18                 IBUFCTRL (Prop_IBUFCTRL_HPIOB_M_I_O)
                                                      0.000    10.547 r  u_ibufds/IBUFCTRL_INST/O
                         net (fo=1, routed)           0.286    10.833    clk_ref
    BUFGCE_DIV_X1Y5      BUFGCE_DIV (Prop_BUFGCE_DIV_I_O)
                                                      0.132    10.965 r  u_div/O
    X2Y3 (CLOCK_ROOT)    net (fo=973, routed)         1.425    12.390    u_soc/u_core/clk
    SLICE_X85Y238        FDCE                                         r  u_soc/u_core/mcause_reg[15]/C
                         clock pessimism              0.253    12.643    
                         clock uncertainty           -0.035    12.608    
    SLICE_X85Y238        FDCE (Recov_DFF_SLICEL_C_CLR)
                                                     -0.066    12.542    u_soc/u_core/mcause_reg[15]
  -------------------------------------------------------------------
                         required time                         12.542    
                         arrival time                          -5.547    
  -------------------------------------------------------------------
                         slack                                  6.995    

Slack (MET) :             6.995ns  (required time - arrival time)
  Source:                 u_soc/rst_n_reg/C
                            (rising edge-triggered cell FDCE clocked by clk  {rise@0.000ns fall@3.333ns period=9.999ns})
  Destination:            u_soc/u_core/mcause_reg[16]/CLR
                            (recovery check against rising-edge clock clk  {rise@0.000ns fall@3.333ns period=9.999ns})
  Path Group:             **async_default**
  Path Type:              Recovery (Max at Slow Process Corner)
  Requirement:            9.999ns  (clk rise@9.999ns - clk rise@0.000ns)
  Data Path Delay:        2.660ns  (logic 0.225ns (8.459%)  route 2.435ns (91.541%))
  Logic Levels:           1  (LUT2=1)
  Clock Path Skew:        -0.243ns (DCD - SCD + CPR)
    Destination Clock Delay (DCD):    2.391ns = ( 12.390 - 9.999 ) 
    Source Clock Delay      (SCD):    2.887ns
    Clock Pessimism Removal (CPR):    0.253ns
  Clock Uncertainty:      0.035ns  ((TSJ^2 + TIJ^2)^1/2 + DJ) / 2 + PE
    Total System Jitter     (TSJ):    0.071ns
    Total Input Jitter      (TIJ):    0.000ns
    Discrete Jitter          (DJ):    0.000ns
    Phase Error              (PE):    0.000ns
  Clock Net Delay (Source):      1.738ns (routing 0.766ns, distribution 0.972ns)
  Clock Net Delay (Destination): 1.425ns (routing 0.696ns, distribution 0.729ns)

    Location             Delay type                Incr(ns)  Path(ns)    Netlist Resource(s)
  -------------------------------------------------------------------    -------------------
                         (clock clk rise edge)        0.000     0.000 r  
    AH18                                              0.000     0.000 r  clk300_p (IN)
                         net (fo=0)                   0.100     0.100    u_ibufds/I
    HPIOBDIFFINBUF_X1Y36 DIFFINBUF (Prop_DIFFINBUF_HPIOBDIFFINBUF_DIFF_IN_P_O)
                                                      0.525     0.625 r  u_ibufds/DIFFINBUF_INST/O
                         net (fo=1, routed)           0.050     0.675    u_ibufds/OUT
    AH18                 IBUFCTRL (Prop_IBUFCTRL_HPIOB_M_I_O)
                                                      0.000     0.675 r  u_ibufds/IBUFCTRL_INST/O
                         net (fo=1, routed)           0.322     0.997    clk_ref
    BUFGCE_DIV_X1Y5      BUFGCE_DIV (Prop_BUFGCE_DIV_I_O)
                                                      0.152     1.149 r  u_div/O
    X2Y3 (CLOCK_ROOT)    net (fo=973, routed)         1.738     2.887    u_soc/clk
    SLICE_X98Y241        FDCE                                         r  u_soc/rst_n_reg/C
  -------------------------------------------------------------------    -------------------
    SLICE_X98Y241        FDCE (Prop_EFF_SLICEL_C_Q)
                                                      0.079     2.966 r  u_soc/rst_n_reg/Q
                         net (fo=496, routed)         0.829     3.796    u_soc/rst_n_0
    SLICE_X98Y218        LUT2 (Prop_D6LUT_SLICEL_I1_O)
                                                      0.146     3.942 f  u_soc/FSM_onehot_state[5]_i_3/O
                         net (fo=488, routed)         1.606     5.547    u_soc/u_core/m_axi_awaddr_reg[29]_2
    SLICE_X85Y238        FDCE                                         f  u_soc/u_core/mcause_reg[16]/CLR
  -------------------------------------------------------------------    -------------------

                         (clock clk rise edge)        9.999     9.999 r  
    AH18                                              0.000     9.999 r  clk300_p (IN)
                         net (fo=0)                   0.079    10.078    u_ibufds/I
    HPIOBDIFFINBUF_X1Y36 DIFFINBUF (Prop_DIFFINBUF_HPIOBDIFFINBUF_DIFF_IN_P_O)
                                                      0.429    10.507 r  u_ibufds/DIFFINBUF_INST/O
                         net (fo=1, routed)           0.040    10.547    u_ibufds/OUT
    AH18                 IBUFCTRL (Prop_IBUFCTRL_HPIOB_M_I_O)
                                                      0.000    10.547 r  u_ibufds/IBUFCTRL_INST/O
                         net (fo=1, routed)           0.286    10.833    clk_ref
    BUFGCE_DIV_X1Y5      BUFGCE_DIV (Prop_BUFGCE_DIV_I_O)
                                                      0.132    10.965 r  u_div/O
    X2Y3 (CLOCK_ROOT)    net (fo=973, routed)         1.425    12.390    u_soc/u_core/clk
    SLICE_X85Y238        FDCE                                         r  u_soc/u_core/mcause_reg[16]/C
                         clock pessimism              0.253    12.643    
                         clock uncertainty           -0.035    12.608    
    SLICE_X85Y238        FDCE (Recov_DFF2_SLICEL_C_CLR)
                                                     -0.066    12.542    u_soc/u_core/mcause_reg[16]
  -------------------------------------------------------------------
                         required time                         12.542    
                         arrival time                          -5.547    
  -------------------------------------------------------------------
                         slack                                  6.995    

Slack (MET) :             6.998ns  (required time - arrival time)
  Source:                 u_soc/rst_n_reg/C
                            (rising edge-triggered cell FDCE clocked by clk  {rise@0.000ns fall@3.333ns period=9.999ns})
  Destination:            u_soc/u_core/mscratch_reg[15]/CLR
                            (recovery check against rising-edge clock clk  {rise@0.000ns fall@3.333ns period=9.999ns})
  Path Group:             **async_default**
  Path Type:              Recovery (Max at Slow Process Corner)
  Requirement:            9.999ns  (clk rise@9.999ns - clk rise@0.000ns)
  Data Path Delay:        2.659ns  (logic 0.225ns (8.463%)  route 2.434ns (91.537%))
  Logic Levels:           1  (LUT2=1)
  Clock Path Skew:        -0.241ns (DCD - SCD + CPR)
    Destination Clock Delay (DCD):    2.393ns = ( 12.392 - 9.999 ) 
    Source Clock Delay      (SCD):    2.887ns
    Clock Pessimism Removal (CPR):    0.253ns
  Clock Uncertainty:      0.035ns  ((TSJ^2 + TIJ^2)^1/2 + DJ) / 2 + PE
    Total System Jitter     (TSJ):    0.071ns
    Total Input Jitter      (TIJ):    0.000ns
    Discrete Jitter          (DJ):    0.000ns
    Phase Error              (PE):    0.000ns
  Clock Net Delay (Source):      1.738ns (routing 0.766ns, distribution 0.972ns)
  Clock Net Delay (Destination): 1.427ns (routing 0.696ns, distribution 0.731ns)

    Location             Delay type                Incr(ns)  Path(ns)    Netlist Resource(s)
  -------------------------------------------------------------------    -------------------
                         (clock clk rise edge)        0.000     0.000 r  
    AH18                                              0.000     0.000 r  clk300_p (IN)
                         net (fo=0)                   0.100     0.100    u_ibufds/I
    HPIOBDIFFINBUF_X1Y36 DIFFINBUF (Prop_DIFFINBUF_HPIOBDIFFINBUF_DIFF_IN_P_O)
                                                      0.525     0.625 r  u_ibufds/DIFFINBUF_INST/O
                         net (fo=1, routed)           0.050     0.675    u_ibufds/OUT
    AH18                 IBUFCTRL (Prop_IBUFCTRL_HPIOB_M_I_O)
                                                      0.000     0.675 r  u_ibufds/IBUFCTRL_INST/O
                         net (fo=1, routed)           0.322     0.997    clk_ref
    BUFGCE_DIV_X1Y5      BUFGCE_DIV (Prop_BUFGCE_DIV_I_O)
                                                      0.152     1.149 r  u_div/O
    X2Y3 (CLOCK_ROOT)    net (fo=973, routed)         1.738     2.887    u_soc/clk
    SLICE_X98Y241        FDCE                                         r  u_soc/rst_n_reg/C
  -------------------------------------------------------------------    -------------------
    SLICE_X98Y241        FDCE (Prop_EFF_SLICEL_C_Q)
                                                      0.079     2.966 r  u_soc/rst_n_reg/Q
                         net (fo=496, routed)         0.829     3.796    u_soc/rst_n_0
    SLICE_X98Y218        LUT2 (Prop_D6LUT_SLICEL_I1_O)
                                                      0.146     3.942 f  u_soc/FSM_onehot_state[5]_i_3/O
                         net (fo=488, routed)         1.605     5.546    u_soc/u_core/m_axi_awaddr_reg[29]_2
    SLICE_X85Y238        FDCE                                         f  u_soc/u_core/mscratch_reg[15]/CLR
  -------------------------------------------------------------------    -------------------

                         (clock clk rise edge)        9.999     9.999 r  
    AH18                                              0.000     9.999 r  clk300_p (IN)
                         net (fo=0)                   0.079    10.078    u_ibufds/I
    HPIOBDIFFINBUF_X1Y36 DIFFINBUF (Prop_DIFFINBUF_HPIOBDIFFINBUF_DIFF_IN_P_O)
                                                      0.429    10.507 r  u_ibufds/DIFFINBUF_INST/O
                         net (fo=1, routed)           0.040    10.547    u_ibufds/OUT
    AH18                 IBUFCTRL (Prop_IBUFCTRL_HPIOB_M_I_O)
                                                      0.000    10.547 r  u_ibufds/IBUFCTRL_INST/O
                         net (fo=1, routed)           0.286    10.833    clk_ref
    BUFGCE_DIV_X1Y5      BUFGCE_DIV (Prop_BUFGCE_DIV_I_O)
                                                      0.132    10.965 r  u_div/O
    X2Y3 (CLOCK_ROOT)    net (fo=973, routed)         1.427    12.392    u_soc/u_core/clk
    SLICE_X85Y238        FDCE                                         r  u_soc/u_core/mscratch_reg[15]/C
                         clock pessimism              0.253    12.645    
                         clock uncertainty           -0.035    12.610    
    SLICE_X85Y238        FDCE (Recov_HFF2_SLICEL_C_CLR)
                                                     -0.066    12.544    u_soc/u_core/mscratch_reg[15]
  -------------------------------------------------------------------
                         required time                         12.544    
                         arrival time                          -5.546    
  -------------------------------------------------------------------
                         slack                                  6.998    

Slack (MET) :             6.998ns  (required time - arrival time)
  Source:                 u_soc/rst_n_reg/C
                            (rising edge-triggered cell FDCE clocked by clk  {rise@0.000ns fall@3.333ns period=9.999ns})
  Destination:            u_soc/u_core/mscratch_reg[16]/CLR
                            (recovery check against rising-edge clock clk  {rise@0.000ns fall@3.333ns period=9.999ns})
  Path Group:             **async_default**
  Path Type:              Recovery (Max at Slow Process Corner)
  Requirement:            9.999ns  (clk rise@9.999ns - clk rise@0.000ns)
  Data Path Delay:        2.659ns  (logic 0.225ns (8.463%)  route 2.434ns (91.537%))
  Logic Levels:           1  (LUT2=1)
  Clock Path Skew:        -0.241ns (DCD - SCD + CPR)
    Destination Clock Delay (DCD):    2.393ns = ( 12.392 - 9.999 ) 
    Source Clock Delay      (SCD):    2.887ns
    Clock Pessimism Removal (CPR):    0.253ns
  Clock Uncertainty:      0.035ns  ((TSJ^2 + TIJ^2)^1/2 + DJ) / 2 + PE
    Total System Jitter     (TSJ):    0.071ns
    Total Input Jitter      (TIJ):    0.000ns
    Discrete Jitter          (DJ):    0.000ns
    Phase Error              (PE):    0.000ns
  Clock Net Delay (Source):      1.738ns (routing 0.766ns, distribution 0.972ns)
  Clock Net Delay (Destination): 1.427ns (routing 0.696ns, distribution 0.731ns)

    Location             Delay type                Incr(ns)  Path(ns)    Netlist Resource(s)
  -------------------------------------------------------------------    -------------------
                         (clock clk rise edge)        0.000     0.000 r  
    AH18                                              0.000     0.000 r  clk300_p (IN)
                         net (fo=0)                   0.100     0.100    u_ibufds/I
    HPIOBDIFFINBUF_X1Y36 DIFFINBUF (Prop_DIFFINBUF_HPIOBDIFFINBUF_DIFF_IN_P_O)
                                                      0.525     0.625 r  u_ibufds/DIFFINBUF_INST/O
                         net (fo=1, routed)           0.050     0.675    u_ibufds/OUT
    AH18                 IBUFCTRL (Prop_IBUFCTRL_HPIOB_M_I_O)
                                                      0.000     0.675 r  u_ibufds/IBUFCTRL_INST/O
                         net (fo=1, routed)           0.322     0.997    clk_ref
    BUFGCE_DIV_X1Y5      BUFGCE_DIV (Prop_BUFGCE_DIV_I_O)
                                                      0.152     1.149 r  u_div/O
    X2Y3 (CLOCK_ROOT)    net (fo=973, routed)         1.738     2.887    u_soc/clk
    SLICE_X98Y241        FDCE                                         r  u_soc/rst_n_reg/C
  -------------------------------------------------------------------    -------------------
    SLICE_X98Y241        FDCE (Prop_EFF_SLICEL_C_Q)
                                                      0.079     2.966 r  u_soc/rst_n_reg/Q
                         net (fo=496, routed)         0.829     3.796    u_soc/rst_n_0
    SLICE_X98Y218        LUT2 (Prop_D6LUT_SLICEL_I1_O)
                                                      0.146     3.942 f  u_soc/FSM_onehot_state[5]_i_3/O
                         net (fo=488, routed)         1.605     5.546    u_soc/u_core/m_axi_awaddr_reg[29]_2
    SLICE_X85Y238        FDCE                                         f  u_soc/u_core/mscratch_reg[16]/CLR
  -------------------------------------------------------------------    -------------------

                         (clock clk rise edge)        9.999     9.999 r  
    AH18                                              0.000     9.999 r  clk300_p (IN)
                         net (fo=0)                   0.079    10.078    u_ibufds/I
    HPIOBDIFFINBUF_X1Y36 DIFFINBUF (Prop_DIFFINBUF_HPIOBDIFFINBUF_DIFF_IN_P_O)
                                                      0.429    10.507 r  u_ibufds/DIFFINBUF_INST/O
                         net (fo=1, routed)           0.040    10.547    u_ibufds/OUT
    AH18                 IBUFCTRL (Prop_IBUFCTRL_HPIOB_M_I_O)
                                                      0.000    10.547 r  u_ibufds/IBUFCTRL_INST/O
                         net (fo=1, routed)           0.286    10.833    clk_ref
    BUFGCE_DIV_X1Y5      BUFGCE_DIV (Prop_BUFGCE_DIV_I_O)
                                                      0.132    10.965 r  u_div/O
    X2Y3 (CLOCK_ROOT)    net (fo=973, routed)         1.427    12.392    u_soc/u_core/clk
    SLICE_X85Y238        FDCE                                         r  u_soc/u_core/mscratch_reg[16]/C
                         clock pessimism              0.253    12.645    
                         clock uncertainty           -0.035    12.610    
    SLICE_X85Y238        FDCE (Recov_GFF2_SLICEL_C_CLR)
                                                     -0.066    12.544    u_soc/u_core/mscratch_reg[16]
  -------------------------------------------------------------------
                         required time                         12.544    
                         arrival time                          -5.546    
  -------------------------------------------------------------------
                         slack                                  6.998    

Slack (MET) :             6.998ns  (required time - arrival time)
  Source:                 u_soc/rst_n_reg/C
                            (rising edge-triggered cell FDCE clocked by clk  {rise@0.000ns fall@3.333ns period=9.999ns})
  Destination:            u_soc/u_core/mtvec_reg[16]/CLR
                            (recovery check against rising-edge clock clk  {rise@0.000ns fall@3.333ns period=9.999ns})
  Path Group:             **async_default**
  Path Type:              Recovery (Max at Slow Process Corner)
  Requirement:            9.999ns  (clk rise@9.999ns - clk rise@0.000ns)
  Data Path Delay:        2.659ns  (logic 0.225ns (8.463%)  route 2.434ns (91.537%))
  Logic Levels:           1  (LUT2=1)
  Clock Path Skew:        -0.241ns (DCD - SCD + CPR)
    Destination Clock Delay (DCD):    2.393ns = ( 12.392 - 9.999 ) 
    Source Clock Delay      (SCD):    2.887ns
    Clock Pessimism Removal (CPR):    0.253ns
  Clock Uncertainty:      0.035ns  ((TSJ^2 + TIJ^2)^1/2 + DJ) / 2 + PE
    Total System Jitter     (TSJ):    0.071ns
    Total Input Jitter      (TIJ):    0.000ns
    Discrete Jitter          (DJ):    0.000ns
    Phase Error              (PE):    0.000ns
  Clock Net Delay (Source):      1.738ns (routing 0.766ns, distribution 0.972ns)
  Clock Net Delay (Destination): 1.427ns (routing 0.696ns, distribution 0.731ns)

    Location             Delay type                Incr(ns)  Path(ns)    Netlist Resource(s)
  -------------------------------------------------------------------    -------------------
                         (clock clk rise edge)        0.000     0.000 r  
    AH18                                              0.000     0.000 r  clk300_p (IN)
                         net (fo=0)                   0.100     0.100    u_ibufds/I
    HPIOBDIFFINBUF_X1Y36 DIFFINBUF (Prop_DIFFINBUF_HPIOBDIFFINBUF_DIFF_IN_P_O)
                                                      0.525     0.625 r  u_ibufds/DIFFINBUF_INST/O
                         net (fo=1, routed)           0.050     0.675    u_ibufds/OUT
    AH18                 IBUFCTRL (Prop_IBUFCTRL_HPIOB_M_I_O)
                                                      0.000     0.675 r  u_ibufds/IBUFCTRL_INST/O
                         net (fo=1, routed)           0.322     0.997    clk_ref
    BUFGCE_DIV_X1Y5      BUFGCE_DIV (Prop_BUFGCE_DIV_I_O)
                                                      0.152     1.149 r  u_div/O
    X2Y3 (CLOCK_ROOT)    net (fo=973, routed)         1.738     2.887    u_soc/clk
    SLICE_X98Y241        FDCE                                         r  u_soc/rst_n_reg/C
  -------------------------------------------------------------------    -------------------
    SLICE_X98Y241        FDCE (Prop_EFF_SLICEL_C_Q)
                                                      0.079     2.966 r  u_soc/rst_n_reg/Q
                         net (fo=496, routed)         0.829     3.796    u_soc/rst_n_0
    SLICE_X98Y218        LUT2 (Prop_D6LUT_SLICEL_I1_O)
                                                      0.146     3.942 f  u_soc/FSM_onehot_state[5]_i_3/O
                         net (fo=488, routed)         1.605     5.546    u_soc/u_core/m_axi_awaddr_reg[29]_2
    SLICE_X85Y238        FDCE                                         f  u_soc/u_core/mtvec_reg[16]/CLR
  -------------------------------------------------------------------    -------------------

                         (clock clk rise edge)        9.999     9.999 r  
    AH18                                              0.000     9.999 r  clk300_p (IN)
                         net (fo=0)                   0.079    10.078    u_ibufds/I
    HPIOBDIFFINBUF_X1Y36 DIFFINBUF (Prop_DIFFINBUF_HPIOBDIFFINBUF_DIFF_IN_P_O)
                                                      0.429    10.507 r  u_ibufds/DIFFINBUF_INST/O
                         net (fo=1, routed)           0.040    10.547    u_ibufds/OUT
    AH18                 IBUFCTRL (Prop_IBUFCTRL_HPIOB_M_I_O)
                                                      0.000    10.547 r  u_ibufds/IBUFCTRL_INST/O
                         net (fo=1, routed)           0.286    10.833    clk_ref
    BUFGCE_DIV_X1Y5      BUFGCE_DIV (Prop_BUFGCE_DIV_I_O)
                                                      0.132    10.965 r  u_div/O
    X2Y3 (CLOCK_ROOT)    net (fo=973, routed)         1.427    12.392    u_soc/u_core/clk
    SLICE_X85Y238        FDCE                                         r  u_soc/u_core/mtvec_reg[16]/C
                         clock pessimism              0.253    12.645    
                         clock uncertainty           -0.035    12.610    
    SLICE_X85Y238        FDCE (Recov_HFF_SLICEL_C_CLR)
                                                     -0.066    12.544    u_soc/u_core/mtvec_reg[16]
  -------------------------------------------------------------------
                         required time                         12.544    
                         arrival time                          -5.546    
  -------------------------------------------------------------------
                         slack                                  6.998    

Slack (MET) :             6.998ns  (required time - arrival time)
  Source:                 u_soc/rst_n_reg/C
                            (rising edge-triggered cell FDCE clocked by clk  {rise@0.000ns fall@3.333ns period=9.999ns})
  Destination:            u_soc/u_core/mtvec_reg[29]/CLR
                            (recovery check against rising-edge clock clk  {rise@0.000ns fall@3.333ns period=9.999ns})
  Path Group:             **async_default**
  Path Type:              Recovery (Max at Slow Process Corner)
  Requirement:            9.999ns  (clk rise@9.999ns - clk rise@0.000ns)
  Data Path Delay:        2.659ns  (logic 0.225ns (8.463%)  route 2.434ns (91.537%))
  Logic Levels:           1  (LUT2=1)
  Clock Path Skew:        -0.241ns (DCD - SCD + CPR)
    Destination Clock Delay (DCD):    2.393ns = ( 12.392 - 9.999 ) 
    Source Clock Delay      (SCD):    2.887ns
    Clock Pessimism Removal (CPR):    0.253ns
  Clock Uncertainty:      0.035ns  ((TSJ^2 + TIJ^2)^1/2 + DJ) / 2 + PE
    Total System Jitter     (TSJ):    0.071ns
    Total Input Jitter      (TIJ):    0.000ns
    Discrete Jitter          (DJ):    0.000ns
    Phase Error              (PE):    0.000ns
  Clock Net Delay (Source):      1.738ns (routing 0.766ns, distribution 0.972ns)
  Clock Net Delay (Destination): 1.427ns (routing 0.696ns, distribution 0.731ns)

    Location             Delay type                Incr(ns)  Path(ns)    Netlist Resource(s)
  -------------------------------------------------------------------    -------------------
                         (clock clk rise edge)        0.000     0.000 r  
    AH18                                              0.000     0.000 r  clk300_p (IN)
                         net (fo=0)                   0.100     0.100    u_ibufds/I
    HPIOBDIFFINBUF_X1Y36 DIFFINBUF (Prop_DIFFINBUF_HPIOBDIFFINBUF_DIFF_IN_P_O)
                                                      0.525     0.625 r  u_ibufds/DIFFINBUF_INST/O
                         net (fo=1, routed)           0.050     0.675    u_ibufds/OUT
    AH18                 IBUFCTRL (Prop_IBUFCTRL_HPIOB_M_I_O)
                                                      0.000     0.675 r  u_ibufds/IBUFCTRL_INST/O
                         net (fo=1, routed)           0.322     0.997    clk_ref
    BUFGCE_DIV_X1Y5      BUFGCE_DIV (Prop_BUFGCE_DIV_I_O)
                                                      0.152     1.149 r  u_div/O
    X2Y3 (CLOCK_ROOT)    net (fo=973, routed)         1.738     2.887    u_soc/clk
    SLICE_X98Y241        FDCE                                         r  u_soc/rst_n_reg/C
  -------------------------------------------------------------------    -------------------
    SLICE_X98Y241        FDCE (Prop_EFF_SLICEL_C_Q)
                                                      0.079     2.966 r  u_soc/rst_n_reg/Q
                         net (fo=496, routed)         0.829     3.796    u_soc/rst_n_0
    SLICE_X98Y218        LUT2 (Prop_D6LUT_SLICEL_I1_O)
                                                      0.146     3.942 f  u_soc/FSM_onehot_state[5]_i_3/O
                         net (fo=488, routed)         1.605     5.546    u_soc/u_core/m_axi_awaddr_reg[29]_2
    SLICE_X85Y238        FDCE                                         f  u_soc/u_core/mtvec_reg[29]/CLR
  -------------------------------------------------------------------    -------------------

                         (clock clk rise edge)        9.999     9.999 r  
    AH18                                              0.000     9.999 r  clk300_p (IN)
                         net (fo=0)                   0.079    10.078    u_ibufds/I
    HPIOBDIFFINBUF_X1Y36 DIFFINBUF (Prop_DIFFINBUF_HPIOBDIFFINBUF_DIFF_IN_P_O)
                                                      0.429    10.507 r  u_ibufds/DIFFINBUF_INST/O
                         net (fo=1, routed)           0.040    10.547    u_ibufds/OUT
    AH18                 IBUFCTRL (Prop_IBUFCTRL_HPIOB_M_I_O)
                                                      0.000    10.547 r  u_ibufds/IBUFCTRL_INST/O
                         net (fo=1, routed)           0.286    10.833    clk_ref
    BUFGCE_DIV_X1Y5      BUFGCE_DIV (Prop_BUFGCE_DIV_I_O)
                                                      0.132    10.965 r  u_div/O
    X2Y3 (CLOCK_ROOT)    net (fo=973, routed)         1.427    12.392    u_soc/u_core/clk
    SLICE_X85Y238        FDCE                                         r  u_soc/u_core/mtvec_reg[29]/C
                         clock pessimism              0.253    12.645    
                         clock uncertainty           -0.035    12.610    
    SLICE_X85Y238        FDCE (Recov_GFF_SLICEL_C_CLR)
                                                     -0.066    12.544    u_soc/u_core/mtvec_reg[29]
  -------------------------------------------------------------------
                         required time                         12.544    
                         arrival time                          -5.546    
  -------------------------------------------------------------------
                         slack                                  6.998    





Min Delay Paths
--------------------------------------------------------------------------------------
Slack (MET) :             0.256ns  (arrival time - required time)
  Source:                 u_soc/u_dbg/dbg_core_rst_reg/C
                            (rising edge-triggered cell FDCE clocked by clk  {rise@0.000ns fall@3.333ns period=9.999ns})
  Destination:            u_soc/u_core/aw_done_reg/CLR
                            (removal check against rising-edge clock clk  {rise@0.000ns fall@3.333ns period=9.999ns})
  Path Group:             **async_default**
  Path Type:              Removal (Min at Fast Process Corner)
  Requirement:            0.000ns  (clk rise@0.000ns - clk rise@0.000ns)
  Data Path Delay:        0.254ns  (logic 0.091ns (35.806%)  route 0.163ns (64.194%))
  Logic Levels:           1  (LUT2=1)
  Clock Path Skew:        0.018ns (DCD - SCD - CPR)
    Destination Clock Delay (DCD):    1.877ns
    Source Clock Delay      (SCD):    1.575ns
    Clock Pessimism Removal (CPR):    0.284ns
  Clock Net Delay (Source):      0.939ns (routing 0.425ns, distribution 0.514ns)
  Clock Net Delay (Destination): 1.063ns (routing 0.475ns, distribution 0.588ns)

    Location             Delay type                Incr(ns)  Path(ns)    Netlist Resource(s)
  -------------------------------------------------------------------    -------------------
                         (clock clk rise edge)        0.000     0.000 r  
    AH18                                              0.000     0.000 r  clk300_p (IN)
                         net (fo=0)                   0.079     0.079    u_ibufds/I
    HPIOBDIFFINBUF_X1Y36 DIFFINBUF (Prop_DIFFINBUF_HPIOBDIFFINBUF_DIFF_IN_P_O)
                                                      0.284     0.363 r  u_ibufds/DIFFINBUF_INST/O
                         net (fo=1, routed)           0.040     0.403    u_ibufds/OUT
    AH18                 IBUFCTRL (Prop_IBUFCTRL_HPIOB_M_I_O)
                                                      0.000     0.403 r  u_ibufds/IBUFCTRL_INST/O
                         net (fo=1, routed)           0.144     0.547    clk_ref
    BUFGCE_DIV_X1Y5      BUFGCE_DIV (Prop_BUFGCE_DIV_I_O)
                                                      0.089     0.636 r  u_div/O
    X2Y3 (CLOCK_ROOT)    net (fo=973, routed)         0.939     1.575    u_soc/u_dbg/clk
    SLICE_X98Y216        FDCE                                         r  u_soc/u_dbg/dbg_core_rst_reg/C
  -------------------------------------------------------------------    -------------------
    SLICE_X98Y216        FDCE (Prop_DFF2_SLICEL_C_Q)
                                                      0.041     1.616 f  u_soc/u_dbg/dbg_core_rst_reg/Q
                         net (fo=2, routed)           0.058     1.673    u_soc/dbg_core_rst
    SLICE_X98Y218        LUT2 (Prop_D6LUT_SLICEL_I0_O)
                                                      0.050     1.723 f  u_soc/FSM_onehot_state[5]_i_3/O
                         net (fo=488, routed)         0.105     1.829    u_soc/u_core/m_axi_awaddr_reg[29]_2
    SLICE_X98Y220        FDCE                                         f  u_soc/u_core/aw_done_reg/CLR
  -------------------------------------------------------------------    -------------------

                         (clock clk rise edge)        0.000     0.000 r  
    AH18                                              0.000     0.000 r  clk300_p (IN)
                         net (fo=0)                   0.100     0.100    u_ibufds/I
    HPIOBDIFFINBUF_X1Y36 DIFFINBUF (Prop_DIFFINBUF_HPIOBDIFFINBUF_DIFF_IN_P_O)
                                                      0.382     0.482 r  u_ibufds/DIFFINBUF_INST/O
                         net (fo=1, routed)           0.050     0.532    u_ibufds/OUT
    AH18                 IBUFCTRL (Prop_IBUFCTRL_HPIOB_M_I_O)
                                                      0.000     0.532 r  u_ibufds/IBUFCTRL_INST/O
                         net (fo=1, routed)           0.180     0.712    clk_ref
    BUFGCE_DIV_X1Y5      BUFGCE_DIV (Prop_BUFGCE_DIV_I_O)
                                                      0.101     0.813 r  u_div/O
    X2Y3 (CLOCK_ROOT)    net (fo=973, routed)         1.063     1.877    u_soc/u_core/clk
    SLICE_X98Y220        FDCE                                         r  u_soc/u_core/aw_done_reg/C
                         clock pessimism             -0.284     1.592    
    SLICE_X98Y220        FDCE (Remov_EFF_SLICEL_C_CLR)
                                                     -0.020     1.572    u_soc/u_core/aw_done_reg
  -------------------------------------------------------------------
                         required time                         -1.572    
                         arrival time                           1.829    
  -------------------------------------------------------------------
                         slack                                  0.256    

Slack (MET) :             0.256ns  (arrival time - required time)
  Source:                 u_soc/u_dbg/dbg_core_rst_reg/C
                            (rising edge-triggered cell FDCE clocked by clk  {rise@0.000ns fall@3.333ns period=9.999ns})
  Destination:            u_soc/u_core/m_axi_wvalid_reg/CLR
                            (removal check against rising-edge clock clk  {rise@0.000ns fall@3.333ns period=9.999ns})
  Path Group:             **async_default**
  Path Type:              Removal (Min at Fast Process Corner)
  Requirement:            0.000ns  (clk rise@0.000ns - clk rise@0.000ns)
  Data Path Delay:        0.254ns  (logic 0.091ns (35.806%)  route 0.163ns (64.194%))
  Logic Levels:           1  (LUT2=1)
  Clock Path Skew:        0.018ns (DCD - SCD - CPR)
    Destination Clock Delay (DCD):    1.877ns
    Source Clock Delay      (SCD):    1.575ns
    Clock Pessimism Removal (CPR):    0.284ns
  Clock Net Delay (Source):      0.939ns (routing 0.425ns, distribution 0.514ns)
  Clock Net Delay (Destination): 1.063ns (routing 0.475ns, distribution 0.588ns)

    Location             Delay type                Incr(ns)  Path(ns)    Netlist Resource(s)
  -------------------------------------------------------------------    -------------------
                         (clock clk rise edge)        0.000     0.000 r  
    AH18                                              0.000     0.000 r  clk300_p (IN)
                         net (fo=0)                   0.079     0.079    u_ibufds/I
    HPIOBDIFFINBUF_X1Y36 DIFFINBUF (Prop_DIFFINBUF_HPIOBDIFFINBUF_DIFF_IN_P_O)
                                                      0.284     0.363 r  u_ibufds/DIFFINBUF_INST/O
                         net (fo=1, routed)           0.040     0.403    u_ibufds/OUT
    AH18                 IBUFCTRL (Prop_IBUFCTRL_HPIOB_M_I_O)
                                                      0.000     0.403 r  u_ibufds/IBUFCTRL_INST/O
                         net (fo=1, routed)           0.144     0.547    clk_ref
    BUFGCE_DIV_X1Y5      BUFGCE_DIV (Prop_BUFGCE_DIV_I_O)
                                                      0.089     0.636 r  u_div/O
    X2Y3 (CLOCK_ROOT)    net (fo=973, routed)         0.939     1.575    u_soc/u_dbg/clk
    SLICE_X98Y216        FDCE                                         r  u_soc/u_dbg/dbg_core_rst_reg/C
  -------------------------------------------------------------------    -------------------
    SLICE_X98Y216        FDCE (Prop_DFF2_SLICEL_C_Q)
                                                      0.041     1.616 f  u_soc/u_dbg/dbg_core_rst_reg/Q
                         net (fo=2, routed)           0.058     1.673    u_soc/dbg_core_rst
    SLICE_X98Y218        LUT2 (Prop_D6LUT_SLICEL_I0_O)
                                                      0.050     1.723 f  u_soc/FSM_onehot_state[5]_i_3/O
                         net (fo=488, routed)         0.105     1.829    u_soc/u_core/m_axi_awaddr_reg[29]_2
    SLICE_X98Y220        FDCE                                         f  u_soc/u_core/m_axi_wvalid_reg/CLR
  -------------------------------------------------------------------    -------------------

                         (clock clk rise edge)        0.000     0.000 r  
    AH18                                              0.000     0.000 r  clk300_p (IN)
                         net (fo=0)                   0.100     0.100    u_ibufds/I
    HPIOBDIFFINBUF_X1Y36 DIFFINBUF (Prop_DIFFINBUF_HPIOBDIFFINBUF_DIFF_IN_P_O)
                                                      0.382     0.482 r  u_ibufds/DIFFINBUF_INST/O
                         net (fo=1, routed)           0.050     0.532    u_ibufds/OUT
    AH18                 IBUFCTRL (Prop_IBUFCTRL_HPIOB_M_I_O)
                                                      0.000     0.532 r  u_ibufds/IBUFCTRL_INST/O
                         net (fo=1, routed)           0.180     0.712    clk_ref
    BUFGCE_DIV_X1Y5      BUFGCE_DIV (Prop_BUFGCE_DIV_I_O)
                                                      0.101     0.813 r  u_div/O
    X2Y3 (CLOCK_ROOT)    net (fo=973, routed)         1.063     1.877    u_soc/u_core/clk
    SLICE_X98Y220        FDCE                                         r  u_soc/u_core/m_axi_wvalid_reg/C
                         clock pessimism             -0.284     1.592    
    SLICE_X98Y220        FDCE (Remov_HFF_SLICEL_C_CLR)
                                                     -0.020     1.572    u_soc/u_core/m_axi_wvalid_reg
  -------------------------------------------------------------------
                         required time                         -1.572    
                         arrival time                           1.829    
  -------------------------------------------------------------------
                         slack                                  0.256    

Slack (MET) :             0.256ns  (arrival time - required time)
  Source:                 u_soc/u_dbg/dbg_core_rst_reg/C
                            (rising edge-triggered cell FDCE clocked by clk  {rise@0.000ns fall@3.333ns period=9.999ns})
  Destination:            u_soc/u_core/w_done_reg/CLR
                            (removal check against rising-edge clock clk  {rise@0.000ns fall@3.333ns period=9.999ns})
  Path Group:             **async_default**
  Path Type:              Removal (Min at Fast Process Corner)
  Requirement:            0.000ns  (clk rise@0.000ns - clk rise@0.000ns)
  Data Path Delay:        0.254ns  (logic 0.091ns (35.806%)  route 0.163ns (64.194%))
  Logic Levels:           1  (LUT2=1)
  Clock Path Skew:        0.018ns (DCD - SCD - CPR)
    Destination Clock Delay (DCD):    1.877ns
    Source Clock Delay      (SCD):    1.575ns
    Clock Pessimism Removal (CPR):    0.284ns
  Clock Net Delay (Source):      0.939ns (routing 0.425ns, distribution 0.514ns)
  Clock Net Delay (Destination): 1.063ns (routing 0.475ns, distribution 0.588ns)

    Location             Delay type                Incr(ns)  Path(ns)    Netlist Resource(s)
  -------------------------------------------------------------------    -------------------
                         (clock clk rise edge)        0.000     0.000 r  
    AH18                                              0.000     0.000 r  clk300_p (IN)
                         net (fo=0)                   0.079     0.079    u_ibufds/I
    HPIOBDIFFINBUF_X1Y36 DIFFINBUF (Prop_DIFFINBUF_HPIOBDIFFINBUF_DIFF_IN_P_O)
                                                      0.284     0.363 r  u_ibufds/DIFFINBUF_INST/O
                         net (fo=1, routed)           0.040     0.403    u_ibufds/OUT
    AH18                 IBUFCTRL (Prop_IBUFCTRL_HPIOB_M_I_O)
                                                      0.000     0.403 r  u_ibufds/IBUFCTRL_INST/O
                         net (fo=1, routed)           0.144     0.547    clk_ref
    BUFGCE_DIV_X1Y5      BUFGCE_DIV (Prop_BUFGCE_DIV_I_O)
                                                      0.089     0.636 r  u_div/O
    X2Y3 (CLOCK_ROOT)    net (fo=973, routed)         0.939     1.575    u_soc/u_dbg/clk
    SLICE_X98Y216        FDCE                                         r  u_soc/u_dbg/dbg_core_rst_reg/C
  -------------------------------------------------------------------    -------------------
    SLICE_X98Y216        FDCE (Prop_DFF2_SLICEL_C_Q)
                                                      0.041     1.616 f  u_soc/u_dbg/dbg_core_rst_reg/Q
                         net (fo=2, routed)           0.058     1.673    u_soc/dbg_core_rst
    SLICE_X98Y218        LUT2 (Prop_D6LUT_SLICEL_I0_O)
                                                      0.050     1.723 f  u_soc/FSM_onehot_state[5]_i_3/O
                         net (fo=488, routed)         0.105     1.829    u_soc/u_core/m_axi_awaddr_reg[29]_2
    SLICE_X98Y220        FDCE                                         f  u_soc/u_core/w_done_reg/CLR
  -------------------------------------------------------------------    -------------------

                         (clock clk rise edge)        0.000     0.000 r  
    AH18                                              0.000     0.000 r  clk300_p (IN)
                         net (fo=0)                   0.100     0.100    u_ibufds/I
    HPIOBDIFFINBUF_X1Y36 DIFFINBUF (Prop_DIFFINBUF_HPIOBDIFFINBUF_DIFF_IN_P_O)
                                                      0.382     0.482 r  u_ibufds/DIFFINBUF_INST/O
                         net (fo=1, routed)           0.050     0.532    u_ibufds/OUT
    AH18                 IBUFCTRL (Prop_IBUFCTRL_HPIOB_M_I_O)
                                                      0.000     0.532 r  u_ibufds/IBUFCTRL_INST/O
                         net (fo=1, routed)           0.180     0.712    clk_ref
    BUFGCE_DIV_X1Y5      BUFGCE_DIV (Prop_BUFGCE_DIV_I_O)
                                                      0.101     0.813 r  u_div/O
    X2Y3 (CLOCK_ROOT)    net (fo=973, routed)         1.063     1.877    u_soc/u_core/clk
    SLICE_X98Y220        FDCE                                         r  u_soc/u_core/w_done_reg/C
                         clock pessimism             -0.284     1.592    
    SLICE_X98Y220        FDCE (Remov_GFF_SLICEL_C_CLR)
                                                     -0.020     1.572    u_soc/u_core/w_done_reg
  -------------------------------------------------------------------
                         required time                         -1.572    
                         arrival time                           1.829    
  -------------------------------------------------------------------
                         slack                                  0.256    

Slack (MET) :             0.260ns  (arrival time - required time)
  Source:                 u_soc/u_dbg/dbg_core_rst_reg/C
                            (rising edge-triggered cell FDCE clocked by clk  {rise@0.000ns fall@3.333ns period=9.999ns})
  Destination:            u_soc/u_core/m_axi_awvalid_reg/CLR
                            (removal check against rising-edge clock clk  {rise@0.000ns fall@3.333ns period=9.999ns})
  Path Group:             **async_default**
  Path Type:              Removal (Min at Fast Process Corner)
  Requirement:            0.000ns  (clk rise@0.000ns - clk rise@0.000ns)
  Data Path Delay:        0.254ns  (logic 0.091ns (35.806%)  route 0.163ns (64.194%))
  Logic Levels:           1  (LUT2=1)
  Clock Path Skew:        0.014ns (DCD - SCD - CPR)
    Destination Clock Delay (DCD):    1.873ns
    Source Clock Delay      (SCD):    1.575ns
    Clock Pessimism Removal (CPR):    0.284ns
  Clock Net Delay (Source):      0.939ns (routing 0.425ns, distribution 0.514ns)
  Clock Net Delay (Destination): 1.059ns (routing 0.475ns, distribution 0.584ns)

    Location             Delay type                Incr(ns)  Path(ns)    Netlist Resource(s)
  -------------------------------------------------------------------    -------------------
                         (clock clk rise edge)        0.000     0.000 r  
    AH18                                              0.000     0.000 r  clk300_p (IN)
                         net (fo=0)                   0.079     0.079    u_ibufds/I
    HPIOBDIFFINBUF_X1Y36 DIFFINBUF (Prop_DIFFINBUF_HPIOBDIFFINBUF_DIFF_IN_P_O)
                                                      0.284     0.363 r  u_ibufds/DIFFINBUF_INST/O
                         net (fo=1, routed)           0.040     0.403    u_ibufds/OUT
    AH18                 IBUFCTRL (Prop_IBUFCTRL_HPIOB_M_I_O)
                                                      0.000     0.403 r  u_ibufds/IBUFCTRL_INST/O
                         net (fo=1, routed)           0.144     0.547    clk_ref
    BUFGCE_DIV_X1Y5      BUFGCE_DIV (Prop_BUFGCE_DIV_I_O)
                                                      0.089     0.636 r  u_div/O
    X2Y3 (CLOCK_ROOT)    net (fo=973, routed)         0.939     1.575    u_soc/u_dbg/clk
    SLICE_X98Y216        FDCE                                         r  u_soc/u_dbg/dbg_core_rst_reg/C
  -------------------------------------------------------------------    -------------------
    SLICE_X98Y216        FDCE (Prop_DFF2_SLICEL_C_Q)
                                                      0.041     1.616 f  u_soc/u_dbg/dbg_core_rst_reg/Q
                         net (fo=2, routed)           0.058     1.673    u_soc/dbg_core_rst
    SLICE_X98Y218        LUT2 (Prop_D6LUT_SLICEL_I0_O)
                                                      0.050     1.723 f  u_soc/FSM_onehot_state[5]_i_3/O
                         net (fo=488, routed)         0.105     1.829    u_soc/u_core/m_axi_awaddr_reg[29]_2
    SLICE_X98Y220        FDCE                                         f  u_soc/u_core/m_axi_awvalid_reg/CLR
  -------------------------------------------------------------------    -------------------

                         (clock clk rise edge)        0.000     0.000 r  
    AH18                                              0.000     0.000 r  clk300_p (IN)
                         net (fo=0)                   0.100     0.100    u_ibufds/I
    HPIOBDIFFINBUF_X1Y36 DIFFINBUF (Prop_DIFFINBUF_HPIOBDIFFINBUF_DIFF_IN_P_O)
                                                      0.382     0.482 r  u_ibufds/DIFFINBUF_INST/O
                         net (fo=1, routed)           0.050     0.532    u_ibufds/OUT
    AH18                 IBUFCTRL (Prop_IBUFCTRL_HPIOB_M_I_O)
                                                      0.000     0.532 r  u_ibufds/IBUFCTRL_INST/O
                         net (fo=1, routed)           0.180     0.712    clk_ref
    BUFGCE_DIV_X1Y5      BUFGCE_DIV (Prop_BUFGCE_DIV_I_O)
                                                      0.101     0.813 r  u_div/O
    X2Y3 (CLOCK_ROOT)    net (fo=973, routed)         1.059     1.873    u_soc/u_core/clk
    SLICE_X98Y220        FDCE                                         r  u_soc/u_core/m_axi_awvalid_reg/C
                         clock pessimism             -0.284     1.588    
    SLICE_X98Y220        FDCE (Remov_CFF2_SLICEL_C_CLR)
                                                     -0.020     1.568    u_soc/u_core/m_axi_awvalid_reg
  -------------------------------------------------------------------
                         required time                         -1.568    
                         arrival time                           1.829    
  -------------------------------------------------------------------
                         slack                                  0.260    

Slack (MET) :             0.260ns  (arrival time - required time)
  Source:                 u_soc/u_dbg/dbg_core_rst_reg/C
                            (rising edge-triggered cell FDCE clocked by clk  {rise@0.000ns fall@3.333ns period=9.999ns})
  Destination:            u_soc/u_core/m_axi_bready_reg/CLR
                            (removal check against rising-edge clock clk  {rise@0.000ns fall@3.333ns period=9.999ns})
  Path Group:             **async_default**
  Path Type:              Removal (Min at Fast Process Corner)
  Requirement:            0.000ns  (clk rise@0.000ns - clk rise@0.000ns)
  Data Path Delay:        0.254ns  (logic 0.091ns (35.806%)  route 0.163ns (64.194%))
  Logic Levels:           1  (LUT2=1)
  Clock Path Skew:        0.014ns (DCD - SCD - CPR)
    Destination Clock Delay (DCD):    1.873ns
    Source Clock Delay      (SCD):    1.575ns
    Clock Pessimism Removal (CPR):    0.284ns
  Clock Net Delay (Source):      0.939ns (routing 0.425ns, distribution 0.514ns)
  Clock Net Delay (Destination): 1.059ns (routing 0.475ns, distribution 0.584ns)

    Location             Delay type                Incr(ns)  Path(ns)    Netlist Resource(s)
  -------------------------------------------------------------------    -------------------
                         (clock clk rise edge)        0.000     0.000 r  
    AH18                                              0.000     0.000 r  clk300_p (IN)
                         net (fo=0)                   0.079     0.079    u_ibufds/I
    HPIOBDIFFINBUF_X1Y36 DIFFINBUF (Prop_DIFFINBUF_HPIOBDIFFINBUF_DIFF_IN_P_O)
                                                      0.284     0.363 r  u_ibufds/DIFFINBUF_INST/O
                         net (fo=1, routed)           0.040     0.403    u_ibufds/OUT
    AH18                 IBUFCTRL (Prop_IBUFCTRL_HPIOB_M_I_O)
                                                      0.000     0.403 r  u_ibufds/IBUFCTRL_INST/O
                         net (fo=1, routed)           0.144     0.547    clk_ref
    BUFGCE_DIV_X1Y5      BUFGCE_DIV (Prop_BUFGCE_DIV_I_O)
                                                      0.089     0.636 r  u_div/O
    X2Y3 (CLOCK_ROOT)    net (fo=973, routed)         0.939     1.575    u_soc/u_dbg/clk
    SLICE_X98Y216        FDCE                                         r  u_soc/u_dbg/dbg_core_rst_reg/C
  -------------------------------------------------------------------    -------------------
    SLICE_X98Y216        FDCE (Prop_DFF2_SLICEL_C_Q)
                                                      0.041     1.616 f  u_soc/u_dbg/dbg_core_rst_reg/Q
                         net (fo=2, routed)           0.058     1.673    u_soc/dbg_core_rst
    SLICE_X98Y218        LUT2 (Prop_D6LUT_SLICEL_I0_O)
                                                      0.050     1.723 f  u_soc/FSM_onehot_state[5]_i_3/O
                         net (fo=488, routed)         0.105     1.829    u_soc/u_core/m_axi_awaddr_reg[29]_2
    SLICE_X98Y220        FDCE                                         f  u_soc/u_core/m_axi_bready_reg/CLR
  -------------------------------------------------------------------    -------------------

                         (clock clk rise edge)        0.000     0.000 r  
    AH18                                              0.000     0.000 r  clk300_p (IN)
                         net (fo=0)                   0.100     0.100    u_ibufds/I
    HPIOBDIFFINBUF_X1Y36 DIFFINBUF (Prop_DIFFINBUF_HPIOBDIFFINBUF_DIFF_IN_P_O)
                                                      0.382     0.482 r  u_ibufds/DIFFINBUF_INST/O
                         net (fo=1, routed)           0.050     0.532    u_ibufds/OUT
    AH18                 IBUFCTRL (Prop_IBUFCTRL_HPIOB_M_I_O)
                                                      0.000     0.532 r  u_ibufds/IBUFCTRL_INST/O
                         net (fo=1, routed)           0.180     0.712    clk_ref
    BUFGCE_DIV_X1Y5      BUFGCE_DIV (Prop_BUFGCE_DIV_I_O)
                                                      0.101     0.813 r  u_div/O
    X2Y3 (CLOCK_ROOT)    net (fo=973, routed)         1.059     1.873    u_soc/u_core/clk
    SLICE_X98Y220        FDCE                                         r  u_soc/u_core/m_axi_bready_reg/C
                         clock pessimism             -0.284     1.588    
    SLICE_X98Y220        FDCE (Remov_BFF2_SLICEL_C_CLR)
                                                     -0.020     1.568    u_soc/u_core/m_axi_bready_reg
  -------------------------------------------------------------------
                         required time                         -1.568    
                         arrival time                           1.829    
  -------------------------------------------------------------------
                         slack                                  0.260    

Slack (MET) :             0.275ns  (arrival time - required time)
  Source:                 u_soc/u_dbg/dbg_core_rst_reg/C
                            (rising edge-triggered cell FDCE clocked by clk  {rise@0.000ns fall@3.333ns period=9.999ns})
  Destination:            u_soc/u_core/m_axi_araddr_reg[13]/CLR
                            (removal check against rising-edge clock clk  {rise@0.000ns fall@3.333ns period=9.999ns})
  Path Group:             **async_default**
  Path Type:              Removal (Min at Fast Process Corner)
  Requirement:            0.000ns  (clk rise@0.000ns - clk rise@0.000ns)
  Data Path Delay:        0.277ns  (logic 0.091ns (32.862%)  route 0.186ns (67.138%))
  Logic Levels:           1  (LUT2=1)
  Clock Path Skew:        0.022ns (DCD - SCD - CPR)
    Destination Clock Delay (DCD):    1.881ns
    Source Clock Delay      (SCD):    1.575ns
    Clock Pessimism Removal (CPR):    0.284ns
  Clock Net Delay (Source):      0.939ns (routing 0.425ns, distribution 0.514ns)
  Clock Net Delay (Destination): 1.068ns (routing 0.475ns, distribution 0.593ns)

    Location             Delay type                Incr(ns)  Path(ns)    Netlist Resource(s)
  -------------------------------------------------------------------    -------------------
                         (clock clk rise edge)        0.000     0.000 r  
    AH18                                              0.000     0.000 r  clk300_p (IN)
                         net (fo=0)                   0.079     0.079    u_ibufds/I
    HPIOBDIFFINBUF_X1Y36 DIFFINBUF (Prop_DIFFINBUF_HPIOBDIFFINBUF_DIFF_IN_P_O)
                                                      0.284     0.363 r  u_ibufds/DIFFINBUF_INST/O
                         net (fo=1, routed)           0.040     0.403    u_ibufds/OUT
    AH18                 IBUFCTRL (Prop_IBUFCTRL_HPIOB_M_I_O)
                                                      0.000     0.403 r  u_ibufds/IBUFCTRL_INST/O
                         net (fo=1, routed)           0.144     0.547    clk_ref
    BUFGCE_DIV_X1Y5      BUFGCE_DIV (Prop_BUFGCE_DIV_I_O)
                                                      0.089     0.636 r  u_div/O
    X2Y3 (CLOCK_ROOT)    net (fo=973, routed)         0.939     1.575    u_soc/u_dbg/clk
    SLICE_X98Y216        FDCE                                         r  u_soc/u_dbg/dbg_core_rst_reg/C
  -------------------------------------------------------------------    -------------------
    SLICE_X98Y216        FDCE (Prop_DFF2_SLICEL_C_Q)
                                                      0.041     1.616 f  u_soc/u_dbg/dbg_core_rst_reg/Q
                         net (fo=2, routed)           0.058     1.673    u_soc/dbg_core_rst
    SLICE_X98Y218        LUT2 (Prop_D6LUT_SLICEL_I0_O)
                                                      0.050     1.723 f  u_soc/FSM_onehot_state[5]_i_3/O
                         net (fo=488, routed)         0.128     1.852    u_soc/u_core/m_axi_awaddr_reg[29]_2
    SLICE_X98Y221        FDCE                                         f  u_soc/u_core/m_axi_araddr_reg[13]/CLR
  -------------------------------------------------------------------    -------------------

                         (clock clk rise edge)        0.000     0.000 r  
    AH18                                              0.000     0.000 r  clk300_p (IN)
                         net (fo=0)                   0.100     0.100    u_ibufds/I
    HPIOBDIFFINBUF_X1Y36 DIFFINBUF (Prop_DIFFINBUF_HPIOBDIFFINBUF_DIFF_IN_P_O)
                                                      0.382     0.482 r  u_ibufds/DIFFINBUF_INST/O
                         net (fo=1, routed)           0.050     0.532    u_ibufds/OUT
    AH18                 IBUFCTRL (Prop_IBUFCTRL_HPIOB_M_I_O)
                                                      0.000     0.532 r  u_ibufds/IBUFCTRL_INST/O
                         net (fo=1, routed)           0.180     0.712    clk_ref
    BUFGCE_DIV_X1Y5      BUFGCE_DIV (Prop_BUFGCE_DIV_I_O)
                                                      0.101     0.813 r  u_div/O
    X2Y3 (CLOCK_ROOT)    net (fo=973, routed)         1.068     1.881    u_soc/u_core/clk
    SLICE_X98Y221        FDCE                                         r  u_soc/u_core/m_axi_araddr_reg[13]/C
                         clock pessimism             -0.284     1.597    
    SLICE_X98Y221        FDCE (Remov_DFF_SLICEL_C_CLR)
                                                     -0.020     1.577    u_soc/u_core/m_axi_araddr_reg[13]
  -------------------------------------------------------------------
                         required time                         -1.577    
                         arrival time                           1.852    
  -------------------------------------------------------------------
                         slack                                  0.275    

Slack (MET) :             0.275ns  (arrival time - required time)
  Source:                 u_soc/u_dbg/dbg_core_rst_reg/C
                            (rising edge-triggered cell FDCE clocked by clk  {rise@0.000ns fall@3.333ns period=9.999ns})
  Destination:            u_soc/u_core/m_axi_araddr_reg[9]/CLR
                            (removal check against rising-edge clock clk  {rise@0.000ns fall@3.333ns period=9.999ns})
  Path Group:             **async_default**
  Path Type:              Removal (Min at Fast Process Corner)
  Requirement:            0.000ns  (clk rise@0.000ns - clk rise@0.000ns)
  Data Path Delay:        0.277ns  (logic 0.091ns (32.862%)  route 0.186ns (67.138%))
  Logic Levels:           1  (LUT2=1)
  Clock Path Skew:        0.022ns (DCD - SCD - CPR)
    Destination Clock Delay (DCD):    1.881ns
    Source Clock Delay      (SCD):    1.575ns
    Clock Pessimism Removal (CPR):    0.284ns
  Clock Net Delay (Source):      0.939ns (routing 0.425ns, distribution 0.514ns)
  Clock Net Delay (Destination): 1.068ns (routing 0.475ns, distribution 0.593ns)

    Location             Delay type                Incr(ns)  Path(ns)    Netlist Resource(s)
  -------------------------------------------------------------------    -------------------
                         (clock clk rise edge)        0.000     0.000 r  
    AH18                                              0.000     0.000 r  clk300_p (IN)
                         net (fo=0)                   0.079     0.079    u_ibufds/I
    HPIOBDIFFINBUF_X1Y36 DIFFINBUF (Prop_DIFFINBUF_HPIOBDIFFINBUF_DIFF_IN_P_O)
                                                      0.284     0.363 r  u_ibufds/DIFFINBUF_INST/O
                         net (fo=1, routed)           0.040     0.403    u_ibufds/OUT
    AH18                 IBUFCTRL (Prop_IBUFCTRL_HPIOB_M_I_O)
                                                      0.000     0.403 r  u_ibufds/IBUFCTRL_INST/O
                         net (fo=1, routed)           0.144     0.547    clk_ref
    BUFGCE_DIV_X1Y5      BUFGCE_DIV (Prop_BUFGCE_DIV_I_O)
                                                      0.089     0.636 r  u_div/O
    X2Y3 (CLOCK_ROOT)    net (fo=973, routed)         0.939     1.575    u_soc/u_dbg/clk
    SLICE_X98Y216        FDCE                                         r  u_soc/u_dbg/dbg_core_rst_reg/C
  -------------------------------------------------------------------    -------------------
    SLICE_X98Y216        FDCE (Prop_DFF2_SLICEL_C_Q)
                                                      0.041     1.616 f  u_soc/u_dbg/dbg_core_rst_reg/Q
                         net (fo=2, routed)           0.058     1.673    u_soc/dbg_core_rst
    SLICE_X98Y218        LUT2 (Prop_D6LUT_SLICEL_I0_O)
                                                      0.050     1.723 f  u_soc/FSM_onehot_state[5]_i_3/O
                         net (fo=488, routed)         0.128     1.852    u_soc/u_core/m_axi_awaddr_reg[29]_2
    SLICE_X98Y221        FDCE                                         f  u_soc/u_core/m_axi_araddr_reg[9]/CLR
  -------------------------------------------------------------------    -------------------

                         (clock clk rise edge)        0.000     0.000 r  
    AH18                                              0.000     0.000 r  clk300_p (IN)
                         net (fo=0)                   0.100     0.100    u_ibufds/I
    HPIOBDIFFINBUF_X1Y36 DIFFINBUF (Prop_DIFFINBUF_HPIOBDIFFINBUF_DIFF_IN_P_O)
                                                      0.382     0.482 r  u_ibufds/DIFFINBUF_INST/O
                         net (fo=1, routed)           0.050     0.532    u_ibufds/OUT
    AH18                 IBUFCTRL (Prop_IBUFCTRL_HPIOB_M_I_O)
                                                      0.000     0.532 r  u_ibufds/IBUFCTRL_INST/O
                         net (fo=1, routed)           0.180     0.712    clk_ref
    BUFGCE_DIV_X1Y5      BUFGCE_DIV (Prop_BUFGCE_DIV_I_O)
                                                      0.101     0.813 r  u_div/O
    X2Y3 (CLOCK_ROOT)    net (fo=973, routed)         1.068     1.881    u_soc/u_core/clk
    SLICE_X98Y221        FDCE                                         r  u_soc/u_core/m_axi_araddr_reg[9]/C
                         clock pessimism             -0.284     1.597    
    SLICE_X98Y221        FDCE (Remov_CFF_SLICEL_C_CLR)
                                                     -0.020     1.577    u_soc/u_core/m_axi_araddr_reg[9]
  -------------------------------------------------------------------
                         required time                         -1.577    
                         arrival time                           1.852    
  -------------------------------------------------------------------
                         slack                                  0.275    

Slack (MET) :             0.275ns  (arrival time - required time)
  Source:                 u_soc/u_dbg/dbg_core_rst_reg/C
                            (rising edge-triggered cell FDCE clocked by clk  {rise@0.000ns fall@3.333ns period=9.999ns})
  Destination:            u_soc/u_core/m_axi_awaddr_reg[13]/CLR
                            (removal check against rising-edge clock clk  {rise@0.000ns fall@3.333ns period=9.999ns})
  Path Group:             **async_default**
  Path Type:              Removal (Min at Fast Process Corner)
  Requirement:            0.000ns  (clk rise@0.000ns - clk rise@0.000ns)
  Data Path Delay:        0.277ns  (logic 0.091ns (32.862%)  route 0.186ns (67.138%))
  Logic Levels:           1  (LUT2=1)
  Clock Path Skew:        0.022ns (DCD - SCD - CPR)
    Destination Clock Delay (DCD):    1.881ns
    Source Clock Delay      (SCD):    1.575ns
    Clock Pessimism Removal (CPR):    0.284ns
  Clock Net Delay (Source):      0.939ns (routing 0.425ns, distribution 0.514ns)
  Clock Net Delay (Destination): 1.068ns (routing 0.475ns, distribution 0.593ns)

    Location             Delay type                Incr(ns)  Path(ns)    Netlist Resource(s)
  -------------------------------------------------------------------    -------------------
                         (clock clk rise edge)        0.000     0.000 r  
    AH18                                              0.000     0.000 r  clk300_p (IN)
                         net (fo=0)                   0.079     0.079    u_ibufds/I
    HPIOBDIFFINBUF_X1Y36 DIFFINBUF (Prop_DIFFINBUF_HPIOBDIFFINBUF_DIFF_IN_P_O)
                                                      0.284     0.363 r  u_ibufds/DIFFINBUF_INST/O
                         net (fo=1, routed)           0.040     0.403    u_ibufds/OUT
    AH18                 IBUFCTRL (Prop_IBUFCTRL_HPIOB_M_I_O)
                                                      0.000     0.403 r  u_ibufds/IBUFCTRL_INST/O
                         net (fo=1, routed)           0.144     0.547    clk_ref
    BUFGCE_DIV_X1Y5      BUFGCE_DIV (Prop_BUFGCE_DIV_I_O)
                                                      0.089     0.636 r  u_div/O
    X2Y3 (CLOCK_ROOT)    net (fo=973, routed)         0.939     1.575    u_soc/u_dbg/clk
    SLICE_X98Y216        FDCE                                         r  u_soc/u_dbg/dbg_core_rst_reg/C
  -------------------------------------------------------------------    -------------------
    SLICE_X98Y216        FDCE (Prop_DFF2_SLICEL_C_Q)
                                                      0.041     1.616 f  u_soc/u_dbg/dbg_core_rst_reg/Q
                         net (fo=2, routed)           0.058     1.673    u_soc/dbg_core_rst
    SLICE_X98Y218        LUT2 (Prop_D6LUT_SLICEL_I0_O)
                                                      0.050     1.723 f  u_soc/FSM_onehot_state[5]_i_3/O
                         net (fo=488, routed)         0.128     1.852    u_soc/u_core/m_axi_awaddr_reg[29]_2
    SLICE_X98Y221        FDCE                                         f  u_soc/u_core/m_axi_awaddr_reg[13]/CLR
  -------------------------------------------------------------------    -------------------

                         (clock clk rise edge)        0.000     0.000 r  
    AH18                                              0.000     0.000 r  clk300_p (IN)
                         net (fo=0)                   0.100     0.100    u_ibufds/I
    HPIOBDIFFINBUF_X1Y36 DIFFINBUF (Prop_DIFFINBUF_HPIOBDIFFINBUF_DIFF_IN_P_O)
                                                      0.382     0.482 r  u_ibufds/DIFFINBUF_INST/O
                         net (fo=1, routed)           0.050     0.532    u_ibufds/OUT
    AH18                 IBUFCTRL (Prop_IBUFCTRL_HPIOB_M_I_O)
                                                      0.000     0.532 r  u_ibufds/IBUFCTRL_INST/O
                         net (fo=1, routed)           0.180     0.712    clk_ref
    BUFGCE_DIV_X1Y5      BUFGCE_DIV (Prop_BUFGCE_DIV_I_O)
                                                      0.101     0.813 r  u_div/O
    X2Y3 (CLOCK_ROOT)    net (fo=973, routed)         1.068     1.881    u_soc/u_core/clk
    SLICE_X98Y221        FDCE                                         r  u_soc/u_core/m_axi_awaddr_reg[13]/C
                         clock pessimism             -0.284     1.597    
    SLICE_X98Y221        FDCE (Remov_DFF2_SLICEL_C_CLR)
                                                     -0.020     1.577    u_soc/u_core/m_axi_awaddr_reg[13]
  -------------------------------------------------------------------
                         required time                         -1.577    
                         arrival time                           1.852    
  -------------------------------------------------------------------
                         slack                                  0.275    

Slack (MET) :             0.275ns  (arrival time - required time)
  Source:                 u_soc/u_dbg/dbg_core_rst_reg/C
                            (rising edge-triggered cell FDCE clocked by clk  {rise@0.000ns fall@3.333ns period=9.999ns})
  Destination:            u_soc/u_core/m_axi_awaddr_reg[8]/CLR
                            (removal check against rising-edge clock clk  {rise@0.000ns fall@3.333ns period=9.999ns})
  Path Group:             **async_default**
  Path Type:              Removal (Min at Fast Process Corner)
  Requirement:            0.000ns  (clk rise@0.000ns - clk rise@0.000ns)
  Data Path Delay:        0.277ns  (logic 0.091ns (32.862%)  route 0.186ns (67.138%))
  Logic Levels:           1  (LUT2=1)
  Clock Path Skew:        0.022ns (DCD - SCD - CPR)
    Destination Clock Delay (DCD):    1.881ns
    Source Clock Delay      (SCD):    1.575ns
    Clock Pessimism Removal (CPR):    0.284ns
  Clock Net Delay (Source):      0.939ns (routing 0.425ns, distribution 0.514ns)
  Clock Net Delay (Destination): 1.068ns (routing 0.475ns, distribution 0.593ns)

    Location             Delay type                Incr(ns)  Path(ns)    Netlist Resource(s)
  -------------------------------------------------------------------    -------------------
                         (clock clk rise edge)        0.000     0.000 r  
    AH18                                              0.000     0.000 r  clk300_p (IN)
                         net (fo=0)                   0.079     0.079    u_ibufds/I
    HPIOBDIFFINBUF_X1Y36 DIFFINBUF (Prop_DIFFINBUF_HPIOBDIFFINBUF_DIFF_IN_P_O)
                                                      0.284     0.363 r  u_ibufds/DIFFINBUF_INST/O
                         net (fo=1, routed)           0.040     0.403    u_ibufds/OUT
    AH18                 IBUFCTRL (Prop_IBUFCTRL_HPIOB_M_I_O)
                                                      0.000     0.403 r  u_ibufds/IBUFCTRL_INST/O
                         net (fo=1, routed)           0.144     0.547    clk_ref
    BUFGCE_DIV_X1Y5      BUFGCE_DIV (Prop_BUFGCE_DIV_I_O)
                                                      0.089     0.636 r  u_div/O
    X2Y3 (CLOCK_ROOT)    net (fo=973, routed)         0.939     1.575    u_soc/u_dbg/clk
    SLICE_X98Y216        FDCE                                         r  u_soc/u_dbg/dbg_core_rst_reg/C
  -------------------------------------------------------------------    -------------------
    SLICE_X98Y216        FDCE (Prop_DFF2_SLICEL_C_Q)
                                                      0.041     1.616 f  u_soc/u_dbg/dbg_core_rst_reg/Q
                         net (fo=2, routed)           0.058     1.673    u_soc/dbg_core_rst
    SLICE_X98Y218        LUT2 (Prop_D6LUT_SLICEL_I0_O)
                                                      0.050     1.723 f  u_soc/FSM_onehot_state[5]_i_3/O
                         net (fo=488, routed)         0.128     1.852    u_soc/u_core/m_axi_awaddr_reg[29]_2
    SLICE_X98Y221        FDCE                                         f  u_soc/u_core/m_axi_awaddr_reg[8]/CLR
  -------------------------------------------------------------------    -------------------

                         (clock clk rise edge)        0.000     0.000 r  
    AH18                                              0.000     0.000 r  clk300_p (IN)
                         net (fo=0)                   0.100     0.100    u_ibufds/I
    HPIOBDIFFINBUF_X1Y36 DIFFINBUF (Prop_DIFFINBUF_HPIOBDIFFINBUF_DIFF_IN_P_O)
                                                      0.382     0.482 r  u_ibufds/DIFFINBUF_INST/O
                         net (fo=1, routed)           0.050     0.532    u_ibufds/OUT
    AH18                 IBUFCTRL (Prop_IBUFCTRL_HPIOB_M_I_O)
                                                      0.000     0.532 r  u_ibufds/IBUFCTRL_INST/O
                         net (fo=1, routed)           0.180     0.712    clk_ref
    BUFGCE_DIV_X1Y5      BUFGCE_DIV (Prop_BUFGCE_DIV_I_O)
                                                      0.101     0.813 r  u_div/O
    X2Y3 (CLOCK_ROOT)    net (fo=973, routed)         1.068     1.881    u_soc/u_core/clk
    SLICE_X98Y221        FDCE                                         r  u_soc/u_core/m_axi_awaddr_reg[8]/C
                         clock pessimism             -0.284     1.597    
    SLICE_X98Y221        FDCE (Remov_CFF2_SLICEL_C_CLR)
                                                     -0.020     1.577    u_soc/u_core/m_axi_awaddr_reg[8]
  -------------------------------------------------------------------
                         required time                         -1.577    
                         arrival time                           1.852    
  -------------------------------------------------------------------
                         slack                                  0.275    

Slack (MET) :             0.275ns  (arrival time - required time)
  Source:                 u_soc/u_dbg/dbg_core_rst_reg/C
                            (rising edge-triggered cell FDCE clocked by clk  {rise@0.000ns fall@3.333ns period=9.999ns})
  Destination:            u_soc/u_core/m_axi_awaddr_reg[9]/CLR
                            (removal check against rising-edge clock clk  {rise@0.000ns fall@3.333ns period=9.999ns})
  Path Group:             **async_default**
  Path Type:              Removal (Min at Fast Process Corner)
  Requirement:            0.000ns  (clk rise@0.000ns - clk rise@0.000ns)
  Data Path Delay:        0.277ns  (logic 0.091ns (32.862%)  route 0.186ns (67.138%))
  Logic Levels:           1  (LUT2=1)
  Clock Path Skew:        0.022ns (DCD - SCD - CPR)
    Destination Clock Delay (DCD):    1.881ns
    Source Clock Delay      (SCD):    1.575ns
    Clock Pessimism Removal (CPR):    0.284ns
  Clock Net Delay (Source):      0.939ns (routing 0.425ns, distribution 0.514ns)
  Clock Net Delay (Destination): 1.068ns (routing 0.475ns, distribution 0.593ns)

    Location             Delay type                Incr(ns)  Path(ns)    Netlist Resource(s)
  -------------------------------------------------------------------    -------------------
                         (clock clk rise edge)        0.000     0.000 r  
    AH18                                              0.000     0.000 r  clk300_p (IN)
                         net (fo=0)                   0.079     0.079    u_ibufds/I
    HPIOBDIFFINBUF_X1Y36 DIFFINBUF (Prop_DIFFINBUF_HPIOBDIFFINBUF_DIFF_IN_P_O)
                                                      0.284     0.363 r  u_ibufds/DIFFINBUF_INST/O
                         net (fo=1, routed)           0.040     0.403    u_ibufds/OUT
    AH18                 IBUFCTRL (Prop_IBUFCTRL_HPIOB_M_I_O)
                                                      0.000     0.403 r  u_ibufds/IBUFCTRL_INST/O
                         net (fo=1, routed)           0.144     0.547    clk_ref
    BUFGCE_DIV_X1Y5      BUFGCE_DIV (Prop_BUFGCE_DIV_I_O)
                                                      0.089     0.636 r  u_div/O
    X2Y3 (CLOCK_ROOT)    net (fo=973, routed)         0.939     1.575    u_soc/u_dbg/clk
    SLICE_X98Y216        FDCE                                         r  u_soc/u_dbg/dbg_core_rst_reg/C
  -------------------------------------------------------------------    -------------------
    SLICE_X98Y216        FDCE (Prop_DFF2_SLICEL_C_Q)
                                                      0.041     1.616 f  u_soc/u_dbg/dbg_core_rst_reg/Q
                         net (fo=2, routed)           0.058     1.673    u_soc/dbg_core_rst
    SLICE_X98Y218        LUT2 (Prop_D6LUT_SLICEL_I0_O)
                                                      0.050     1.723 f  u_soc/FSM_onehot_state[5]_i_3/O
                         net (fo=488, routed)         0.128     1.852    u_soc/u_core/m_axi_awaddr_reg[29]_2
    SLICE_X98Y221        FDCE                                         f  u_soc/u_core/m_axi_awaddr_reg[9]/CLR
  -------------------------------------------------------------------    -------------------

                         (clock clk rise edge)        0.000     0.000 r  
    AH18                                              0.000     0.000 r  clk300_p (IN)
                         net (fo=0)                   0.100     0.100    u_ibufds/I
    HPIOBDIFFINBUF_X1Y36 DIFFINBUF (Prop_DIFFINBUF_HPIOBDIFFINBUF_DIFF_IN_P_O)
                                                      0.382     0.482 r  u_ibufds/DIFFINBUF_INST/O
                         net (fo=1, routed)           0.050     0.532    u_ibufds/OUT
    AH18                 IBUFCTRL (Prop_IBUFCTRL_HPIOB_M_I_O)
                                                      0.000     0.532 r  u_ibufds/IBUFCTRL_INST/O
                         net (fo=1, routed)           0.180     0.712    clk_ref
    BUFGCE_DIV_X1Y5      BUFGCE_DIV (Prop_BUFGCE_DIV_I_O)
                                                      0.101     0.813 r  u_div/O
    X2Y3 (CLOCK_ROOT)    net (fo=973, routed)         1.068     1.881    u_soc/u_core/clk
    SLICE_X98Y221        FDCE                                         r  u_soc/u_core/m_axi_awaddr_reg[9]/C
                         clock pessimism             -0.284     1.597    
    SLICE_X98Y221        FDCE (Remov_BFF2_SLICEL_C_CLR)
                                                     -0.020     1.577    u_soc/u_core/m_axi_awaddr_reg[9]
  -------------------------------------------------------------------
                         required time                         -1.577    
                         arrival time                           1.852    
  -------------------------------------------------------------------
                         slack                                  0.275    





--------------------------------------------------------------------------------------
Path Group:  (none)
From Clock:  clk
  To Clock:  

Max Delay             5 Endpoints
Min Delay             5 Endpoints
--------------------------------------------------------------------------------------


Max Delay Paths
--------------------------------------------------------------------------------------
Slack:                    inf
  Source:                 u_soc/u_gpio/gpio_out_reg[0]_lopt_replica/C
                            (rising edge-triggered cell FDCE clocked by clk  {rise@0.000ns fall@3.333ns period=9.999ns})
  Destination:            led[0]
                            (output port)
  Path Group:             (none)
  Path Type:              Max at Slow Process Corner
  Data Path Delay:        4.857ns  (logic 2.907ns (59.849%)  route 1.950ns (40.151%))
  Logic Levels:           1  (OBUF=1)
  Clock Uncertainty:      0.025ns  ((TSJ^2 + TIJ^2)^1/2 + DJ) / 2 + PE
    Total System Jitter     (TSJ):    0.050ns
    Total Input Jitter      (TIJ):    0.000ns
    Discrete Jitter          (DJ):    0.000ns
    Phase Error              (PE):    0.000ns
  Clock Net Delay (Source):      1.676ns (routing 0.766ns, distribution 0.910ns)
  Timing Exception:       False Path

    Location             Delay type                Incr(ns)  Path(ns)    Netlist Resource(s)
  -------------------------------------------------------------------    -------------------
                         (clock clk rise edge)        0.000     0.000 r  
    AH18                                              0.000     0.000 r  clk300_p (IN)
                         net (fo=0)                   0.100     0.100    u_ibufds/I
    HPIOBDIFFINBUF_X1Y36 DIFFINBUF (Prop_DIFFINBUF_HPIOBDIFFINBUF_DIFF_IN_P_O)
                                                      0.525     0.625 r  u_ibufds/DIFFINBUF_INST/O
                         net (fo=1, routed)           0.050     0.675    u_ibufds/OUT
    AH18                 IBUFCTRL (Prop_IBUFCTRL_HPIOB_M_I_O)
                                                      0.000     0.675 r  u_ibufds/IBUFCTRL_INST/O
                         net (fo=1, routed)           0.322     0.997    clk_ref
    BUFGCE_DIV_X1Y5      BUFGCE_DIV (Prop_BUFGCE_DIV_I_O)
                                                      0.152     1.149 r  u_div/O
    X2Y3 (CLOCK_ROOT)    net (fo=973, routed)         1.676     2.825    u_soc/u_gpio/clk
    SLICE_X98Y217        FDCE                                         r  u_soc/u_gpio/gpio_out_reg[0]_lopt_replica/C
  -------------------------------------------------------------------    -------------------
    SLICE_X98Y217        FDCE (Prop_DFF2_SLICEL_C_Q)
                                                      0.081     2.906 r  u_soc/u_gpio/gpio_out_reg[0]_lopt_replica/Q
                         net (fo=1, routed)           1.950     4.856    lopt
    D5                   OBUF (Prop_OUTBUF_HDIOB_S_I_O)
                                                      2.826     7.682 r  led_OBUF[0]_inst/O
                         net (fo=0)                   0.000     7.682    led[0]
    D5                                                                r  led[0] (OUT)
  -------------------------------------------------------------------    -------------------

Slack:                    inf
  Source:                 u_soc/u_uart/u_tx/tx_reg/C
                            (rising edge-triggered cell FDPE clocked by clk  {rise@0.000ns fall@3.333ns period=9.999ns})
  Destination:            uart_tx
                            (output port)
  Path Group:             (none)
  Path Type:              Max at Slow Process Corner
  Data Path Delay:        4.630ns  (logic 1.004ns (21.684%)  route 3.626ns (78.316%))
  Logic Levels:           1  (OBUF=1)
  Clock Uncertainty:      0.025ns  ((TSJ^2 + TIJ^2)^1/2 + DJ) / 2 + PE
    Total System Jitter     (TSJ):    0.050ns
    Total Input Jitter      (TIJ):    0.000ns
    Discrete Jitter          (DJ):    0.000ns
    Phase Error              (PE):    0.000ns
  Clock Net Delay (Source):      1.684ns (routing 0.766ns, distribution 0.918ns)
  Timing Exception:       False Path

    Location             Delay type                Incr(ns)  Path(ns)    Netlist Resource(s)
  -------------------------------------------------------------------    -------------------
                         (clock clk rise edge)        0.000     0.000 r  
    AH18                                              0.000     0.000 r  clk300_p (IN)
                         net (fo=0)                   0.100     0.100    u_ibufds/I
    HPIOBDIFFINBUF_X1Y36 DIFFINBUF (Prop_DIFFINBUF_HPIOBDIFFINBUF_DIFF_IN_P_O)
                                                      0.525     0.625 r  u_ibufds/DIFFINBUF_INST/O
                         net (fo=1, routed)           0.050     0.675    u_ibufds/OUT
    AH18                 IBUFCTRL (Prop_IBUFCTRL_HPIOB_M_I_O)
                                                      0.000     0.675 r  u_ibufds/IBUFCTRL_INST/O
                         net (fo=1, routed)           0.322     0.997    clk_ref
    BUFGCE_DIV_X1Y5      BUFGCE_DIV (Prop_BUFGCE_DIV_I_O)
                                                      0.152     1.149 r  u_div/O
    X2Y3 (CLOCK_ROOT)    net (fo=973, routed)         1.684     2.833    u_soc/u_uart/u_tx/clk
    SLICE_X97Y209        FDPE                                         r  u_soc/u_uart/u_tx/tx_reg/C
  -------------------------------------------------------------------    -------------------
    SLICE_X97Y209        FDPE (Prop_DFF_SLICEL_C_Q)
                                                      0.079     2.912 r  u_soc/u_uart/u_tx/tx_reg/Q
                         net (fo=1, routed)           3.626     6.538    uart_tx_OBUF
    C19                  OBUF (Prop_OUTBUF_HPIOB_S_I_O)
                                                      0.925     7.463 r  uart_tx_OBUF_inst/O
                         net (fo=0)                   0.000     7.463    uart_tx
    C19                                                               r  uart_tx (OUT)
  -------------------------------------------------------------------    -------------------

Slack:                    inf
  Source:                 u_soc/u_gpio/gpio_out_reg[1]_lopt_replica/C
                            (rising edge-triggered cell FDCE clocked by clk  {rise@0.000ns fall@3.333ns period=9.999ns})
  Destination:            led[1]
                            (output port)
  Path Group:             (none)
  Path Type:              Max at Slow Process Corner
  Data Path Delay:        4.620ns  (logic 2.908ns (62.945%)  route 1.712ns (37.055%))
  Logic Levels:           1  (OBUF=1)
  Clock Uncertainty:      0.025ns  ((TSJ^2 + TIJ^2)^1/2 + DJ) / 2 + PE
    Total System Jitter     (TSJ):    0.050ns
    Total Input Jitter      (TIJ):    0.000ns
    Discrete Jitter          (DJ):    0.000ns
    Phase Error              (PE):    0.000ns
  Clock Net Delay (Source):      1.676ns (routing 0.766ns, distribution 0.910ns)
  Timing Exception:       False Path

    Location             Delay type                Incr(ns)  Path(ns)    Netlist Resource(s)
  -------------------------------------------------------------------    -------------------
                         (clock clk rise edge)        0.000     0.000 r  
    AH18                                              0.000     0.000 r  clk300_p (IN)
                         net (fo=0)                   0.100     0.100    u_ibufds/I
    HPIOBDIFFINBUF_X1Y36 DIFFINBUF (Prop_DIFFINBUF_HPIOBDIFFINBUF_DIFF_IN_P_O)
                                                      0.525     0.625 r  u_ibufds/DIFFINBUF_INST/O
                         net (fo=1, routed)           0.050     0.675    u_ibufds/OUT
    AH18                 IBUFCTRL (Prop_IBUFCTRL_HPIOB_M_I_O)
                                                      0.000     0.675 r  u_ibufds/IBUFCTRL_INST/O
                         net (fo=1, routed)           0.322     0.997    clk_ref
    BUFGCE_DIV_X1Y5      BUFGCE_DIV (Prop_BUFGCE_DIV_I_O)
                                                      0.152     1.149 r  u_div/O
    X2Y3 (CLOCK_ROOT)    net (fo=973, routed)         1.676     2.825    u_soc/u_gpio/clk
    SLICE_X98Y217        FDCE                                         r  u_soc/u_gpio/gpio_out_reg[1]_lopt_replica/C
  -------------------------------------------------------------------    -------------------
    SLICE_X98Y217        FDCE (Prop_CFF2_SLICEL_C_Q)
                                                      0.080     2.905 r  u_soc/u_gpio/gpio_out_reg[1]_lopt_replica/Q
                         net (fo=1, routed)           1.712     4.617    lopt_1
    D6                   OBUF (Prop_OUTBUF_HDIOB_M_I_O)
                                                      2.828     7.446 r  led_OBUF[1]_inst/O
                         net (fo=0)                   0.000     7.446    led[1]
    D6                                                                r  led[1] (OUT)
  -------------------------------------------------------------------    -------------------

Slack:                    inf
  Source:                 u_soc/u_gpio/gpio_out_reg[3]_lopt_replica/C
                            (rising edge-triggered cell FDCE clocked by clk  {rise@0.000ns fall@3.333ns period=9.999ns})
  Destination:            led[3]
                            (output port)
  Path Group:             (none)
  Path Type:              Max at Slow Process Corner
  Data Path Delay:        4.435ns  (logic 2.924ns (65.931%)  route 1.511ns (34.069%))
  Logic Levels:           1  (OBUF=1)
  Clock Uncertainty:      0.025ns  ((TSJ^2 + TIJ^2)^1/2 + DJ) / 2 + PE
    Total System Jitter     (TSJ):    0.050ns
    Total Input Jitter      (TIJ):    0.000ns
    Discrete Jitter          (DJ):    0.000ns
    Phase Error              (PE):    0.000ns
  Clock Net Delay (Source):      1.676ns (routing 0.766ns, distribution 0.910ns)
  Timing Exception:       False Path

    Location             Delay type                Incr(ns)  Path(ns)    Netlist Resource(s)
  -------------------------------------------------------------------    -------------------
                         (clock clk rise edge)        0.000     0.000 r  
    AH18                                              0.000     0.000 r  clk300_p (IN)
                         net (fo=0)                   0.100     0.100    u_ibufds/I
    HPIOBDIFFINBUF_X1Y36 DIFFINBUF (Prop_DIFFINBUF_HPIOBDIFFINBUF_DIFF_IN_P_O)
                                                      0.525     0.625 r  u_ibufds/DIFFINBUF_INST/O
                         net (fo=1, routed)           0.050     0.675    u_ibufds/OUT
    AH18                 IBUFCTRL (Prop_IBUFCTRL_HPIOB_M_I_O)
                                                      0.000     0.675 r  u_ibufds/IBUFCTRL_INST/O
                         net (fo=1, routed)           0.322     0.997    clk_ref
    BUFGCE_DIV_X1Y5      BUFGCE_DIV (Prop_BUFGCE_DIV_I_O)
                                                      0.152     1.149 r  u_div/O
    X2Y3 (CLOCK_ROOT)    net (fo=973, routed)         1.676     2.825    u_soc/u_gpio/clk
    SLICE_X98Y217        FDCE                                         r  u_soc/u_gpio/gpio_out_reg[3]_lopt_replica/C
  -------------------------------------------------------------------    -------------------
    SLICE_X98Y217        FDCE (Prop_BFF2_SLICEL_C_Q)
                                                      0.080     2.905 r  u_soc/u_gpio/gpio_out_reg[3]_lopt_replica/Q
                         net (fo=1, routed)           1.511     4.416    lopt_3
    B5                   OBUF (Prop_OUTBUF_HDIOB_M_I_O)
                                                      2.844     7.261 r  led_OBUF[3]_inst/O
                         net (fo=0)                   0.000     7.261    led[3]
    B5                                                                r  led[3] (OUT)
  -------------------------------------------------------------------    -------------------

Slack:                    inf
  Source:                 u_soc/u_gpio/gpio_out_reg[2]_lopt_replica/C
                            (rising edge-triggered cell FDCE clocked by clk  {rise@0.000ns fall@3.333ns period=9.999ns})
  Destination:            led[2]
                            (output port)
  Path Group:             (none)
  Path Type:              Max at Slow Process Corner
  Data Path Delay:        4.356ns  (logic 2.928ns (67.215%)  route 1.428ns (32.785%))
  Logic Levels:           1  (OBUF=1)
  Clock Uncertainty:      0.025ns  ((TSJ^2 + TIJ^2)^1/2 + DJ) / 2 + PE
    Total System Jitter     (TSJ):    0.050ns
    Total Input Jitter      (TIJ):    0.000ns
    Discrete Jitter          (DJ):    0.000ns
    Phase Error              (PE):    0.000ns
  Clock Net Delay (Source):      1.681ns (routing 0.766ns, distribution 0.915ns)
  Timing Exception:       False Path

    Location             Delay type                Incr(ns)  Path(ns)    Netlist Resource(s)
  -------------------------------------------------------------------    -------------------
                         (clock clk rise edge)        0.000     0.000 r  
    AH18                                              0.000     0.000 r  clk300_p (IN)
                         net (fo=0)                   0.100     0.100    u_ibufds/I
    HPIOBDIFFINBUF_X1Y36 DIFFINBUF (Prop_DIFFINBUF_HPIOBDIFFINBUF_DIFF_IN_P_O)
                                                      0.525     0.625 r  u_ibufds/DIFFINBUF_INST/O
                         net (fo=1, routed)           0.050     0.675    u_ibufds/OUT
    AH18                 IBUFCTRL (Prop_IBUFCTRL_HPIOB_M_I_O)
                                                      0.000     0.675 r  u_ibufds/IBUFCTRL_INST/O
                         net (fo=1, routed)           0.322     0.997    clk_ref
    BUFGCE_DIV_X1Y5      BUFGCE_DIV (Prop_BUFGCE_DIV_I_O)
                                                      0.152     1.149 r  u_div/O
    X2Y3 (CLOCK_ROOT)    net (fo=973, routed)         1.681     2.830    u_soc/u_gpio/clk
    SLICE_X98Y217        FDCE                                         r  u_soc/u_gpio/gpio_out_reg[2]_lopt_replica/C
  -------------------------------------------------------------------    -------------------
    SLICE_X98Y217        FDCE (Prop_EFF_SLICEL_C_Q)
                                                      0.079     2.909 r  u_soc/u_gpio/gpio_out_reg[2]_lopt_replica/Q
                         net (fo=1, routed)           1.428     4.337    lopt_2
    A5                   OBUF (Prop_OUTBUF_HDIOB_S_I_O)
                                                      2.849     7.186 r  led_OBUF[2]_inst/O
                         net (fo=0)                   0.000     7.186    led[2]
    A5                                                                r  led[2] (OUT)
  -------------------------------------------------------------------    -------------------





Min Delay Paths
--------------------------------------------------------------------------------------
Slack:                    inf
  Source:                 u_soc/u_uart/u_tx/tx_reg/C
                            (rising edge-triggered cell FDPE clocked by clk  {rise@0.000ns fall@3.333ns period=9.999ns})
  Destination:            uart_tx
                            (output port)
  Path Group:             (none)
  Path Type:              Min at Fast Process Corner
  Data Path Delay:        2.207ns  (logic 0.456ns (20.650%)  route 1.751ns (79.350%))
  Logic Levels:           1  (OBUF=1)
  Clock Uncertainty:      0.025ns  ((TSJ^2 + TIJ^2)^1/2 + DJ) / 2 + PE
    Total System Jitter     (TSJ):    0.050ns
    Total Input Jitter      (TIJ):    0.000ns
    Discrete Jitter          (DJ):    0.000ns
    Phase Error              (PE):    0.000ns
  Clock Net Delay (Source):      0.931ns (routing 0.425ns, distribution 0.506ns)
  Timing Exception:       False Path

    Location             Delay type                Incr(ns)  Path(ns)    Netlist Resource(s)
  -------------------------------------------------------------------    -------------------
                         (clock clk rise edge)        0.000     0.000 r  
    AH18                                              0.000     0.000 r  clk300_p (IN)
                         net (fo=0)                   0.079     0.079    u_ibufds/I
    HPIOBDIFFINBUF_X1Y36 DIFFINBUF (Prop_DIFFINBUF_HPIOBDIFFINBUF_DIFF_IN_P_O)
                                                      0.284     0.363 r  u_ibufds/DIFFINBUF_INST/O
                         net (fo=1, routed)           0.040     0.403    u_ibufds/OUT
    AH18                 IBUFCTRL (Prop_IBUFCTRL_HPIOB_M_I_O)
                                                      0.000     0.403 r  u_ibufds/IBUFCTRL_INST/O
                         net (fo=1, routed)           0.144     0.547    clk_ref
    BUFGCE_DIV_X1Y5      BUFGCE_DIV (Prop_BUFGCE_DIV_I_O)
                                                      0.089     0.636 r  u_div/O
    X2Y3 (CLOCK_ROOT)    net (fo=973, routed)         0.931     1.567    u_soc/u_uart/u_tx/clk
    SLICE_X97Y209        FDPE                                         r  u_soc/u_uart/u_tx/tx_reg/C
  -------------------------------------------------------------------    -------------------
    SLICE_X97Y209        FDPE (Prop_DFF_SLICEL_C_Q)
                                                      0.039     1.606 r  u_soc/u_uart/u_tx/tx_reg/Q
                         net (fo=1, routed)           1.751     3.357    uart_tx_OBUF
    C19                  OBUF (Prop_OUTBUF_HPIOB_S_I_O)
                                                      0.417     3.773 r  uart_tx_OBUF_inst/O
                         net (fo=0)                   0.000     3.773    uart_tx
    C19                                                               r  uart_tx (OUT)
  -------------------------------------------------------------------    -------------------

Slack:                    inf
  Source:                 u_soc/u_gpio/gpio_out_reg[2]_lopt_replica/C
                            (rising edge-triggered cell FDCE clocked by clk  {rise@0.000ns fall@3.333ns period=9.999ns})
  Destination:            led[2]
                            (output port)
  Path Group:             (none)
  Path Type:              Min at Fast Process Corner
  Data Path Delay:        2.224ns  (logic 1.543ns (69.382%)  route 0.681ns (30.618%))
  Logic Levels:           1  (OBUF=1)
  Clock Uncertainty:      0.025ns  ((TSJ^2 + TIJ^2)^1/2 + DJ) / 2 + PE
    Total System Jitter     (TSJ):    0.050ns
    Total Input Jitter      (TIJ):    0.000ns
    Discrete Jitter          (DJ):    0.000ns
    Phase Error              (PE):    0.000ns
  Clock Net Delay (Source):      0.936ns (routing 0.425ns, distribution 0.511ns)
  Timing Exception:       False Path

    Location             Delay type                Incr(ns)  Path(ns)    Netlist Resource(s)
  -------------------------------------------------------------------    -------------------
                         (clock clk rise edge)        0.000     0.000 r  
    AH18                                              0.000     0.000 r  clk300_p (IN)
                         net (fo=0)                   0.079     0.079    u_ibufds/I
    HPIOBDIFFINBUF_X1Y36 DIFFINBUF (Prop_DIFFINBUF_HPIOBDIFFINBUF_DIFF_IN_P_O)
                                                      0.284     0.363 r  u_ibufds/DIFFINBUF_INST/O
                         net (fo=1, routed)           0.040     0.403    u_ibufds/OUT
    AH18                 IBUFCTRL (Prop_IBUFCTRL_HPIOB_M_I_O)
                                                      0.000     0.403 r  u_ibufds/IBUFCTRL_INST/O
                         net (fo=1, routed)           0.144     0.547    clk_ref
    BUFGCE_DIV_X1Y5      BUFGCE_DIV (Prop_BUFGCE_DIV_I_O)
                                                      0.089     0.636 r  u_div/O
    X2Y3 (CLOCK_ROOT)    net (fo=973, routed)         0.936     1.572    u_soc/u_gpio/clk
    SLICE_X98Y217        FDCE                                         r  u_soc/u_gpio/gpio_out_reg[2]_lopt_replica/C
  -------------------------------------------------------------------    -------------------
    SLICE_X98Y217        FDCE (Prop_EFF_SLICEL_C_Q)
                                                      0.039     1.611 r  u_soc/u_gpio/gpio_out_reg[2]_lopt_replica/Q
                         net (fo=1, routed)           0.681     2.292    lopt_2
    A5                   OBUF (Prop_OUTBUF_HDIOB_S_I_O)
                                                      1.504     3.796 r  led_OBUF[2]_inst/O
                         net (fo=0)                   0.000     3.796    led[2]
    A5                                                                r  led[2] (OUT)
  -------------------------------------------------------------------    -------------------

Slack:                    inf
  Source:                 u_soc/u_gpio/gpio_out_reg[3]_lopt_replica/C
                            (rising edge-triggered cell FDCE clocked by clk  {rise@0.000ns fall@3.333ns period=9.999ns})
  Destination:            led[3]
                            (output port)
  Path Group:             (none)
  Path Type:              Min at Fast Process Corner
  Data Path Delay:        2.305ns  (logic 1.540ns (66.808%)  route 0.765ns (33.192%))
  Logic Levels:           1  (OBUF=1)
  Clock Uncertainty:      0.025ns  ((TSJ^2 + TIJ^2)^1/2 + DJ) / 2 + PE
    Total System Jitter     (TSJ):    0.050ns
    Total Input Jitter      (TIJ):    0.000ns
    Discrete Jitter          (DJ):    0.000ns
    Phase Error              (PE):    0.000ns
  Clock Net Delay (Source):      0.933ns (routing 0.425ns, distribution 0.508ns)
  Timing Exception:       False Path

    Location             Delay type                Incr(ns)  Path(ns)    Netlist Resource(s)
  -------------------------------------------------------------------    -------------------
                         (clock clk rise edge)        0.000     0.000 r  
    AH18                                              0.000     0.000 r  clk300_p (IN)
                         net (fo=0)                   0.079     0.079    u_ibufds/I
    HPIOBDIFFINBUF_X1Y36 DIFFINBUF (Prop_DIFFINBUF_HPIOBDIFFINBUF_DIFF_IN_P_O)
                                                      0.284     0.363 r  u_ibufds/DIFFINBUF_INST/O
                         net (fo=1, routed)           0.040     0.403    u_ibufds/OUT
    AH18                 IBUFCTRL (Prop_IBUFCTRL_HPIOB_M_I_O)
                                                      0.000     0.403 r  u_ibufds/IBUFCTRL_INST/O
                         net (fo=1, routed)           0.144     0.547    clk_ref
    BUFGCE_DIV_X1Y5      BUFGCE_DIV (Prop_BUFGCE_DIV_I_O)
                                                      0.089     0.636 r  u_div/O
    X2Y3 (CLOCK_ROOT)    net (fo=973, routed)         0.933     1.569    u_soc/u_gpio/clk
    SLICE_X98Y217        FDCE                                         r  u_soc/u_gpio/gpio_out_reg[3]_lopt_replica/C
  -------------------------------------------------------------------    -------------------
    SLICE_X98Y217        FDCE (Prop_BFF2_SLICEL_C_Q)
                                                      0.040     1.609 r  u_soc/u_gpio/gpio_out_reg[3]_lopt_replica/Q
                         net (fo=1, routed)           0.765     2.374    lopt_3
    B5                   OBUF (Prop_OUTBUF_HDIOB_M_I_O)
                                                      1.500     3.873 r  led_OBUF[3]_inst/O
                         net (fo=0)                   0.000     3.873    led[3]
    B5                                                                r  led[3] (OUT)
  -------------------------------------------------------------------    -------------------

Slack:                    inf
  Source:                 u_soc/u_gpio/gpio_out_reg[1]_lopt_replica/C
                            (rising edge-triggered cell FDCE clocked by clk  {rise@0.000ns fall@3.333ns period=9.999ns})
  Destination:            led[1]
                            (output port)
  Path Group:             (none)
  Path Type:              Min at Fast Process Corner
  Data Path Delay:        2.393ns  (logic 1.524ns (63.686%)  route 0.869ns (36.314%))
  Logic Levels:           1  (OBUF=1)
  Clock Uncertainty:      0.025ns  ((TSJ^2 + TIJ^2)^1/2 + DJ) / 2 + PE
    Total System Jitter     (TSJ):    0.050ns
    Total Input Jitter      (TIJ):    0.000ns
    Discrete Jitter          (DJ):    0.000ns
    Phase Error              (PE):    0.000ns
  Clock Net Delay (Source):      0.933ns (routing 0.425ns, distribution 0.508ns)
  Timing Exception:       False Path

    Location             Delay type                Incr(ns)  Path(ns)    Netlist Resource(s)
  -------------------------------------------------------------------    -------------------
                         (clock clk rise edge)        0.000     0.000 r  
    AH18                                              0.000     0.000 r  clk300_p (IN)
                         net (fo=0)                   0.079     0.079    u_ibufds/I
    HPIOBDIFFINBUF_X1Y36 DIFFINBUF (Prop_DIFFINBUF_HPIOBDIFFINBUF_DIFF_IN_P_O)
                                                      0.284     0.363 r  u_ibufds/DIFFINBUF_INST/O
                         net (fo=1, routed)           0.040     0.403    u_ibufds/OUT
    AH18                 IBUFCTRL (Prop_IBUFCTRL_HPIOB_M_I_O)
                                                      0.000     0.403 r  u_ibufds/IBUFCTRL_INST/O
                         net (fo=1, routed)           0.144     0.547    clk_ref
    BUFGCE_DIV_X1Y5      BUFGCE_DIV (Prop_BUFGCE_DIV_I_O)
                                                      0.089     0.636 r  u_div/O
    X2Y3 (CLOCK_ROOT)    net (fo=973, routed)         0.933     1.569    u_soc/u_gpio/clk
    SLICE_X98Y217        FDCE                                         r  u_soc/u_gpio/gpio_out_reg[1]_lopt_replica/C
  -------------------------------------------------------------------    -------------------
    SLICE_X98Y217        FDCE (Prop_CFF2_SLICEL_C_Q)
                                                      0.040     1.609 r  u_soc/u_gpio/gpio_out_reg[1]_lopt_replica/Q
                         net (fo=1, routed)           0.869     2.478    lopt_1
    D6                   OBUF (Prop_OUTBUF_HDIOB_M_I_O)
                                                      1.484     3.962 r  led_OBUF[1]_inst/O
                         net (fo=0)                   0.000     3.962    led[1]
    D6                                                                r  led[1] (OUT)
  -------------------------------------------------------------------    -------------------

Slack:                    inf
  Source:                 u_soc/u_gpio/gpio_out_reg[0]_lopt_replica/C
                            (rising edge-triggered cell FDCE clocked by clk  {rise@0.000ns fall@3.333ns period=9.999ns})
  Destination:            led[0]
                            (output port)
  Path Group:             (none)
  Path Type:              Min at Fast Process Corner
  Data Path Delay:        2.464ns  (logic 1.522ns (61.776%)  route 0.942ns (38.224%))
  Logic Levels:           1  (OBUF=1)
  Clock Uncertainty:      0.025ns  ((TSJ^2 + TIJ^2)^1/2 + DJ) / 2 + PE
    Total System Jitter     (TSJ):    0.050ns
    Total Input Jitter      (TIJ):    0.000ns
    Discrete Jitter          (DJ):    0.000ns
    Phase Error              (PE):    0.000ns
  Clock Net Delay (Source):      0.933ns (routing 0.425ns, distribution 0.508ns)
  Timing Exception:       False Path

    Location             Delay type                Incr(ns)  Path(ns)    Netlist Resource(s)
  -------------------------------------------------------------------    -------------------
                         (clock clk rise edge)        0.000     0.000 r  
    AH18                                              0.000     0.000 r  clk300_p (IN)
                         net (fo=0)                   0.079     0.079    u_ibufds/I
    HPIOBDIFFINBUF_X1Y36 DIFFINBUF (Prop_DIFFINBUF_HPIOBDIFFINBUF_DIFF_IN_P_O)
                                                      0.284     0.363 r  u_ibufds/DIFFINBUF_INST/O
                         net (fo=1, routed)           0.040     0.403    u_ibufds/OUT
    AH18                 IBUFCTRL (Prop_IBUFCTRL_HPIOB_M_I_O)
                                                      0.000     0.403 r  u_ibufds/IBUFCTRL_INST/O
                         net (fo=1, routed)           0.144     0.547    clk_ref
    BUFGCE_DIV_X1Y5      BUFGCE_DIV (Prop_BUFGCE_DIV_I_O)
                                                      0.089     0.636 r  u_div/O
    X2Y3 (CLOCK_ROOT)    net (fo=973, routed)         0.933     1.569    u_soc/u_gpio/clk
    SLICE_X98Y217        FDCE                                         r  u_soc/u_gpio/gpio_out_reg[0]_lopt_replica/C
  -------------------------------------------------------------------    -------------------
    SLICE_X98Y217        FDCE (Prop_DFF2_SLICEL_C_Q)
                                                      0.041     1.610 r  u_soc/u_gpio/gpio_out_reg[0]_lopt_replica/Q
                         net (fo=1, routed)           0.942     2.552    lopt
    D5                   OBUF (Prop_OUTBUF_HDIOB_S_I_O)
                                                      1.481     4.033 r  led_OBUF[0]_inst/O
                         net (fo=0)                   0.000     4.033    led[0]
    D5                                                                r  led[0] (OUT)
  -------------------------------------------------------------------    -------------------





--------------------------------------------------------------------------------------
Path Group:  (none)
From Clock:  
  To Clock:  clk

Max Delay            10 Endpoints
Min Delay            10 Endpoints
--------------------------------------------------------------------------------------


Max Delay Paths
--------------------------------------------------------------------------------------
Slack:                    inf
  Source:                 uart_rx
                            (input port)
  Destination:            u_soc/u_uart/u_rx/rx_sync0_reg/D
                            (rising edge-triggered cell FDPE clocked by clk  {rise@0.000ns fall@3.333ns period=9.999ns})
  Path Group:             (none)
  Path Type:              Setup (Max at Slow Process Corner)
  Data Path Delay:        4.320ns  (logic 0.539ns (12.484%)  route 3.781ns (87.516%))
  Logic Levels:           2  (IBUFCTRL=1 INBUF=1)
  Clock Path Skew:        2.441ns (DCD - SCD + CPR)
    Destination Clock Delay (DCD):    2.441ns
    Source Clock Delay      (SCD):    0.000ns
    Clock Pessimism Removal (CPR):    0.000ns
  Clock Uncertainty:      0.025ns  ((TSJ^2 + TIJ^2)^1/2 + DJ) / 2 + PE
    Total System Jitter     (TSJ):    0.050ns
    Total Input Jitter      (TIJ):    0.000ns
    Discrete Jitter          (DJ):    0.000ns
    Phase Error              (PE):    0.000ns
  Clock Net Delay (Destination): 1.475ns (routing 0.696ns, distribution 0.779ns)
  Timing Exception:       False Path

    Location             Delay type                Incr(ns)  Path(ns)    Netlist Resource(s)
  -------------------------------------------------------------------    -------------------
    A20                                               0.000     0.000 r  uart_rx (IN)
                         net (fo=0)                   0.000     0.000    uart_rx_IBUF_inst/I
    A20                  INBUF (Prop_INBUF_HPIOB_M_PAD_O)
                                                      0.539     0.539 r  uart_rx_IBUF_inst/INBUF_INST/O
                         net (fo=1, routed)           0.000     0.539    uart_rx_IBUF_inst/OUT
    A20                  IBUFCTRL (Prop_IBUFCTRL_HPIOB_M_I_O)
                                                      0.000     0.539 r  uart_rx_IBUF_inst/IBUFCTRL_INST/O
                         net (fo=1, routed)           3.781     4.320    u_soc/u_uart/u_rx/uart_rx_pin
    SLICE_X95Y209        FDPE                                         r  u_soc/u_uart/u_rx/rx_sync0_reg/D
  -------------------------------------------------------------------    -------------------

                         (clock clk rise edge)        0.000     0.000 r  
    AH18                                              0.000     0.000 r  clk300_p (IN)
                         net (fo=0)                   0.079     0.079    u_ibufds/I
    HPIOBDIFFINBUF_X1Y36 DIFFINBUF (Prop_DIFFINBUF_HPIOBDIFFINBUF_DIFF_IN_P_O)
                                                      0.429     0.508 r  u_ibufds/DIFFINBUF_INST/O
                         net (fo=1, routed)           0.040     0.548    u_ibufds/OUT
    AH18                 IBUFCTRL (Prop_IBUFCTRL_HPIOB_M_I_O)
                                                      0.000     0.548 r  u_ibufds/IBUFCTRL_INST/O
                         net (fo=1, routed)           0.286     0.834    clk_ref
    BUFGCE_DIV_X1Y5      BUFGCE_DIV (Prop_BUFGCE_DIV_I_O)
                                                      0.132     0.966 r  u_div/O
    X2Y3 (CLOCK_ROOT)    net (fo=973, routed)         1.475     2.441    u_soc/u_uart/u_rx/clk
    SLICE_X95Y209        FDPE                                         r  u_soc/u_uart/u_rx/rx_sync0_reg/C

Slack:                    inf
  Source:                 dip[3]
                            (input port)
  Destination:            u_soc/u_gpio/s_axi_rdata_reg[3]/D
                            (rising edge-triggered cell FDCE clocked by clk  {rise@0.000ns fall@3.333ns period=9.999ns})
  Path Group:             (none)
  Path Type:              Setup (Max at Slow Process Corner)
  Data Path Delay:        3.121ns  (logic 1.423ns (45.589%)  route 1.698ns (54.411%))
  Logic Levels:           3  (IBUFCTRL=1 INBUF=1 LUT6=1)
  Clock Path Skew:        2.441ns (DCD - SCD + CPR)
    Destination Clock Delay (DCD):    2.441ns
    Source Clock Delay      (SCD):    0.000ns
    Clock Pessimism Removal (CPR):    0.000ns
  Clock Uncertainty:      0.025ns  ((TSJ^2 + TIJ^2)^1/2 + DJ) / 2 + PE
    Total System Jitter     (TSJ):    0.050ns
    Total Input Jitter      (TIJ):    0.000ns
    Discrete Jitter          (DJ):    0.000ns
    Phase Error              (PE):    0.000ns
  Clock Net Delay (Destination): 1.475ns (routing 0.696ns, distribution 0.779ns)
  Timing Exception:       False Path

    Location             Delay type                Incr(ns)  Path(ns)    Netlist Resource(s)
  -------------------------------------------------------------------    -------------------
    F4                                                0.000     0.000 r  dip[3] (IN)
                         net (fo=0)                   0.000     0.000    dip_IBUF[3]_inst/I
    F4                   INBUF (Prop_INBUF_HDIOB_S_PAD_O)
                                                      1.273     1.273 r  dip_IBUF[3]_inst/INBUF_INST/O
                         net (fo=1, routed)           0.000     1.273    dip_IBUF[3]_inst/OUT
    F4                   IBUFCTRL (Prop_IBUFCTRL_HDIOB_S_I_O)
                                                      0.000     1.273 r  dip_IBUF[3]_inst/IBUFCTRL_INST/O
                         net (fo=1, routed)           1.647     2.920    u_soc/u_dbg/dip_IBUF[3]
    SLICE_X97Y210        LUT6 (Prop_H6LUT_SLICEL_I4_O)
                                                      0.150     3.070 r  u_soc/u_dbg/s_axi_rdata[3]_i_1/O
                         net (fo=1, routed)           0.051     3.121    u_soc/u_gpio/s_axi_rdata_reg[31]_2[3]
    SLICE_X97Y210        FDCE                                         r  u_soc/u_gpio/s_axi_rdata_reg[3]/D
  -------------------------------------------------------------------    -------------------

                         (clock clk rise edge)        0.000     0.000 r  
    AH18                                              0.000     0.000 r  clk300_p (IN)
                         net (fo=0)                   0.079     0.079    u_ibufds/I
    HPIOBDIFFINBUF_X1Y36 DIFFINBUF (Prop_DIFFINBUF_HPIOBDIFFINBUF_DIFF_IN_P_O)
                                                      0.429     0.508 r  u_ibufds/DIFFINBUF_INST/O
                         net (fo=1, routed)           0.040     0.548    u_ibufds/OUT
    AH18                 IBUFCTRL (Prop_IBUFCTRL_HPIOB_M_I_O)
                                                      0.000     0.548 r  u_ibufds/IBUFCTRL_INST/O
                         net (fo=1, routed)           0.286     0.834    clk_ref
    BUFGCE_DIV_X1Y5      BUFGCE_DIV (Prop_BUFGCE_DIV_I_O)
                                                      0.132     0.966 r  u_div/O
    X2Y3 (CLOCK_ROOT)    net (fo=973, routed)         1.475     2.441    u_soc/u_gpio/clk
    SLICE_X97Y210        FDCE                                         r  u_soc/u_gpio/s_axi_rdata_reg[3]/C

Slack:                    inf
  Source:                 pb[2]
                            (input port)
  Destination:            u_soc/u_gpio/s_axi_rdata_reg[6]/D
                            (rising edge-triggered cell FDCE clocked by clk  {rise@0.000ns fall@3.333ns period=9.999ns})
  Path Group:             (none)
  Path Type:              Setup (Max at Slow Process Corner)
  Data Path Delay:        2.934ns  (logic 1.338ns (45.602%)  route 1.596ns (54.398%))
  Logic Levels:           3  (IBUFCTRL=1 INBUF=1 LUT6=1)
  Clock Path Skew:        2.443ns (DCD - SCD + CPR)
    Destination Clock Delay (DCD):    2.443ns
    Source Clock Delay      (SCD):    0.000ns
    Clock Pessimism Removal (CPR):    0.000ns
  Clock Uncertainty:      0.025ns  ((TSJ^2 + TIJ^2)^1/2 + DJ) / 2 + PE
    Total System Jitter     (TSJ):    0.050ns
    Total Input Jitter      (TIJ):    0.000ns
    Discrete Jitter          (DJ):    0.000ns
    Phase Error              (PE):    0.000ns
  Clock Net Delay (Destination): 1.477ns (routing 0.696ns, distribution 0.781ns)
  Timing Exception:       False Path

    Location             Delay type                Incr(ns)  Path(ns)    Netlist Resource(s)
  -------------------------------------------------------------------    -------------------
    B3                                                0.000     0.000 r  pb[2] (IN)
                         net (fo=0)                   0.000     0.000    pb_IBUF[2]_inst/I
    B3                   INBUF (Prop_INBUF_HDIOB_S_PAD_O)
                                                      1.301     1.301 r  pb_IBUF[2]_inst/INBUF_INST/O
                         net (fo=1, routed)           0.000     1.301    pb_IBUF[2]_inst/OUT
    B3                   IBUFCTRL (Prop_IBUFCTRL_HDIOB_S_I_O)
                                                      0.000     1.301 r  pb_IBUF[2]_inst/IBUFCTRL_INST/O
                         net (fo=1, routed)           1.530     2.831    u_soc/u_dbg/pb_IBUF[2]
    SLICE_X96Y210        LUT6 (Prop_C6LUT_SLICEM_I4_O)
                                                      0.037     2.868 r  u_soc/u_dbg/s_axi_rdata[6]_i_1/O
                         net (fo=1, routed)           0.066     2.934    u_soc/u_gpio/s_axi_rdata_reg[31]_2[6]
    SLICE_X96Y210        FDCE                                         r  u_soc/u_gpio/s_axi_rdata_reg[6]/D
  -------------------------------------------------------------------    -------------------

                         (clock clk rise edge)        0.000     0.000 r  
    AH18                                              0.000     0.000 r  clk300_p (IN)
                         net (fo=0)                   0.079     0.079    u_ibufds/I
    HPIOBDIFFINBUF_X1Y36 DIFFINBUF (Prop_DIFFINBUF_HPIOBDIFFINBUF_DIFF_IN_P_O)
                                                      0.429     0.508 r  u_ibufds/DIFFINBUF_INST/O
                         net (fo=1, routed)           0.040     0.548    u_ibufds/OUT
    AH18                 IBUFCTRL (Prop_IBUFCTRL_HPIOB_M_I_O)
                                                      0.000     0.548 r  u_ibufds/IBUFCTRL_INST/O
                         net (fo=1, routed)           0.286     0.834    clk_ref
    BUFGCE_DIV_X1Y5      BUFGCE_DIV (Prop_BUFGCE_DIV_I_O)
                                                      0.132     0.966 r  u_div/O
    X2Y3 (CLOCK_ROOT)    net (fo=973, routed)         1.477     2.443    u_soc/u_gpio/clk
    SLICE_X96Y210        FDCE                                         r  u_soc/u_gpio/s_axi_rdata_reg[6]/C

Slack:                    inf
  Source:                 pb[0]
                            (input port)
  Destination:            u_soc/u_gpio/s_axi_rdata_reg[4]/D
                            (rising edge-triggered cell FDCE clocked by clk  {rise@0.000ns fall@3.333ns period=9.999ns})
  Path Group:             (none)
  Path Type:              Setup (Max at Slow Process Corner)
  Data Path Delay:        2.921ns  (logic 1.448ns (49.578%)  route 1.473ns (50.422%))
  Logic Levels:           3  (IBUFCTRL=1 INBUF=1 LUT6=1)
  Clock Path Skew:        2.441ns (DCD - SCD + CPR)
    Destination Clock Delay (DCD):    2.441ns
    Source Clock Delay      (SCD):    0.000ns
    Clock Pessimism Removal (CPR):    0.000ns
  Clock Uncertainty:      0.025ns  ((TSJ^2 + TIJ^2)^1/2 + DJ) / 2 + PE
    Total System Jitter     (TSJ):    0.050ns
    Total Input Jitter      (TIJ):    0.000ns
    Discrete Jitter          (DJ):    0.000ns
    Phase Error              (PE):    0.000ns
  Clock Net Delay (Destination): 1.475ns (routing 0.696ns, distribution 0.779ns)
  Timing Exception:       False Path

    Location             Delay type                Incr(ns)  Path(ns)    Netlist Resource(s)
  -------------------------------------------------------------------    -------------------
    B4                                                0.000     0.000 r  pb[0] (IN)
                         net (fo=0)                   0.000     0.000    pb_IBUF[0]_inst/I
    B4                   INBUF (Prop_INBUF_HDIOB_S_PAD_O)
                                                      1.298     1.298 r  pb_IBUF[0]_inst/INBUF_INST/O
                         net (fo=1, routed)           0.000     1.298    pb_IBUF[0]_inst/OUT
    B4                   IBUFCTRL (Prop_IBUFCTRL_HDIOB_S_I_O)
                                                      0.000     1.298 r  pb_IBUF[0]_inst/IBUFCTRL_INST/O
                         net (fo=1, routed)           1.422     2.720    u_soc/u_dbg/pb_IBUF[0]
    SLICE_X98Y210        LUT6 (Prop_H6LUT_SLICEL_I4_O)
                                                      0.150     2.870 r  u_soc/u_dbg/s_axi_rdata[4]_i_1/O
                         net (fo=1, routed)           0.051     2.921    u_soc/u_gpio/s_axi_rdata_reg[31]_2[4]
    SLICE_X98Y210        FDCE                                         r  u_soc/u_gpio/s_axi_rdata_reg[4]/D
  -------------------------------------------------------------------    -------------------

                         (clock clk rise edge)        0.000     0.000 r  
    AH18                                              0.000     0.000 r  clk300_p (IN)
                         net (fo=0)                   0.079     0.079    u_ibufds/I
    HPIOBDIFFINBUF_X1Y36 DIFFINBUF (Prop_DIFFINBUF_HPIOBDIFFINBUF_DIFF_IN_P_O)
                                                      0.429     0.508 r  u_ibufds/DIFFINBUF_INST/O
                         net (fo=1, routed)           0.040     0.548    u_ibufds/OUT
    AH18                 IBUFCTRL (Prop_IBUFCTRL_HPIOB_M_I_O)
                                                      0.000     0.548 r  u_ibufds/IBUFCTRL_INST/O
                         net (fo=1, routed)           0.286     0.834    clk_ref
    BUFGCE_DIV_X1Y5      BUFGCE_DIV (Prop_BUFGCE_DIV_I_O)
                                                      0.132     0.966 r  u_div/O
    X2Y3 (CLOCK_ROOT)    net (fo=973, routed)         1.475     2.441    u_soc/u_gpio/clk
    SLICE_X98Y210        FDCE                                         r  u_soc/u_gpio/s_axi_rdata_reg[4]/C

Slack:                    inf
  Source:                 dip[1]
                            (input port)
  Destination:            u_soc/u_gpio/s_axi_rdata_reg[1]/D
                            (rising edge-triggered cell FDCE clocked by clk  {rise@0.000ns fall@3.333ns period=9.999ns})
  Path Group:             (none)
  Path Type:              Setup (Max at Slow Process Corner)
  Data Path Delay:        2.870ns  (logic 1.369ns (47.692%)  route 1.501ns (52.308%))
  Logic Levels:           3  (IBUFCTRL=1 INBUF=1 LUT6=1)
  Clock Path Skew:        2.441ns (DCD - SCD + CPR)
    Destination Clock Delay (DCD):    2.441ns
    Source Clock Delay      (SCD):    0.000ns
    Clock Pessimism Removal (CPR):    0.000ns
  Clock Uncertainty:      0.025ns  ((TSJ^2 + TIJ^2)^1/2 + DJ) / 2 + PE
    Total System Jitter     (TSJ):    0.050ns
    Total Input Jitter      (TIJ):    0.000ns
    Discrete Jitter          (DJ):    0.000ns
    Phase Error              (PE):    0.000ns
  Clock Net Delay (Destination): 1.475ns (routing 0.696ns, distribution 0.779ns)
  Timing Exception:       False Path

    Location             Delay type                Incr(ns)  Path(ns)    Netlist Resource(s)
  -------------------------------------------------------------------    -------------------
    D4                                                0.000     0.000 r  dip[1] (IN)
                         net (fo=0)                   0.000     0.000    dip_IBUF[1]_inst/I
    D4                   INBUF (Prop_INBUF_HDIOB_S_PAD_O)
                                                      1.280     1.280 r  dip_IBUF[1]_inst/INBUF_INST/O
                         net (fo=1, routed)           0.000     1.280    dip_IBUF[1]_inst/OUT
    D4                   IBUFCTRL (Prop_IBUFCTRL_HDIOB_S_I_O)
                                                      0.000     1.280 r  dip_IBUF[1]_inst/IBUFCTRL_INST/O
                         net (fo=1, routed)           1.452     2.732    u_soc/u_dbg/dip_IBUF[1]
    SLICE_X98Y212        LUT6 (Prop_D6LUT_SLICEL_I4_O)
                                                      0.089     2.821 r  u_soc/u_dbg/s_axi_rdata[1]_i_1/O
                         net (fo=1, routed)           0.049     2.870    u_soc/u_gpio/s_axi_rdata_reg[31]_2[1]
    SLICE_X98Y212        FDCE                                         r  u_soc/u_gpio/s_axi_rdata_reg[1]/D
  -------------------------------------------------------------------    -------------------

                         (clock clk rise edge)        0.000     0.000 r  
    AH18                                              0.000     0.000 r  clk300_p (IN)
                         net (fo=0)                   0.079     0.079    u_ibufds/I
    HPIOBDIFFINBUF_X1Y36 DIFFINBUF (Prop_DIFFINBUF_HPIOBDIFFINBUF_DIFF_IN_P_O)
                                                      0.429     0.508 r  u_ibufds/DIFFINBUF_INST/O
                         net (fo=1, routed)           0.040     0.548    u_ibufds/OUT
    AH18                 IBUFCTRL (Prop_IBUFCTRL_HPIOB_M_I_O)
                                                      0.000     0.548 r  u_ibufds/IBUFCTRL_INST/O
                         net (fo=1, routed)           0.286     0.834    clk_ref
    BUFGCE_DIV_X1Y5      BUFGCE_DIV (Prop_BUFGCE_DIV_I_O)
                                                      0.132     0.966 r  u_div/O
    X2Y3 (CLOCK_ROOT)    net (fo=973, routed)         1.475     2.441    u_soc/u_gpio/clk
    SLICE_X98Y212        FDCE                                         r  u_soc/u_gpio/s_axi_rdata_reg[1]/C

Slack:                    inf
  Source:                 dip[0]
                            (input port)
  Destination:            u_soc/u_gpio/s_axi_rdata_reg[0]/D
                            (rising edge-triggered cell FDCE clocked by clk  {rise@0.000ns fall@3.333ns period=9.999ns})
  Path Group:             (none)
  Path Type:              Setup (Max at Slow Process Corner)
  Data Path Delay:        2.858ns  (logic 1.314ns (45.981%)  route 1.544ns (54.019%))
  Logic Levels:           3  (IBUFCTRL=1 INBUF=1 LUT6=1)
  Clock Path Skew:        2.440ns (DCD - SCD + CPR)
    Destination Clock Delay (DCD):    2.440ns
    Source Clock Delay      (SCD):    0.000ns
    Clock Pessimism Removal (CPR):    0.000ns
  Clock Uncertainty:      0.025ns  ((TSJ^2 + TIJ^2)^1/2 + DJ) / 2 + PE
    Total System Jitter     (TSJ):    0.050ns
    Total Input Jitter      (TIJ):    0.000ns
    Discrete Jitter          (DJ):    0.000ns
    Phase Error              (PE):    0.000ns
  Clock Net Delay (Destination): 1.474ns (routing 0.696ns, distribution 0.778ns)
  Timing Exception:       False Path

    Location             Delay type                Incr(ns)  Path(ns)    Netlist Resource(s)
  -------------------------------------------------------------------    -------------------
    E4                                                0.000     0.000 r  dip[0] (IN)
                         net (fo=0)                   0.000     0.000    dip_IBUF[0]_inst/I
    E4                   INBUF (Prop_INBUF_HDIOB_M_PAD_O)
                                                      1.279     1.279 r  dip_IBUF[0]_inst/INBUF_INST/O
                         net (fo=1, routed)           0.000     1.279    dip_IBUF[0]_inst/OUT
    E4                   IBUFCTRL (Prop_IBUFCTRL_HDIOB_M_I_O)
                                                      0.000     1.279 r  dip_IBUF[0]_inst/IBUFCTRL_INST/O
                         net (fo=1, routed)           1.494     2.773    u_soc/u_dbg/dip_IBUF[0]
    SLICE_X97Y211        LUT6 (Prop_C6LUT_SLICEL_I4_O)
                                                      0.035     2.808 r  u_soc/u_dbg/s_axi_rdata[0]_i_1/O
                         net (fo=1, routed)           0.050     2.858    u_soc/u_gpio/s_axi_rdata_reg[31]_2[0]
    SLICE_X97Y211        FDCE                                         r  u_soc/u_gpio/s_axi_rdata_reg[0]/D
  -------------------------------------------------------------------    -------------------

                         (clock clk rise edge)        0.000     0.000 r  
    AH18                                              0.000     0.000 r  clk300_p (IN)
                         net (fo=0)                   0.079     0.079    u_ibufds/I
    HPIOBDIFFINBUF_X1Y36 DIFFINBUF (Prop_DIFFINBUF_HPIOBDIFFINBUF_DIFF_IN_P_O)
                                                      0.429     0.508 r  u_ibufds/DIFFINBUF_INST/O
                         net (fo=1, routed)           0.040     0.548    u_ibufds/OUT
    AH18                 IBUFCTRL (Prop_IBUFCTRL_HPIOB_M_I_O)
                                                      0.000     0.548 r  u_ibufds/IBUFCTRL_INST/O
                         net (fo=1, routed)           0.286     0.834    clk_ref
    BUFGCE_DIV_X1Y5      BUFGCE_DIV (Prop_BUFGCE_DIV_I_O)
                                                      0.132     0.966 r  u_div/O
    X2Y3 (CLOCK_ROOT)    net (fo=973, routed)         1.474     2.440    u_soc/u_gpio/clk
    SLICE_X97Y211        FDCE                                         r  u_soc/u_gpio/s_axi_rdata_reg[0]/C

Slack:                    inf
  Source:                 dip[2]
                            (input port)
  Destination:            u_soc/u_gpio/s_axi_rdata_reg[2]/D
                            (rising edge-triggered cell FDCE clocked by clk  {rise@0.000ns fall@3.333ns period=9.999ns})
  Path Group:             (none)
  Path Type:              Setup (Max at Slow Process Corner)
  Data Path Delay:        2.843ns  (logic 1.308ns (46.014%)  route 1.535ns (53.986%))
  Logic Levels:           3  (IBUFCTRL=1 INBUF=1 LUT6=1)
  Clock Path Skew:        2.443ns (DCD - SCD + CPR)
    Destination Clock Delay (DCD):    2.443ns
    Source Clock Delay      (SCD):    0.000ns
    Clock Pessimism Removal (CPR):    0.000ns
  Clock Uncertainty:      0.025ns  ((TSJ^2 + TIJ^2)^1/2 + DJ) / 2 + PE
    Total System Jitter     (TSJ):    0.050ns
    Total Input Jitter      (TIJ):    0.000ns
    Discrete Jitter          (DJ):    0.000ns
    Phase Error              (PE):    0.000ns
  Clock Net Delay (Destination): 1.477ns (routing 0.696ns, distribution 0.781ns)
  Timing Exception:       False Path

    Location             Delay type                Incr(ns)  Path(ns)    Netlist Resource(s)
  -------------------------------------------------------------------    -------------------
    F5                                                0.000     0.000 r  dip[2] (IN)
                         net (fo=0)                   0.000     0.000    dip_IBUF[2]_inst/I
    F5                   INBUF (Prop_INBUF_HDIOB_M_PAD_O)
                                                      1.271     1.271 r  dip_IBUF[2]_inst/INBUF_INST/O
                         net (fo=1, routed)           0.000     1.271    dip_IBUF[2]_inst/OUT
    F5                   IBUFCTRL (Prop_IBUFCTRL_HDIOB_M_I_O)
                                                      0.000     1.271 r  dip_IBUF[2]_inst/IBUFCTRL_INST/O
                         net (fo=1, routed)           1.463     2.734    u_soc/u_dbg/dip_IBUF[2]
    SLICE_X96Y210        LUT6 (Prop_D6LUT_SLICEM_I4_O)
                                                      0.037     2.771 r  u_soc/u_dbg/s_axi_rdata[2]_i_1/O
                         net (fo=1, routed)           0.072     2.843    u_soc/u_gpio/s_axi_rdata_reg[31]_2[2]
    SLICE_X96Y210        FDCE                                         r  u_soc/u_gpio/s_axi_rdata_reg[2]/D
  -------------------------------------------------------------------    -------------------

                         (clock clk rise edge)        0.000     0.000 r  
    AH18                                              0.000     0.000 r  clk300_p (IN)
                         net (fo=0)                   0.079     0.079    u_ibufds/I
    HPIOBDIFFINBUF_X1Y36 DIFFINBUF (Prop_DIFFINBUF_HPIOBDIFFINBUF_DIFF_IN_P_O)
                                                      0.429     0.508 r  u_ibufds/DIFFINBUF_INST/O
                         net (fo=1, routed)           0.040     0.548    u_ibufds/OUT
    AH18                 IBUFCTRL (Prop_IBUFCTRL_HPIOB_M_I_O)
                                                      0.000     0.548 r  u_ibufds/IBUFCTRL_INST/O
                         net (fo=1, routed)           0.286     0.834    clk_ref
    BUFGCE_DIV_X1Y5      BUFGCE_DIV (Prop_BUFGCE_DIV_I_O)
                                                      0.132     0.966 r  u_div/O
    X2Y3 (CLOCK_ROOT)    net (fo=973, routed)         1.477     2.443    u_soc/u_gpio/clk
    SLICE_X96Y210        FDCE                                         r  u_soc/u_gpio/s_axi_rdata_reg[2]/C

Slack:                    inf
  Source:                 pb[3]
                            (input port)
  Destination:            u_soc/u_gpio/s_axi_rdata_reg[7]/D
                            (rising edge-triggered cell FDCE clocked by clk  {rise@0.000ns fall@3.333ns period=9.999ns})
  Path Group:             (none)
  Path Type:              Setup (Max at Slow Process Corner)
  Data Path Delay:        2.818ns  (logic 1.398ns (49.616%)  route 1.420ns (50.384%))
  Logic Levels:           3  (IBUFCTRL=1 INBUF=1 LUT6=1)
  Clock Path Skew:        2.441ns (DCD - SCD + CPR)
    Destination Clock Delay (DCD):    2.441ns
    Source Clock Delay      (SCD):    0.000ns
    Clock Pessimism Removal (CPR):    0.000ns
  Clock Uncertainty:      0.025ns  ((TSJ^2 + TIJ^2)^1/2 + DJ) / 2 + PE
    Total System Jitter     (TSJ):    0.050ns
    Total Input Jitter      (TIJ):    0.000ns
    Discrete Jitter          (DJ):    0.000ns
    Phase Error              (PE):    0.000ns
  Clock Net Delay (Destination): 1.475ns (routing 0.696ns, distribution 0.779ns)
  Timing Exception:       False Path

    Location             Delay type                Incr(ns)  Path(ns)    Netlist Resource(s)
  -------------------------------------------------------------------    -------------------
    C3                                                0.000     0.000 r  pb[3] (IN)
                         net (fo=0)                   0.000     0.000    pb_IBUF[3]_inst/I
    C3                   INBUF (Prop_INBUF_HDIOB_M_PAD_O)
                                                      1.301     1.301 r  pb_IBUF[3]_inst/INBUF_INST/O
                         net (fo=1, routed)           0.000     1.301    pb_IBUF[3]_inst/OUT
    C3                   IBUFCTRL (Prop_IBUFCTRL_HDIOB_M_I_O)
                                                      0.000     1.301 r  pb_IBUF[3]_inst/IBUFCTRL_INST/O
                         net (fo=1, routed)           1.372     2.673    u_soc/u_dbg/pb_IBUF[3]
    SLICE_X97Y210        LUT6 (Prop_G6LUT_SLICEL_I4_O)
                                                      0.097     2.770 r  u_soc/u_dbg/s_axi_rdata[7]_i_1/O
                         net (fo=1, routed)           0.048     2.818    u_soc/u_gpio/s_axi_rdata_reg[31]_2[7]
    SLICE_X97Y210        FDCE                                         r  u_soc/u_gpio/s_axi_rdata_reg[7]/D
  -------------------------------------------------------------------    -------------------

                         (clock clk rise edge)        0.000     0.000 r  
    AH18                                              0.000     0.000 r  clk300_p (IN)
                         net (fo=0)                   0.079     0.079    u_ibufds/I
    HPIOBDIFFINBUF_X1Y36 DIFFINBUF (Prop_DIFFINBUF_HPIOBDIFFINBUF_DIFF_IN_P_O)
                                                      0.429     0.508 r  u_ibufds/DIFFINBUF_INST/O
                         net (fo=1, routed)           0.040     0.548    u_ibufds/OUT
    AH18                 IBUFCTRL (Prop_IBUFCTRL_HPIOB_M_I_O)
                                                      0.000     0.548 r  u_ibufds/IBUFCTRL_INST/O
                         net (fo=1, routed)           0.286     0.834    clk_ref
    BUFGCE_DIV_X1Y5      BUFGCE_DIV (Prop_BUFGCE_DIV_I_O)
                                                      0.132     0.966 r  u_div/O
    X2Y3 (CLOCK_ROOT)    net (fo=973, routed)         1.475     2.441    u_soc/u_gpio/clk
    SLICE_X97Y210        FDCE                                         r  u_soc/u_gpio/s_axi_rdata_reg[7]/C

Slack:                    inf
  Source:                 pb[1]
                            (input port)
  Destination:            u_soc/u_gpio/s_axi_rdata_reg[5]/D
                            (rising edge-triggered cell FDCE clocked by clk  {rise@0.000ns fall@3.333ns period=9.999ns})
  Path Group:             (none)
  Path Type:              Setup (Max at Slow Process Corner)
  Data Path Delay:        2.817ns  (logic 1.387ns (49.230%)  route 1.430ns (50.770%))
  Logic Levels:           3  (IBUFCTRL=1 INBUF=1 LUT6=1)
  Clock Path Skew:        2.440ns (DCD - SCD + CPR)
    Destination Clock Delay (DCD):    2.440ns
    Source Clock Delay      (SCD):    0.000ns
    Clock Pessimism Removal (CPR):    0.000ns
  Clock Uncertainty:      0.025ns  ((TSJ^2 + TIJ^2)^1/2 + DJ) / 2 + PE
    Total System Jitter     (TSJ):    0.050ns
    Total Input Jitter      (TIJ):    0.000ns
    Discrete Jitter          (DJ):    0.000ns
    Phase Error              (PE):    0.000ns
  Clock Net Delay (Destination): 1.474ns (routing 0.696ns, distribution 0.778ns)
  Timing Exception:       False Path

    Location             Delay type                Incr(ns)  Path(ns)    Netlist Resource(s)
  -------------------------------------------------------------------    -------------------
    C4                                                0.000     0.000 r  pb[1] (IN)
                         net (fo=0)                   0.000     0.000    pb_IBUF[1]_inst/I
    C4                   INBUF (Prop_INBUF_HDIOB_M_PAD_O)
                                                      1.298     1.298 r  pb_IBUF[1]_inst/INBUF_INST/O
                         net (fo=1, routed)           0.000     1.298    pb_IBUF[1]_inst/OUT
    C4                   IBUFCTRL (Prop_IBUFCTRL_HDIOB_M_I_O)
                                                      0.000     1.298 r  pb_IBUF[1]_inst/IBUFCTRL_INST/O
                         net (fo=1, routed)           1.381     2.679    u_soc/u_dbg/pb_IBUF[1]
    SLICE_X97Y211        LUT6 (Prop_D6LUT_SLICEL_I4_O)
                                                      0.089     2.768 r  u_soc/u_dbg/s_axi_rdata[5]_i_1/O
                         net (fo=1, routed)           0.049     2.817    u_soc/u_gpio/s_axi_rdata_reg[31]_2[5]
    SLICE_X97Y211        FDCE                                         r  u_soc/u_gpio/s_axi_rdata_reg[5]/D
  -------------------------------------------------------------------    -------------------

                         (clock clk rise edge)        0.000     0.000 r  
    AH18                                              0.000     0.000 r  clk300_p (IN)
                         net (fo=0)                   0.079     0.079    u_ibufds/I
    HPIOBDIFFINBUF_X1Y36 DIFFINBUF (Prop_DIFFINBUF_HPIOBDIFFINBUF_DIFF_IN_P_O)
                                                      0.429     0.508 r  u_ibufds/DIFFINBUF_INST/O
                         net (fo=1, routed)           0.040     0.548    u_ibufds/OUT
    AH18                 IBUFCTRL (Prop_IBUFCTRL_HPIOB_M_I_O)
                                                      0.000     0.548 r  u_ibufds/IBUFCTRL_INST/O
                         net (fo=1, routed)           0.286     0.834    clk_ref
    BUFGCE_DIV_X1Y5      BUFGCE_DIV (Prop_BUFGCE_DIV_I_O)
                                                      0.132     0.966 r  u_div/O
    X2Y3 (CLOCK_ROOT)    net (fo=973, routed)         1.474     2.440    u_soc/u_gpio/clk
    SLICE_X97Y211        FDCE                                         r  u_soc/u_gpio/s_axi_rdata_reg[5]/C

Slack:                    inf
  Source:                 cpu_reset
                            (input port)
  Destination:            rst_sync_reg[0]/D
                            (rising edge-triggered cell FDRE clocked by clk  {rise@0.000ns fall@3.333ns period=9.999ns})
  Path Group:             (none)
  Path Type:              Setup (Max at Slow Process Corner)
  Data Path Delay:        1.906ns  (logic 1.222ns (64.116%)  route 0.684ns (35.884%))
  Logic Levels:           2  (IBUFCTRL=1 INBUF=1)
  Clock Path Skew:        2.506ns (DCD - SCD + CPR)
    Destination Clock Delay (DCD):    2.506ns
    Source Clock Delay      (SCD):    0.000ns
    Clock Pessimism Removal (CPR):    0.000ns
  Clock Uncertainty:      0.025ns  ((TSJ^2 + TIJ^2)^1/2 + DJ) / 2 + PE
    Total System Jitter     (TSJ):    0.050ns
    Total Input Jitter      (TIJ):    0.000ns
    Discrete Jitter          (DJ):    0.000ns
    Phase Error              (PE):    0.000ns
  Clock Net Delay (Destination): 1.540ns (routing 0.696ns, distribution 0.844ns)
  Timing Exception:       False Path

    Location             Delay type                Incr(ns)  Path(ns)    Netlist Resource(s)
  -------------------------------------------------------------------    -------------------
    M11                                               0.000     0.000 r  cpu_reset (IN)
                         net (fo=0)                   0.000     0.000    cpu_reset_IBUF_inst/I
    M11                  INBUF (Prop_INBUF_HDIOB_S_PAD_O)
                                                      1.222     1.222 r  cpu_reset_IBUF_inst/INBUF_INST/O
                         net (fo=1, routed)           0.000     1.222    cpu_reset_IBUF_inst/OUT
    M11                  IBUFCTRL (Prop_IBUFCTRL_HDIOB_S_I_O)
                                                      0.000     1.222 r  cpu_reset_IBUF_inst/IBUFCTRL_INST/O
                         net (fo=1, routed)           0.684     1.906    cpu_reset_IBUF
    SLICE_X98Y254        FDRE                                         r  rst_sync_reg[0]/D
  -------------------------------------------------------------------    -------------------

                         (clock clk rise edge)        0.000     0.000 r  
    AH18                                              0.000     0.000 r  clk300_p (IN)
                         net (fo=0)                   0.079     0.079    u_ibufds/I
    HPIOBDIFFINBUF_X1Y36 DIFFINBUF (Prop_DIFFINBUF_HPIOBDIFFINBUF_DIFF_IN_P_O)
                                                      0.429     0.508 r  u_ibufds/DIFFINBUF_INST/O
                         net (fo=1, routed)           0.040     0.548    u_ibufds/OUT
    AH18                 IBUFCTRL (Prop_IBUFCTRL_HPIOB_M_I_O)
                                                      0.000     0.548 r  u_ibufds/IBUFCTRL_INST/O
                         net (fo=1, routed)           0.286     0.834    clk_ref
    BUFGCE_DIV_X1Y5      BUFGCE_DIV (Prop_BUFGCE_DIV_I_O)
                                                      0.132     0.966 r  u_div/O
    X2Y3 (CLOCK_ROOT)    net (fo=973, routed)         1.540     2.506    clk
    SLICE_X98Y254        FDRE                                         r  rst_sync_reg[0]/C





Min Delay Paths
--------------------------------------------------------------------------------------
Slack:                    inf
  Source:                 cpu_reset
                            (input port)
  Destination:            rst_sync_reg[0]/D
                            (rising edge-triggered cell FDRE clocked by clk  {rise@0.000ns fall@3.333ns period=9.999ns})
  Path Group:             (none)
  Path Type:              Hold (Min at Fast Process Corner)
  Data Path Delay:        1.086ns  (logic 0.799ns (73.584%)  route 0.287ns (26.416%))
  Logic Levels:           2  (IBUFCTRL=1 INBUF=1)
  Clock Path Skew:        1.911ns (DCD - SCD - CPR)
    Destination Clock Delay (DCD):    1.911ns
    Source Clock Delay      (SCD):    0.000ns
    Clock Pessimism Removal (CPR):    -0.000ns
  Clock Net Delay (Destination): 1.097ns (routing 0.475ns, distribution 0.622ns)
  Timing Exception:       False Path

    Location             Delay type                Incr(ns)  Path(ns)    Netlist Resource(s)
  -------------------------------------------------------------------    -------------------
    M11                                               0.000     0.000 r  cpu_reset (IN)
                         net (fo=0)                   0.000     0.000    cpu_reset_IBUF_inst/I
    M11                  INBUF (Prop_INBUF_HDIOB_S_PAD_O)
                                                      0.799     0.799 r  cpu_reset_IBUF_inst/INBUF_INST/O
                         net (fo=1, routed)           0.000     0.799    cpu_reset_IBUF_inst/OUT
    M11                  IBUFCTRL (Prop_IBUFCTRL_HDIOB_S_I_O)
                                                      0.000     0.799 r  cpu_reset_IBUF_inst/IBUFCTRL_INST/O
                         net (fo=1, routed)           0.287     1.086    cpu_reset_IBUF
    SLICE_X98Y254        FDRE                                         r  rst_sync_reg[0]/D
  -------------------------------------------------------------------    -------------------

                         (clock clk rise edge)        0.000     0.000 r  
    AH18                                              0.000     0.000 r  clk300_p (IN)
                         net (fo=0)                   0.100     0.100    u_ibufds/I
    HPIOBDIFFINBUF_X1Y36 DIFFINBUF (Prop_DIFFINBUF_HPIOBDIFFINBUF_DIFF_IN_P_O)
                                                      0.382     0.482 r  u_ibufds/DIFFINBUF_INST/O
                         net (fo=1, routed)           0.050     0.532    u_ibufds/OUT
    AH18                 IBUFCTRL (Prop_IBUFCTRL_HPIOB_M_I_O)
                                                      0.000     0.532 r  u_ibufds/IBUFCTRL_INST/O
                         net (fo=1, routed)           0.180     0.712    clk_ref
    BUFGCE_DIV_X1Y5      BUFGCE_DIV (Prop_BUFGCE_DIV_I_O)
                                                      0.101     0.813 r  u_div/O
    X2Y3 (CLOCK_ROOT)    net (fo=973, routed)         1.097     1.911    clk
    SLICE_X98Y254        FDRE                                         r  rst_sync_reg[0]/C

Slack:                    inf
  Source:                 dip[1]
                            (input port)
  Destination:            u_soc/u_gpio/s_axi_rdata_reg[1]/D
                            (rising edge-triggered cell FDCE clocked by clk  {rise@0.000ns fall@3.333ns period=9.999ns})
  Path Group:             (none)
  Path Type:              Hold (Min at Fast Process Corner)
  Data Path Delay:        1.626ns  (logic 0.891ns (54.805%)  route 0.735ns (45.195%))
  Logic Levels:           3  (IBUFCTRL=1 INBUF=1 LUT6=1)
  Clock Path Skew:        1.867ns (DCD - SCD - CPR)
    Destination Clock Delay (DCD):    1.867ns
    Source Clock Delay      (SCD):    0.000ns
    Clock Pessimism Removal (CPR):    -0.000ns
  Clock Net Delay (Destination): 1.053ns (routing 0.475ns, distribution 0.578ns)
  Timing Exception:       False Path

    Location             Delay type                Incr(ns)  Path(ns)    Netlist Resource(s)
  -------------------------------------------------------------------    -------------------
    D4                                                0.000     0.000 r  dip[1] (IN)
                         net (fo=0)                   0.000     0.000    dip_IBUF[1]_inst/I
    D4                   INBUF (Prop_INBUF_HDIOB_S_PAD_O)
                                                      0.856     0.856 r  dip_IBUF[1]_inst/INBUF_INST/O
                         net (fo=1, routed)           0.000     0.856    dip_IBUF[1]_inst/OUT
    D4                   IBUFCTRL (Prop_IBUFCTRL_HDIOB_S_I_O)
                                                      0.000     0.856 r  dip_IBUF[1]_inst/IBUFCTRL_INST/O
                         net (fo=1, routed)           0.719     1.575    u_soc/u_dbg/dip_IBUF[1]
    SLICE_X98Y212        LUT6 (Prop_D6LUT_SLICEL_I4_O)
                                                      0.035     1.610 r  u_soc/u_dbg/s_axi_rdata[1]_i_1/O
                         net (fo=1, routed)           0.016     1.626    u_soc/u_gpio/s_axi_rdata_reg[31]_2[1]
    SLICE_X98Y212        FDCE                                         r  u_soc/u_gpio/s_axi_rdata_reg[1]/D
  -------------------------------------------------------------------    -------------------

                         (clock clk rise edge)        0.000     0.000 r  
    AH18                                              0.000     0.000 r  clk300_p (IN)
                         net (fo=0)                   0.100     0.100    u_ibufds/I
    HPIOBDIFFINBUF_X1Y36 DIFFINBUF (Prop_DIFFINBUF_HPIOBDIFFINBUF_DIFF_IN_P_O)
                                                      0.382     0.482 r  u_ibufds/DIFFINBUF_INST/O
                         net (fo=1, routed)           0.050     0.532    u_ibufds/OUT
    AH18                 IBUFCTRL (Prop_IBUFCTRL_HPIOB_M_I_O)
                                                      0.000     0.532 r  u_ibufds/IBUFCTRL_INST/O
                         net (fo=1, routed)           0.180     0.712    clk_ref
    BUFGCE_DIV_X1Y5      BUFGCE_DIV (Prop_BUFGCE_DIV_I_O)
                                                      0.101     0.813 r  u_div/O
    X2Y3 (CLOCK_ROOT)    net (fo=973, routed)         1.053     1.867    u_soc/u_gpio/clk
    SLICE_X98Y212        FDCE                                         r  u_soc/u_gpio/s_axi_rdata_reg[1]/C

Slack:                    inf
  Source:                 pb[1]
                            (input port)
  Destination:            u_soc/u_gpio/s_axi_rdata_reg[5]/D
                            (rising edge-triggered cell FDCE clocked by clk  {rise@0.000ns fall@3.333ns period=9.999ns})
  Path Group:             (none)
  Path Type:              Hold (Min at Fast Process Corner)
  Data Path Delay:        1.633ns  (logic 0.909ns (55.670%)  route 0.724ns (44.330%))
  Logic Levels:           3  (IBUFCTRL=1 INBUF=1 LUT6=1)
  Clock Path Skew:        1.868ns (DCD - SCD - CPR)
    Destination Clock Delay (DCD):    1.868ns
    Source Clock Delay      (SCD):    0.000ns
    Clock Pessimism Removal (CPR):    -0.000ns
  Clock Net Delay (Destination): 1.055ns (routing 0.475ns, distribution 0.580ns)
  Timing Exception:       False Path

    Location             Delay type                Incr(ns)  Path(ns)    Netlist Resource(s)
  -------------------------------------------------------------------    -------------------
    C4                                                0.000     0.000 r  pb[1] (IN)
                         net (fo=0)                   0.000     0.000    pb_IBUF[1]_inst/I
    C4                   INBUF (Prop_INBUF_HDIOB_M_PAD_O)
                                                      0.874     0.874 r  pb_IBUF[1]_inst/INBUF_INST/O
                         net (fo=1, routed)           0.000     0.874    pb_IBUF[1]_inst/OUT
    C4                   IBUFCTRL (Prop_IBUFCTRL_HDIOB_M_I_O)
                                                      0.000     0.874 r  pb_IBUF[1]_inst/IBUFCTRL_INST/O
                         net (fo=1, routed)           0.708     1.582    u_soc/u_dbg/pb_IBUF[1]
    SLICE_X97Y211        LUT6 (Prop_D6LUT_SLICEL_I4_O)
                                                      0.035     1.617 r  u_soc/u_dbg/s_axi_rdata[5]_i_1/O
                         net (fo=1, routed)           0.016     1.633    u_soc/u_gpio/s_axi_rdata_reg[31]_2[5]
    SLICE_X97Y211        FDCE                                         r  u_soc/u_gpio/s_axi_rdata_reg[5]/D
  -------------------------------------------------------------------    -------------------

                         (clock clk rise edge)        0.000     0.000 r  
    AH18                                              0.000     0.000 r  clk300_p (IN)
                         net (fo=0)                   0.100     0.100    u_ibufds/I
    HPIOBDIFFINBUF_X1Y36 DIFFINBUF (Prop_DIFFINBUF_HPIOBDIFFINBUF_DIFF_IN_P_O)
                                                      0.382     0.482 r  u_ibufds/DIFFINBUF_INST/O
                         net (fo=1, routed)           0.050     0.532    u_ibufds/OUT
    AH18                 IBUFCTRL (Prop_IBUFCTRL_HPIOB_M_I_O)
                                                      0.000     0.532 r  u_ibufds/IBUFCTRL_INST/O
                         net (fo=1, routed)           0.180     0.712    clk_ref
    BUFGCE_DIV_X1Y5      BUFGCE_DIV (Prop_BUFGCE_DIV_I_O)
                                                      0.101     0.813 r  u_div/O
    X2Y3 (CLOCK_ROOT)    net (fo=973, routed)         1.055     1.868    u_soc/u_gpio/clk
    SLICE_X97Y211        FDCE                                         r  u_soc/u_gpio/s_axi_rdata_reg[5]/C

Slack:                    inf
  Source:                 pb[3]
                            (input port)
  Destination:            u_soc/u_gpio/s_axi_rdata_reg[7]/D
                            (rising edge-triggered cell FDCE clocked by clk  {rise@0.000ns fall@3.333ns period=9.999ns})
  Path Group:             (none)
  Path Type:              Hold (Min at Fast Process Corner)
  Data Path Delay:        1.635ns  (logic 0.918ns (56.144%)  route 0.717ns (43.856%))
  Logic Levels:           3  (IBUFCTRL=1 INBUF=1 LUT6=1)
  Clock Path Skew:        1.871ns (DCD - SCD - CPR)
    Destination Clock Delay (DCD):    1.871ns
    Source Clock Delay      (SCD):    0.000ns
    Clock Pessimism Removal (CPR):    -0.000ns
  Clock Net Delay (Destination): 1.058ns (routing 0.475ns, distribution 0.583ns)
  Timing Exception:       False Path

    Location             Delay type                Incr(ns)  Path(ns)    Netlist Resource(s)
  -------------------------------------------------------------------    -------------------
    C3                                                0.000     0.000 r  pb[3] (IN)
                         net (fo=0)                   0.000     0.000    pb_IBUF[3]_inst/I
    C3                   INBUF (Prop_INBUF_HDIOB_M_PAD_O)
                                                      0.878     0.878 r  pb_IBUF[3]_inst/INBUF_INST/O
                         net (fo=1, routed)           0.000     0.878    pb_IBUF[3]_inst/OUT
    C3                   IBUFCTRL (Prop_IBUFCTRL_HDIOB_M_I_O)
                                                      0.000     0.878 r  pb_IBUF[3]_inst/IBUFCTRL_INST/O
                         net (fo=1, routed)           0.701     1.579    u_soc/u_dbg/pb_IBUF[3]
    SLICE_X97Y210        LUT6 (Prop_G6LUT_SLICEL_I4_O)
                                                      0.040     1.619 r  u_soc/u_dbg/s_axi_rdata[7]_i_1/O
                         net (fo=1, routed)           0.016     1.635    u_soc/u_gpio/s_axi_rdata_reg[31]_2[7]
    SLICE_X97Y210        FDCE                                         r  u_soc/u_gpio/s_axi_rdata_reg[7]/D
  -------------------------------------------------------------------    -------------------

                         (clock clk rise edge)        0.000     0.000 r  
    AH18                                              0.000     0.000 r  clk300_p (IN)
                         net (fo=0)                   0.100     0.100    u_ibufds/I
    HPIOBDIFFINBUF_X1Y36 DIFFINBUF (Prop_DIFFINBUF_HPIOBDIFFINBUF_DIFF_IN_P_O)
                                                      0.382     0.482 r  u_ibufds/DIFFINBUF_INST/O
                         net (fo=1, routed)           0.050     0.532    u_ibufds/OUT
    AH18                 IBUFCTRL (Prop_IBUFCTRL_HPIOB_M_I_O)
                                                      0.000     0.532 r  u_ibufds/IBUFCTRL_INST/O
                         net (fo=1, routed)           0.180     0.712    clk_ref
    BUFGCE_DIV_X1Y5      BUFGCE_DIV (Prop_BUFGCE_DIV_I_O)
                                                      0.101     0.813 r  u_div/O
    X2Y3 (CLOCK_ROOT)    net (fo=973, routed)         1.058     1.871    u_soc/u_gpio/clk
    SLICE_X97Y210        FDCE                                         r  u_soc/u_gpio/s_axi_rdata_reg[7]/C

Slack:                    inf
  Source:                 dip[2]
                            (input port)
  Destination:            u_soc/u_gpio/s_axi_rdata_reg[2]/D
                            (rising edge-triggered cell FDCE clocked by clk  {rise@0.000ns fall@3.333ns period=9.999ns})
  Path Group:             (none)
  Path Type:              Hold (Min at Fast Process Corner)
  Data Path Delay:        1.636ns  (logic 0.862ns (52.694%)  route 0.774ns (47.306%))
  Logic Levels:           3  (IBUFCTRL=1 INBUF=1 LUT6=1)
  Clock Path Skew:        1.872ns (DCD - SCD - CPR)
    Destination Clock Delay (DCD):    1.872ns
    Source Clock Delay      (SCD):    0.000ns
    Clock Pessimism Removal (CPR):    -0.000ns
  Clock Net Delay (Destination): 1.059ns (routing 0.475ns, distribution 0.584ns)
  Timing Exception:       False Path

    Location             Delay type                Incr(ns)  Path(ns)    Netlist Resource(s)
  -------------------------------------------------------------------    -------------------
    F5                                                0.000     0.000 r  dip[2] (IN)
                         net (fo=0)                   0.000     0.000    dip_IBUF[2]_inst/I
    F5                   INBUF (Prop_INBUF_HDIOB_M_PAD_O)
                                                      0.848     0.848 r  dip_IBUF[2]_inst/INBUF_INST/O
                         net (fo=1, routed)           0.000     0.848    dip_IBUF[2]_inst/OUT
    F5                   IBUFCTRL (Prop_IBUFCTRL_HDIOB_M_I_O)
                                                      0.000     0.848 r  dip_IBUF[2]_inst/IBUFCTRL_INST/O
                         net (fo=1, routed)           0.748     1.596    u_soc/u_dbg/dip_IBUF[2]
    SLICE_X96Y210        LUT6 (Prop_D6LUT_SLICEM_I4_O)
                                                      0.014     1.610 r  u_soc/u_dbg/s_axi_rdata[2]_i_1/O
                         net (fo=1, routed)           0.026     1.636    u_soc/u_gpio/s_axi_rdata_reg[31]_2[2]
    SLICE_X96Y210        FDCE                                         r  u_soc/u_gpio/s_axi_rdata_reg[2]/D
  -------------------------------------------------------------------    -------------------

                         (clock clk rise edge)        0.000     0.000 r  
    AH18                                              0.000     0.000 r  clk300_p (IN)
                         net (fo=0)                   0.100     0.100    u_ibufds/I
    HPIOBDIFFINBUF_X1Y36 DIFFINBUF (Prop_DIFFINBUF_HPIOBDIFFINBUF_DIFF_IN_P_O)
                                                      0.382     0.482 r  u_ibufds/DIFFINBUF_INST/O
                         net (fo=1, routed)           0.050     0.532    u_ibufds/OUT
    AH18                 IBUFCTRL (Prop_IBUFCTRL_HPIOB_M_I_O)
                                                      0.000     0.532 r  u_ibufds/IBUFCTRL_INST/O
                         net (fo=1, routed)           0.180     0.712    clk_ref
    BUFGCE_DIV_X1Y5      BUFGCE_DIV (Prop_BUFGCE_DIV_I_O)
                                                      0.101     0.813 r  u_div/O
    X2Y3 (CLOCK_ROOT)    net (fo=973, routed)         1.059     1.872    u_soc/u_gpio/clk
    SLICE_X96Y210        FDCE                                         r  u_soc/u_gpio/s_axi_rdata_reg[2]/C

Slack:                    inf
  Source:                 pb[0]
                            (input port)
  Destination:            u_soc/u_gpio/s_axi_rdata_reg[4]/D
                            (rising edge-triggered cell FDCE clocked by clk  {rise@0.000ns fall@3.333ns period=9.999ns})
  Path Group:             (none)
  Path Type:              Hold (Min at Fast Process Corner)
  Data Path Delay:        1.655ns  (logic 0.935ns (56.492%)  route 0.720ns (43.508%))
  Logic Levels:           3  (IBUFCTRL=1 INBUF=1 LUT6=1)
  Clock Path Skew:        1.869ns (DCD - SCD - CPR)
    Destination Clock Delay (DCD):    1.869ns
    Source Clock Delay      (SCD):    0.000ns
    Clock Pessimism Removal (CPR):    -0.000ns
  Clock Net Delay (Destination): 1.055ns (routing 0.475ns, distribution 0.580ns)
  Timing Exception:       False Path

    Location             Delay type                Incr(ns)  Path(ns)    Netlist Resource(s)
  -------------------------------------------------------------------    -------------------
    B4                                                0.000     0.000 r  pb[0] (IN)
                         net (fo=0)                   0.000     0.000    pb_IBUF[0]_inst/I
    B4                   INBUF (Prop_INBUF_HDIOB_S_PAD_O)
                                                      0.875     0.875 r  pb_IBUF[0]_inst/INBUF_INST/O
                         net (fo=1, routed)           0.000     0.875    pb_IBUF[0]_inst/OUT
    B4                   IBUFCTRL (Prop_IBUFCTRL_HDIOB_S_I_O)
                                                      0.000     0.875 r  pb_IBUF[0]_inst/IBUFCTRL_INST/O
                         net (fo=1, routed)           0.703     1.578    u_soc/u_dbg/pb_IBUF[0]
    SLICE_X98Y210        LUT6 (Prop_H6LUT_SLICEL_I4_O)
                                                      0.060     1.638 r  u_soc/u_dbg/s_axi_rdata[4]_i_1/O
                         net (fo=1, routed)           0.017     1.655    u_soc/u_gpio/s_axi_rdata_reg[31]_2[4]
    SLICE_X98Y210        FDCE                                         r  u_soc/u_gpio/s_axi_rdata_reg[4]/D
  -------------------------------------------------------------------    -------------------

                         (clock clk rise edge)        0.000     0.000 r  
    AH18                                              0.000     0.000 r  clk300_p (IN)
                         net (fo=0)                   0.100     0.100    u_ibufds/I
    HPIOBDIFFINBUF_X1Y36 DIFFINBUF (Prop_DIFFINBUF_HPIOBDIFFINBUF_DIFF_IN_P_O)
                                                      0.382     0.482 r  u_ibufds/DIFFINBUF_INST/O
                         net (fo=1, routed)           0.050     0.532    u_ibufds/OUT
    AH18                 IBUFCTRL (Prop_IBUFCTRL_HPIOB_M_I_O)
                                                      0.000     0.532 r  u_ibufds/IBUFCTRL_INST/O
                         net (fo=1, routed)           0.180     0.712    clk_ref
    BUFGCE_DIV_X1Y5      BUFGCE_DIV (Prop_BUFGCE_DIV_I_O)
                                                      0.101     0.813 r  u_div/O
    X2Y3 (CLOCK_ROOT)    net (fo=973, routed)         1.055     1.869    u_soc/u_gpio/clk
    SLICE_X98Y210        FDCE                                         r  u_soc/u_gpio/s_axi_rdata_reg[4]/C

Slack:                    inf
  Source:                 dip[0]
                            (input port)
  Destination:            u_soc/u_gpio/s_axi_rdata_reg[0]/D
                            (rising edge-triggered cell FDCE clocked by clk  {rise@0.000ns fall@3.333ns period=9.999ns})
  Path Group:             (none)
  Path Type:              Hold (Min at Fast Process Corner)
  Data Path Delay:        1.655ns  (logic 0.870ns (52.568%)  route 0.785ns (47.432%))
  Logic Levels:           3  (IBUFCTRL=1 INBUF=1 LUT6=1)
  Clock Path Skew:        1.868ns (DCD - SCD - CPR)
    Destination Clock Delay (DCD):    1.868ns
    Source Clock Delay      (SCD):    0.000ns
    Clock Pessimism Removal (CPR):    -0.000ns
  Clock Net Delay (Destination): 1.055ns (routing 0.475ns, distribution 0.580ns)
  Timing Exception:       False Path

    Location             Delay type                Incr(ns)  Path(ns)    Netlist Resource(s)
  -------------------------------------------------------------------    -------------------
    E4                                                0.000     0.000 r  dip[0] (IN)
                         net (fo=0)                   0.000     0.000    dip_IBUF[0]_inst/I
    E4                   INBUF (Prop_INBUF_HDIOB_M_PAD_O)
                                                      0.856     0.856 r  dip_IBUF[0]_inst/INBUF_INST/O
                         net (fo=1, routed)           0.000     0.856    dip_IBUF[0]_inst/OUT
    E4                   IBUFCTRL (Prop_IBUFCTRL_HDIOB_M_I_O)
                                                      0.000     0.856 r  dip_IBUF[0]_inst/IBUFCTRL_INST/O
                         net (fo=1, routed)           0.768     1.624    u_soc/u_dbg/dip_IBUF[0]
    SLICE_X97Y211        LUT6 (Prop_C6LUT_SLICEL_I4_O)
                                                      0.014     1.638 r  u_soc/u_dbg/s_axi_rdata[0]_i_1/O
                         net (fo=1, routed)           0.017     1.655    u_soc/u_gpio/s_axi_rdata_reg[31]_2[0]
    SLICE_X97Y211        FDCE                                         r  u_soc/u_gpio/s_axi_rdata_reg[0]/D
  -------------------------------------------------------------------    -------------------

                         (clock clk rise edge)        0.000     0.000 r  
    AH18                                              0.000     0.000 r  clk300_p (IN)
                         net (fo=0)                   0.100     0.100    u_ibufds/I
    HPIOBDIFFINBUF_X1Y36 DIFFINBUF (Prop_DIFFINBUF_HPIOBDIFFINBUF_DIFF_IN_P_O)
                                                      0.382     0.482 r  u_ibufds/DIFFINBUF_INST/O
                         net (fo=1, routed)           0.050     0.532    u_ibufds/OUT
    AH18                 IBUFCTRL (Prop_IBUFCTRL_HPIOB_M_I_O)
                                                      0.000     0.532 r  u_ibufds/IBUFCTRL_INST/O
                         net (fo=1, routed)           0.180     0.712    clk_ref
    BUFGCE_DIV_X1Y5      BUFGCE_DIV (Prop_BUFGCE_DIV_I_O)
                                                      0.101     0.813 r  u_div/O
    X2Y3 (CLOCK_ROOT)    net (fo=973, routed)         1.055     1.868    u_soc/u_gpio/clk
    SLICE_X97Y211        FDCE                                         r  u_soc/u_gpio/s_axi_rdata_reg[0]/C

Slack:                    inf
  Source:                 pb[2]
                            (input port)
  Destination:            u_soc/u_gpio/s_axi_rdata_reg[6]/D
                            (rising edge-triggered cell FDCE clocked by clk  {rise@0.000ns fall@3.333ns period=9.999ns})
  Path Group:             (none)
  Path Type:              Hold (Min at Fast Process Corner)
  Data Path Delay:        1.674ns  (logic 0.891ns (53.239%)  route 0.783ns (46.761%))
  Logic Levels:           3  (IBUFCTRL=1 INBUF=1 LUT6=1)
  Clock Path Skew:        1.872ns (DCD - SCD - CPR)
    Destination Clock Delay (DCD):    1.872ns
    Source Clock Delay      (SCD):    0.000ns
    Clock Pessimism Removal (CPR):    -0.000ns
  Clock Net Delay (Destination): 1.059ns (routing 0.475ns, distribution 0.584ns)
  Timing Exception:       False Path

    Location             Delay type                Incr(ns)  Path(ns)    Netlist Resource(s)
  -------------------------------------------------------------------    -------------------
    B3                                                0.000     0.000 r  pb[2] (IN)
                         net (fo=0)                   0.000     0.000    pb_IBUF[2]_inst/I
    B3                   INBUF (Prop_INBUF_HDIOB_S_PAD_O)
                                                      0.877     0.877 r  pb_IBUF[2]_inst/INBUF_INST/O
                         net (fo=1, routed)           0.000     0.877    pb_IBUF[2]_inst/OUT
    B3                   IBUFCTRL (Prop_IBUFCTRL_HDIOB_S_I_O)
                                                      0.000     0.877 r  pb_IBUF[2]_inst/IBUFCTRL_INST/O
                         net (fo=1, routed)           0.759     1.636    u_soc/u_dbg/pb_IBUF[2]
    SLICE_X96Y210        LUT6 (Prop_C6LUT_SLICEM_I4_O)
                                                      0.014     1.650 r  u_soc/u_dbg/s_axi_rdata[6]_i_1/O
                         net (fo=1, routed)           0.024     1.674    u_soc/u_gpio/s_axi_rdata_reg[31]_2[6]
    SLICE_X96Y210        FDCE                                         r  u_soc/u_gpio/s_axi_rdata_reg[6]/D
  -------------------------------------------------------------------    -------------------

                         (clock clk rise edge)        0.000     0.000 r  
    AH18                                              0.000     0.000 r  clk300_p (IN)
                         net (fo=0)                   0.100     0.100    u_ibufds/I
    HPIOBDIFFINBUF_X1Y36 DIFFINBUF (Prop_DIFFINBUF_HPIOBDIFFINBUF_DIFF_IN_P_O)
                                                      0.382     0.482 r  u_ibufds/DIFFINBUF_INST/O
                         net (fo=1, routed)           0.050     0.532    u_ibufds/OUT
    AH18                 IBUFCTRL (Prop_IBUFCTRL_HPIOB_M_I_O)
                                                      0.000     0.532 r  u_ibufds/IBUFCTRL_INST/O
                         net (fo=1, routed)           0.180     0.712    clk_ref
    BUFGCE_DIV_X1Y5      BUFGCE_DIV (Prop_BUFGCE_DIV_I_O)
                                                      0.101     0.813 r  u_div/O
    X2Y3 (CLOCK_ROOT)    net (fo=973, routed)         1.059     1.872    u_soc/u_gpio/clk
    SLICE_X96Y210        FDCE                                         r  u_soc/u_gpio/s_axi_rdata_reg[6]/C

Slack:                    inf
  Source:                 dip[3]
                            (input port)
  Destination:            u_soc/u_gpio/s_axi_rdata_reg[3]/D
                            (rising edge-triggered cell FDCE clocked by clk  {rise@0.000ns fall@3.333ns period=9.999ns})
  Path Group:             (none)
  Path Type:              Hold (Min at Fast Process Corner)
  Data Path Delay:        1.747ns  (logic 0.910ns (52.076%)  route 0.837ns (47.924%))
  Logic Levels:           3  (IBUFCTRL=1 INBUF=1 LUT6=1)
  Clock Path Skew:        1.871ns (DCD - SCD - CPR)
    Destination Clock Delay (DCD):    1.871ns
    Source Clock Delay      (SCD):    0.000ns
    Clock Pessimism Removal (CPR):    -0.000ns
  Clock Net Delay (Destination): 1.058ns (routing 0.475ns, distribution 0.583ns)
  Timing Exception:       False Path

    Location             Delay type                Incr(ns)  Path(ns)    Netlist Resource(s)
  -------------------------------------------------------------------    -------------------
    F4                                                0.000     0.000 r  dip[3] (IN)
                         net (fo=0)                   0.000     0.000    dip_IBUF[3]_inst/I
    F4                   INBUF (Prop_INBUF_HDIOB_S_PAD_O)
                                                      0.850     0.850 r  dip_IBUF[3]_inst/INBUF_INST/O
                         net (fo=1, routed)           0.000     0.850    dip_IBUF[3]_inst/OUT
    F4                   IBUFCTRL (Prop_IBUFCTRL_HDIOB_S_I_O)
                                                      0.000     0.850 r  dip_IBUF[3]_inst/IBUFCTRL_INST/O
                         net (fo=1, routed)           0.820     1.670    u_soc/u_dbg/dip_IBUF[3]
    SLICE_X97Y210        LUT6 (Prop_H6LUT_SLICEL_I4_O)
                                                      0.060     1.730 r  u_soc/u_dbg/s_axi_rdata[3]_i_1/O
                         net (fo=1, routed)           0.017     1.747    u_soc/u_gpio/s_axi_rdata_reg[31]_2[3]
    SLICE_X97Y210        FDCE                                         r  u_soc/u_gpio/s_axi_rdata_reg[3]/D
  -------------------------------------------------------------------    -------------------

                         (clock clk rise edge)        0.000     0.000 r  
    AH18                                              0.000     0.000 r  clk300_p (IN)
                         net (fo=0)                   0.100     0.100    u_ibufds/I
    HPIOBDIFFINBUF_X1Y36 DIFFINBUF (Prop_DIFFINBUF_HPIOBDIFFINBUF_DIFF_IN_P_O)
                                                      0.382     0.482 r  u_ibufds/DIFFINBUF_INST/O
                         net (fo=1, routed)           0.050     0.532    u_ibufds/OUT
    AH18                 IBUFCTRL (Prop_IBUFCTRL_HPIOB_M_I_O)
                                                      0.000     0.532 r  u_ibufds/IBUFCTRL_INST/O
                         net (fo=1, routed)           0.180     0.712    clk_ref
    BUFGCE_DIV_X1Y5      BUFGCE_DIV (Prop_BUFGCE_DIV_I_O)
                                                      0.101     0.813 r  u_div/O
    X2Y3 (CLOCK_ROOT)    net (fo=973, routed)         1.058     1.871    u_soc/u_gpio/clk
    SLICE_X97Y210        FDCE                                         r  u_soc/u_gpio/s_axi_rdata_reg[3]/C

Slack:                    inf
  Source:                 uart_rx
                            (input port)
  Destination:            u_soc/u_uart/u_rx/rx_sync0_reg/D
                            (rising edge-triggered cell FDPE clocked by clk  {rise@0.000ns fall@3.333ns period=9.999ns})
  Path Group:             (none)
  Path Type:              Hold (Min at Fast Process Corner)
  Data Path Delay:        1.983ns  (logic 0.174ns (8.782%)  route 1.809ns (91.218%))
  Logic Levels:           2  (IBUFCTRL=1 INBUF=1)
  Clock Path Skew:        1.871ns (DCD - SCD - CPR)
    Destination Clock Delay (DCD):    1.871ns
    Source Clock Delay      (SCD):    0.000ns
    Clock Pessimism Removal (CPR):    -0.000ns
  Clock Net Delay (Destination): 1.058ns (routing 0.475ns, distribution 0.583ns)
  Timing Exception:       False Path

    Location             Delay type                Incr(ns)  Path(ns)    Netlist Resource(s)
  -------------------------------------------------------------------    -------------------
    A20                                               0.000     0.000 r  uart_rx (IN)
                         net (fo=0)                   0.000     0.000    uart_rx_IBUF_inst/I
    A20                  INBUF (Prop_INBUF_HPIOB_M_PAD_O)
                                                      0.174     0.174 r  uart_rx_IBUF_inst/INBUF_INST/O
                         net (fo=1, routed)           0.000     0.174    uart_rx_IBUF_inst/OUT
    A20                  IBUFCTRL (Prop_IBUFCTRL_HPIOB_M_I_O)
                                                      0.000     0.174 r  uart_rx_IBUF_inst/IBUFCTRL_INST/O
                         net (fo=1, routed)           1.809     1.983    u_soc/u_uart/u_rx/uart_rx_pin
    SLICE_X95Y209        FDPE                                         r  u_soc/u_uart/u_rx/rx_sync0_reg/D
  -------------------------------------------------------------------    -------------------

                         (clock clk rise edge)        0.000     0.000 r  
    AH18                                              0.000     0.000 r  clk300_p (IN)
                         net (fo=0)                   0.100     0.100    u_ibufds/I
    HPIOBDIFFINBUF_X1Y36 DIFFINBUF (Prop_DIFFINBUF_HPIOBDIFFINBUF_DIFF_IN_P_O)
                                                      0.382     0.482 r  u_ibufds/DIFFINBUF_INST/O
                         net (fo=1, routed)           0.050     0.532    u_ibufds/OUT
    AH18                 IBUFCTRL (Prop_IBUFCTRL_HPIOB_M_I_O)
                                                      0.000     0.532 r  u_ibufds/IBUFCTRL_INST/O
                         net (fo=1, routed)           0.180     0.712    clk_ref
    BUFGCE_DIV_X1Y5      BUFGCE_DIV (Prop_BUFGCE_DIV_I_O)
                                                      0.101     0.813 r  u_div/O
    X2Y3 (CLOCK_ROOT)    net (fo=973, routed)         1.058     1.871    u_soc/u_uart/u_rx/clk
    SLICE_X95Y209        FDPE                                         r  u_soc/u_uart/u_rx/rx_sync0_reg/C





--------------------------------------------------------------------------------------
Path Group:  (none)
From Clock:  jtag_tck
  To Clock:  clk

Max Delay           135 Endpoints
Min Delay           135 Endpoints
--------------------------------------------------------------------------------------


Max Delay Paths
--------------------------------------------------------------------------------------
Slack:                    inf
  Source:                 u_soc/u_dbg/req_op_reg[0]/C
                            (rising edge-triggered cell FDCE clocked by jtag_tck  {rise@0.000ns fall@16.667ns period=33.333ns})
  Destination:            u_soc/u_dbg/m_axi_wdata_reg[17]/CE
                            (rising edge-triggered cell FDCE clocked by clk  {rise@0.000ns fall@3.333ns period=9.999ns})
  Path Group:             (none)
  Path Type:              Setup (Max at Slow Process Corner)
  Data Path Delay:        1.354ns  (logic 0.231ns (17.064%)  route 1.123ns (82.936%))
  Logic Levels:           1  (LUT3=1)
  Clock Path Skew:        -1.335ns (DCD - SCD + CPR)
    Destination Clock Delay (DCD):    2.439ns
    Source Clock Delay      (SCD):    3.774ns
    Clock Pessimism Removal (CPR):    0.000ns
  Clock Uncertainty:      0.035ns  ((TSJ^2 + TIJ^2)^1/2 + DJ) / 2 + PE
    Total System Jitter     (TSJ):    0.071ns
    Total Input Jitter      (TIJ):    0.000ns
    Discrete Jitter          (DJ):    0.000ns
    Phase Error              (PE):    0.000ns
  Clock Net Delay (Source):      1.908ns (routing 1.078ns, distribution 0.830ns)
  Clock Net Delay (Destination): 1.473ns (routing 0.696ns, distribution 0.777ns)
  Timing Exception:       Asynchronous Clock Groups

    Location             Delay type                Incr(ns)  Path(ns)    Netlist Resource(s)
  -------------------------------------------------------------------    -------------------
                         (clock jtag_tck rise edge)
                                                      0.000     0.000 r  
    CONFIG_SITE_X0Y0     BSCANE2                      0.000     0.000 r  u_bscan/TCK
                         net (fo=1, routed)           1.838     1.838    bs_tck
    BUFGCE_X1Y115        BUFGCE (Prop_BUFCE_BUFGCE_I_O)
                                                      0.028     1.866 r  u_tck_bufg/O
    X3Y3 (CLOCK_ROOT)    net (fo=118, routed)         1.908     3.774    u_soc/u_dbg/bs_tck_buf
    SLICE_X98Y215        FDCE                                         r  u_soc/u_dbg/req_op_reg[0]/C
  -------------------------------------------------------------------    -------------------
    SLICE_X98Y215        FDCE (Prop_EFF2_SLICEL_C_Q)
                                                      0.081     3.855 f  u_soc/u_dbg/req_op_reg[0]/Q
                         net (fo=5, routed)           0.376     4.231    u_soc/u_dbg/req_op_reg_n_0_[0]
    SLICE_X98Y215        LUT3 (Prop_H6LUT_SLICEL_I1_O)
                                                      0.150     4.381 r  u_soc/u_dbg/m_axi_awaddr[29]_i_1__0/O
                         net (fo=50, routed)          0.747     5.128    u_soc/u_dbg/m_axi_awaddr[29]_i_1__0_n_0
    SLICE_X96Y219        FDCE                                         r  u_soc/u_dbg/m_axi_wdata_reg[17]/CE
  -------------------------------------------------------------------    -------------------

                         (clock clk rise edge)        0.000     0.000 r  
    AH18                                              0.000     0.000 r  clk300_p (IN)
                         net (fo=0)                   0.079     0.079    u_ibufds/I
    HPIOBDIFFINBUF_X1Y36 DIFFINBUF (Prop_DIFFINBUF_HPIOBDIFFINBUF_DIFF_IN_P_O)
                                                      0.429     0.508 r  u_ibufds/DIFFINBUF_INST/O
                         net (fo=1, routed)           0.040     0.548    u_ibufds/OUT
    AH18                 IBUFCTRL (Prop_IBUFCTRL_HPIOB_M_I_O)
                                                      0.000     0.548 r  u_ibufds/IBUFCTRL_INST/O
                         net (fo=1, routed)           0.286     0.834    clk_ref
    BUFGCE_DIV_X1Y5      BUFGCE_DIV (Prop_BUFGCE_DIV_I_O)
                                                      0.132     0.966 r  u_div/O
    X2Y3 (CLOCK_ROOT)    net (fo=973, routed)         1.473     2.439    u_soc/u_dbg/clk
    SLICE_X96Y219        FDCE                                         r  u_soc/u_dbg/m_axi_wdata_reg[17]/C

Slack:                    inf
  Source:                 u_soc/u_dbg/req_op_reg[0]/C
                            (rising edge-triggered cell FDCE clocked by jtag_tck  {rise@0.000ns fall@16.667ns period=33.333ns})
  Destination:            u_soc/u_dbg/m_axi_wdata_reg[21]/CE
                            (rising edge-triggered cell FDCE clocked by clk  {rise@0.000ns fall@3.333ns period=9.999ns})
  Path Group:             (none)
  Path Type:              Setup (Max at Slow Process Corner)
  Data Path Delay:        1.354ns  (logic 0.231ns (17.064%)  route 1.123ns (82.936%))
  Logic Levels:           1  (LUT3=1)
  Clock Path Skew:        -1.335ns (DCD - SCD + CPR)
    Destination Clock Delay (DCD):    2.439ns
    Source Clock Delay      (SCD):    3.774ns
    Clock Pessimism Removal (CPR):    0.000ns
  Clock Uncertainty:      0.035ns  ((TSJ^2 + TIJ^2)^1/2 + DJ) / 2 + PE
    Total System Jitter     (TSJ):    0.071ns
    Total Input Jitter      (TIJ):    0.000ns
    Discrete Jitter          (DJ):    0.000ns
    Phase Error              (PE):    0.000ns
  Clock Net Delay (Source):      1.908ns (routing 1.078ns, distribution 0.830ns)
  Clock Net Delay (Destination): 1.473ns (routing 0.696ns, distribution 0.777ns)
  Timing Exception:       Asynchronous Clock Groups

    Location             Delay type                Incr(ns)  Path(ns)    Netlist Resource(s)
  -------------------------------------------------------------------    -------------------
                         (clock jtag_tck rise edge)
                                                      0.000     0.000 r  
    CONFIG_SITE_X0Y0     BSCANE2                      0.000     0.000 r  u_bscan/TCK
                         net (fo=1, routed)           1.838     1.838    bs_tck
    BUFGCE_X1Y115        BUFGCE (Prop_BUFCE_BUFGCE_I_O)
                                                      0.028     1.866 r  u_tck_bufg/O
    X3Y3 (CLOCK_ROOT)    net (fo=118, routed)         1.908     3.774    u_soc/u_dbg/bs_tck_buf
    SLICE_X98Y215        FDCE                                         r  u_soc/u_dbg/req_op_reg[0]/C
  -------------------------------------------------------------------    -------------------
    SLICE_X98Y215        FDCE (Prop_EFF2_SLICEL_C_Q)
                                                      0.081     3.855 f  u_soc/u_dbg/req_op_reg[0]/Q
                         net (fo=5, routed)           0.376     4.231    u_soc/u_dbg/req_op_reg_n_0_[0]
    SLICE_X98Y215        LUT3 (Prop_H6LUT_SLICEL_I1_O)
                                                      0.150     4.381 r  u_soc/u_dbg/m_axi_awaddr[29]_i_1__0/O
                         net (fo=50, routed)          0.747     5.128    u_soc/u_dbg/m_axi_awaddr[29]_i_1__0_n_0
    SLICE_X96Y219        FDCE                                         r  u_soc/u_dbg/m_axi_wdata_reg[21]/CE
  -------------------------------------------------------------------    -------------------

                         (clock clk rise edge)        0.000     0.000 r  
    AH18                                              0.000     0.000 r  clk300_p (IN)
                         net (fo=0)                   0.079     0.079    u_ibufds/I
    HPIOBDIFFINBUF_X1Y36 DIFFINBUF (Prop_DIFFINBUF_HPIOBDIFFINBUF_DIFF_IN_P_O)
                                                      0.429     0.508 r  u_ibufds/DIFFINBUF_INST/O
                         net (fo=1, routed)           0.040     0.548    u_ibufds/OUT
    AH18                 IBUFCTRL (Prop_IBUFCTRL_HPIOB_M_I_O)
                                                      0.000     0.548 r  u_ibufds/IBUFCTRL_INST/O
                         net (fo=1, routed)           0.286     0.834    clk_ref
    BUFGCE_DIV_X1Y5      BUFGCE_DIV (Prop_BUFGCE_DIV_I_O)
                                                      0.132     0.966 r  u_div/O
    X2Y3 (CLOCK_ROOT)    net (fo=973, routed)         1.473     2.439    u_soc/u_dbg/clk
    SLICE_X96Y219        FDCE                                         r  u_soc/u_dbg/m_axi_wdata_reg[21]/C

Slack:                    inf
  Source:                 u_soc/u_dbg/req_op_reg[0]/C
                            (rising edge-triggered cell FDCE clocked by jtag_tck  {rise@0.000ns fall@16.667ns period=33.333ns})
  Destination:            u_soc/u_dbg/m_axi_wdata_reg[9]/CE
                            (rising edge-triggered cell FDCE clocked by clk  {rise@0.000ns fall@3.333ns period=9.999ns})
  Path Group:             (none)
  Path Type:              Setup (Max at Slow Process Corner)
  Data Path Delay:        1.354ns  (logic 0.231ns (17.064%)  route 1.123ns (82.936%))
  Logic Levels:           1  (LUT3=1)
  Clock Path Skew:        -1.335ns (DCD - SCD + CPR)
    Destination Clock Delay (DCD):    2.439ns
    Source Clock Delay      (SCD):    3.774ns
    Clock Pessimism Removal (CPR):    0.000ns
  Clock Uncertainty:      0.035ns  ((TSJ^2 + TIJ^2)^1/2 + DJ) / 2 + PE
    Total System Jitter     (TSJ):    0.071ns
    Total Input Jitter      (TIJ):    0.000ns
    Discrete Jitter          (DJ):    0.000ns
    Phase Error              (PE):    0.000ns
  Clock Net Delay (Source):      1.908ns (routing 1.078ns, distribution 0.830ns)
  Clock Net Delay (Destination): 1.473ns (routing 0.696ns, distribution 0.777ns)
  Timing Exception:       Asynchronous Clock Groups

    Location             Delay type                Incr(ns)  Path(ns)    Netlist Resource(s)
  -------------------------------------------------------------------    -------------------
                         (clock jtag_tck rise edge)
                                                      0.000     0.000 r  
    CONFIG_SITE_X0Y0     BSCANE2                      0.000     0.000 r  u_bscan/TCK
                         net (fo=1, routed)           1.838     1.838    bs_tck
    BUFGCE_X1Y115        BUFGCE (Prop_BUFCE_BUFGCE_I_O)
                                                      0.028     1.866 r  u_tck_bufg/O
    X3Y3 (CLOCK_ROOT)    net (fo=118, routed)         1.908     3.774    u_soc/u_dbg/bs_tck_buf
    SLICE_X98Y215        FDCE                                         r  u_soc/u_dbg/req_op_reg[0]/C
  -------------------------------------------------------------------    -------------------
    SLICE_X98Y215        FDCE (Prop_EFF2_SLICEL_C_Q)
                                                      0.081     3.855 f  u_soc/u_dbg/req_op_reg[0]/Q
                         net (fo=5, routed)           0.376     4.231    u_soc/u_dbg/req_op_reg_n_0_[0]
    SLICE_X98Y215        LUT3 (Prop_H6LUT_SLICEL_I1_O)
                                                      0.150     4.381 r  u_soc/u_dbg/m_axi_awaddr[29]_i_1__0/O
                         net (fo=50, routed)          0.747     5.128    u_soc/u_dbg/m_axi_awaddr[29]_i_1__0_n_0
    SLICE_X96Y219        FDCE                                         r  u_soc/u_dbg/m_axi_wdata_reg[9]/CE
  -------------------------------------------------------------------    -------------------

                         (clock clk rise edge)        0.000     0.000 r  
    AH18                                              0.000     0.000 r  clk300_p (IN)
                         net (fo=0)                   0.079     0.079    u_ibufds/I
    HPIOBDIFFINBUF_X1Y36 DIFFINBUF (Prop_DIFFINBUF_HPIOBDIFFINBUF_DIFF_IN_P_O)
                                                      0.429     0.508 r  u_ibufds/DIFFINBUF_INST/O
                         net (fo=1, routed)           0.040     0.548    u_ibufds/OUT
    AH18                 IBUFCTRL (Prop_IBUFCTRL_HPIOB_M_I_O)
                                                      0.000     0.548 r  u_ibufds/IBUFCTRL_INST/O
                         net (fo=1, routed)           0.286     0.834    clk_ref
    BUFGCE_DIV_X1Y5      BUFGCE_DIV (Prop_BUFGCE_DIV_I_O)
                                                      0.132     0.966 r  u_div/O
    X2Y3 (CLOCK_ROOT)    net (fo=973, routed)         1.473     2.439    u_soc/u_dbg/clk
    SLICE_X96Y219        FDCE                                         r  u_soc/u_dbg/m_axi_wdata_reg[9]/C

Slack:                    inf
  Source:                 u_soc/u_dbg/req_op_reg[0]/C
                            (rising edge-triggered cell FDCE clocked by jtag_tck  {rise@0.000ns fall@16.667ns period=33.333ns})
  Destination:            u_soc/u_dbg/m_axi_wdata_reg[13]/CE
                            (rising edge-triggered cell FDCE clocked by clk  {rise@0.000ns fall@3.333ns period=9.999ns})
  Path Group:             (none)
  Path Type:              Setup (Max at Slow Process Corner)
  Data Path Delay:        1.352ns  (logic 0.231ns (17.089%)  route 1.121ns (82.911%))
  Logic Levels:           1  (LUT3=1)
  Clock Path Skew:        -1.335ns (DCD - SCD + CPR)
    Destination Clock Delay (DCD):    2.439ns
    Source Clock Delay      (SCD):    3.774ns
    Clock Pessimism Removal (CPR):    0.000ns
  Clock Uncertainty:      0.035ns  ((TSJ^2 + TIJ^2)^1/2 + DJ) / 2 + PE
    Total System Jitter     (TSJ):    0.071ns
    Total Input Jitter      (TIJ):    0.000ns
    Discrete Jitter          (DJ):    0.000ns
    Phase Error              (PE):    0.000ns
  Clock Net Delay (Source):      1.908ns (routing 1.078ns, distribution 0.830ns)
  Clock Net Delay (Destination): 1.473ns (routing 0.696ns, distribution 0.777ns)
  Timing Exception:       Asynchronous Clock Groups

    Location             Delay type                Incr(ns)  Path(ns)    Netlist Resource(s)
  -------------------------------------------------------------------    -------------------
                         (clock jtag_tck rise edge)
                                                      0.000     0.000 r  
    CONFIG_SITE_X0Y0     BSCANE2                      0.000     0.000 r  u_bscan/TCK
                         net (fo=1, routed)           1.838     1.838    bs_tck
    BUFGCE_X1Y115        BUFGCE (Prop_BUFCE_BUFGCE_I_O)
                                                      0.028     1.866 r  u_tck_bufg/O
    X3Y3 (CLOCK_ROOT)    net (fo=118, routed)         1.908     3.774    u_soc/u_dbg/bs_tck_buf
    SLICE_X98Y215        FDCE                                         r  u_soc/u_dbg/req_op_reg[0]/C
  -------------------------------------------------------------------    -------------------
    SLICE_X98Y215        FDCE (Prop_EFF2_SLICEL_C_Q)
                                                      0.081     3.855 f  u_soc/u_dbg/req_op_reg[0]/Q
                         net (fo=5, routed)           0.376     4.231    u_soc/u_dbg/req_op_reg_n_0_[0]
    SLICE_X98Y215        LUT3 (Prop_H6LUT_SLICEL_I1_O)
                                                      0.150     4.381 r  u_soc/u_dbg/m_axi_awaddr[29]_i_1__0/O
                         net (fo=50, routed)          0.745     5.126    u_soc/u_dbg/m_axi_awaddr[29]_i_1__0_n_0
    SLICE_X96Y219        FDCE                                         r  u_soc/u_dbg/m_axi_wdata_reg[13]/CE
  -------------------------------------------------------------------    -------------------

                         (clock clk rise edge)        0.000     0.000 r  
    AH18                                              0.000     0.000 r  clk300_p (IN)
                         net (fo=0)                   0.079     0.079    u_ibufds/I
    HPIOBDIFFINBUF_X1Y36 DIFFINBUF (Prop_DIFFINBUF_HPIOBDIFFINBUF_DIFF_IN_P_O)
                                                      0.429     0.508 r  u_ibufds/DIFFINBUF_INST/O
                         net (fo=1, routed)           0.040     0.548    u_ibufds/OUT
    AH18                 IBUFCTRL (Prop_IBUFCTRL_HPIOB_M_I_O)
                                                      0.000     0.548 r  u_ibufds/IBUFCTRL_INST/O
                         net (fo=1, routed)           0.286     0.834    clk_ref
    BUFGCE_DIV_X1Y5      BUFGCE_DIV (Prop_BUFGCE_DIV_I_O)
                                                      0.132     0.966 r  u_div/O
    X2Y3 (CLOCK_ROOT)    net (fo=973, routed)         1.473     2.439    u_soc/u_dbg/clk
    SLICE_X96Y219        FDCE                                         r  u_soc/u_dbg/m_axi_wdata_reg[13]/C

Slack:                    inf
  Source:                 u_soc/u_dbg/req_op_reg[0]/C
                            (rising edge-triggered cell FDCE clocked by jtag_tck  {rise@0.000ns fall@16.667ns period=33.333ns})
  Destination:            u_soc/u_dbg/m_axi_wdata_reg[19]/CE
                            (rising edge-triggered cell FDCE clocked by clk  {rise@0.000ns fall@3.333ns period=9.999ns})
  Path Group:             (none)
  Path Type:              Setup (Max at Slow Process Corner)
  Data Path Delay:        1.352ns  (logic 0.231ns (17.089%)  route 1.121ns (82.911%))
  Logic Levels:           1  (LUT3=1)
  Clock Path Skew:        -1.335ns (DCD - SCD + CPR)
    Destination Clock Delay (DCD):    2.439ns
    Source Clock Delay      (SCD):    3.774ns
    Clock Pessimism Removal (CPR):    0.000ns
  Clock Uncertainty:      0.035ns  ((TSJ^2 + TIJ^2)^1/2 + DJ) / 2 + PE
    Total System Jitter     (TSJ):    0.071ns
    Total Input Jitter      (TIJ):    0.000ns
    Discrete Jitter          (DJ):    0.000ns
    Phase Error              (PE):    0.000ns
  Clock Net Delay (Source):      1.908ns (routing 1.078ns, distribution 0.830ns)
  Clock Net Delay (Destination): 1.473ns (routing 0.696ns, distribution 0.777ns)
  Timing Exception:       Asynchronous Clock Groups

    Location             Delay type                Incr(ns)  Path(ns)    Netlist Resource(s)
  -------------------------------------------------------------------    -------------------
                         (clock jtag_tck rise edge)
                                                      0.000     0.000 r  
    CONFIG_SITE_X0Y0     BSCANE2                      0.000     0.000 r  u_bscan/TCK
                         net (fo=1, routed)           1.838     1.838    bs_tck
    BUFGCE_X1Y115        BUFGCE (Prop_BUFCE_BUFGCE_I_O)
                                                      0.028     1.866 r  u_tck_bufg/O
    X3Y3 (CLOCK_ROOT)    net (fo=118, routed)         1.908     3.774    u_soc/u_dbg/bs_tck_buf
    SLICE_X98Y215        FDCE                                         r  u_soc/u_dbg/req_op_reg[0]/C
  -------------------------------------------------------------------    -------------------
    SLICE_X98Y215        FDCE (Prop_EFF2_SLICEL_C_Q)
                                                      0.081     3.855 f  u_soc/u_dbg/req_op_reg[0]/Q
                         net (fo=5, routed)           0.376     4.231    u_soc/u_dbg/req_op_reg_n_0_[0]
    SLICE_X98Y215        LUT3 (Prop_H6LUT_SLICEL_I1_O)
                                                      0.150     4.381 r  u_soc/u_dbg/m_axi_awaddr[29]_i_1__0/O
                         net (fo=50, routed)          0.745     5.126    u_soc/u_dbg/m_axi_awaddr[29]_i_1__0_n_0
    SLICE_X96Y219        FDCE                                         r  u_soc/u_dbg/m_axi_wdata_reg[19]/CE
  -------------------------------------------------------------------    -------------------

                         (clock clk rise edge)        0.000     0.000 r  
    AH18                                              0.000     0.000 r  clk300_p (IN)
                         net (fo=0)                   0.079     0.079    u_ibufds/I
    HPIOBDIFFINBUF_X1Y36 DIFFINBUF (Prop_DIFFINBUF_HPIOBDIFFINBUF_DIFF_IN_P_O)
                                                      0.429     0.508 r  u_ibufds/DIFFINBUF_INST/O
                         net (fo=1, routed)           0.040     0.548    u_ibufds/OUT
    AH18                 IBUFCTRL (Prop_IBUFCTRL_HPIOB_M_I_O)
                                                      0.000     0.548 r  u_ibufds/IBUFCTRL_INST/O
                         net (fo=1, routed)           0.286     0.834    clk_ref
    BUFGCE_DIV_X1Y5      BUFGCE_DIV (Prop_BUFGCE_DIV_I_O)
                                                      0.132     0.966 r  u_div/O
    X2Y3 (CLOCK_ROOT)    net (fo=973, routed)         1.473     2.439    u_soc/u_dbg/clk
    SLICE_X96Y219        FDCE                                         r  u_soc/u_dbg/m_axi_wdata_reg[19]/C

Slack:                    inf
  Source:                 u_soc/u_dbg/req_op_reg[0]/C
                            (rising edge-triggered cell FDCE clocked by jtag_tck  {rise@0.000ns fall@16.667ns period=33.333ns})
  Destination:            u_soc/u_dbg/m_axi_wdata_reg[5]/CE
                            (rising edge-triggered cell FDCE clocked by clk  {rise@0.000ns fall@3.333ns period=9.999ns})
  Path Group:             (none)
  Path Type:              Setup (Max at Slow Process Corner)
  Data Path Delay:        1.352ns  (logic 0.231ns (17.089%)  route 1.121ns (82.911%))
  Logic Levels:           1  (LUT3=1)
  Clock Path Skew:        -1.335ns (DCD - SCD + CPR)
    Destination Clock Delay (DCD):    2.439ns
    Source Clock Delay      (SCD):    3.774ns
    Clock Pessimism Removal (CPR):    0.000ns
  Clock Uncertainty:      0.035ns  ((TSJ^2 + TIJ^2)^1/2 + DJ) / 2 + PE
    Total System Jitter     (TSJ):    0.071ns
    Total Input Jitter      (TIJ):    0.000ns
    Discrete Jitter          (DJ):    0.000ns
    Phase Error              (PE):    0.000ns
  Clock Net Delay (Source):      1.908ns (routing 1.078ns, distribution 0.830ns)
  Clock Net Delay (Destination): 1.473ns (routing 0.696ns, distribution 0.777ns)
  Timing Exception:       Asynchronous Clock Groups

    Location             Delay type                Incr(ns)  Path(ns)    Netlist Resource(s)
  -------------------------------------------------------------------    -------------------
                         (clock jtag_tck rise edge)
                                                      0.000     0.000 r  
    CONFIG_SITE_X0Y0     BSCANE2                      0.000     0.000 r  u_bscan/TCK
                         net (fo=1, routed)           1.838     1.838    bs_tck
    BUFGCE_X1Y115        BUFGCE (Prop_BUFCE_BUFGCE_I_O)
                                                      0.028     1.866 r  u_tck_bufg/O
    X3Y3 (CLOCK_ROOT)    net (fo=118, routed)         1.908     3.774    u_soc/u_dbg/bs_tck_buf
    SLICE_X98Y215        FDCE                                         r  u_soc/u_dbg/req_op_reg[0]/C
  -------------------------------------------------------------------    -------------------
    SLICE_X98Y215        FDCE (Prop_EFF2_SLICEL_C_Q)
                                                      0.081     3.855 f  u_soc/u_dbg/req_op_reg[0]/Q
                         net (fo=5, routed)           0.376     4.231    u_soc/u_dbg/req_op_reg_n_0_[0]
    SLICE_X98Y215        LUT3 (Prop_H6LUT_SLICEL_I1_O)
                                                      0.150     4.381 r  u_soc/u_dbg/m_axi_awaddr[29]_i_1__0/O
                         net (fo=50, routed)          0.745     5.126    u_soc/u_dbg/m_axi_awaddr[29]_i_1__0_n_0
    SLICE_X96Y219        FDCE                                         r  u_soc/u_dbg/m_axi_wdata_reg[5]/CE
  -------------------------------------------------------------------    -------------------

                         (clock clk rise edge)        0.000     0.000 r  
    AH18                                              0.000     0.000 r  clk300_p (IN)
                         net (fo=0)                   0.079     0.079    u_ibufds/I
    HPIOBDIFFINBUF_X1Y36 DIFFINBUF (Prop_DIFFINBUF_HPIOBDIFFINBUF_DIFF_IN_P_O)
                                                      0.429     0.508 r  u_ibufds/DIFFINBUF_INST/O
                         net (fo=1, routed)           0.040     0.548    u_ibufds/OUT
    AH18                 IBUFCTRL (Prop_IBUFCTRL_HPIOB_M_I_O)
                                                      0.000     0.548 r  u_ibufds/IBUFCTRL_INST/O
                         net (fo=1, routed)           0.286     0.834    clk_ref
    BUFGCE_DIV_X1Y5      BUFGCE_DIV (Prop_BUFGCE_DIV_I_O)
                                                      0.132     0.966 r  u_div/O
    X2Y3 (CLOCK_ROOT)    net (fo=973, routed)         1.473     2.439    u_soc/u_dbg/clk
    SLICE_X96Y219        FDCE                                         r  u_soc/u_dbg/m_axi_wdata_reg[5]/C

Slack:                    inf
  Source:                 u_soc/u_dbg/req_op_reg[0]/C
                            (rising edge-triggered cell FDCE clocked by jtag_tck  {rise@0.000ns fall@16.667ns period=33.333ns})
  Destination:            u_soc/u_dbg/m_axi_wdata_reg[25]/CE
                            (rising edge-triggered cell FDCE clocked by clk  {rise@0.000ns fall@3.333ns period=9.999ns})
  Path Group:             (none)
  Path Type:              Setup (Max at Slow Process Corner)
  Data Path Delay:        1.333ns  (logic 0.231ns (17.331%)  route 1.102ns (82.669%))
  Logic Levels:           1  (LUT3=1)
  Clock Path Skew:        -1.341ns (DCD - SCD + CPR)
    Destination Clock Delay (DCD):    2.433ns
    Source Clock Delay      (SCD):    3.774ns
    Clock Pessimism Removal (CPR):    0.000ns
  Clock Uncertainty:      0.035ns  ((TSJ^2 + TIJ^2)^1/2 + DJ) / 2 + PE
    Total System Jitter     (TSJ):    0.071ns
    Total Input Jitter      (TIJ):    0.000ns
    Discrete Jitter          (DJ):    0.000ns
    Phase Error              (PE):    0.000ns
  Clock Net Delay (Source):      1.908ns (routing 1.078ns, distribution 0.830ns)
  Clock Net Delay (Destination): 1.467ns (routing 0.696ns, distribution 0.771ns)
  Timing Exception:       Asynchronous Clock Groups

    Location             Delay type                Incr(ns)  Path(ns)    Netlist Resource(s)
  -------------------------------------------------------------------    -------------------
                         (clock jtag_tck rise edge)
                                                      0.000     0.000 r  
    CONFIG_SITE_X0Y0     BSCANE2                      0.000     0.000 r  u_bscan/TCK
                         net (fo=1, routed)           1.838     1.838    bs_tck
    BUFGCE_X1Y115        BUFGCE (Prop_BUFCE_BUFGCE_I_O)
                                                      0.028     1.866 r  u_tck_bufg/O
    X3Y3 (CLOCK_ROOT)    net (fo=118, routed)         1.908     3.774    u_soc/u_dbg/bs_tck_buf
    SLICE_X98Y215        FDCE                                         r  u_soc/u_dbg/req_op_reg[0]/C
  -------------------------------------------------------------------    -------------------
    SLICE_X98Y215        FDCE (Prop_EFF2_SLICEL_C_Q)
                                                      0.081     3.855 f  u_soc/u_dbg/req_op_reg[0]/Q
                         net (fo=5, routed)           0.376     4.231    u_soc/u_dbg/req_op_reg_n_0_[0]
    SLICE_X98Y215        LUT3 (Prop_H6LUT_SLICEL_I1_O)
                                                      0.150     4.381 r  u_soc/u_dbg/m_axi_awaddr[29]_i_1__0/O
                         net (fo=50, routed)          0.726     5.107    u_soc/u_dbg/m_axi_awaddr[29]_i_1__0_n_0
    SLICE_X93Y218        FDCE                                         r  u_soc/u_dbg/m_axi_wdata_reg[25]/CE
  -------------------------------------------------------------------    -------------------

                         (clock clk rise edge)        0.000     0.000 r  
    AH18                                              0.000     0.000 r  clk300_p (IN)
                         net (fo=0)                   0.079     0.079    u_ibufds/I
    HPIOBDIFFINBUF_X1Y36 DIFFINBUF (Prop_DIFFINBUF_HPIOBDIFFINBUF_DIFF_IN_P_O)
                                                      0.429     0.508 r  u_ibufds/DIFFINBUF_INST/O
                         net (fo=1, routed)           0.040     0.548    u_ibufds/OUT
    AH18                 IBUFCTRL (Prop_IBUFCTRL_HPIOB_M_I_O)
                                                      0.000     0.548 r  u_ibufds/IBUFCTRL_INST/O
                         net (fo=1, routed)           0.286     0.834    clk_ref
    BUFGCE_DIV_X1Y5      BUFGCE_DIV (Prop_BUFGCE_DIV_I_O)
                                                      0.132     0.966 r  u_div/O
    X2Y3 (CLOCK_ROOT)    net (fo=973, routed)         1.467     2.433    u_soc/u_dbg/clk
    SLICE_X93Y218        FDCE                                         r  u_soc/u_dbg/m_axi_wdata_reg[25]/C

Slack:                    inf
  Source:                 u_soc/u_dbg/req_op_reg[0]/C
                            (rising edge-triggered cell FDCE clocked by jtag_tck  {rise@0.000ns fall@16.667ns period=33.333ns})
  Destination:            u_soc/u_dbg/m_axi_wdata_reg[26]/CE
                            (rising edge-triggered cell FDCE clocked by clk  {rise@0.000ns fall@3.333ns period=9.999ns})
  Path Group:             (none)
  Path Type:              Setup (Max at Slow Process Corner)
  Data Path Delay:        1.333ns  (logic 0.231ns (17.331%)  route 1.102ns (82.669%))
  Logic Levels:           1  (LUT3=1)
  Clock Path Skew:        -1.341ns (DCD - SCD + CPR)
    Destination Clock Delay (DCD):    2.433ns
    Source Clock Delay      (SCD):    3.774ns
    Clock Pessimism Removal (CPR):    0.000ns
  Clock Uncertainty:      0.035ns  ((TSJ^2 + TIJ^2)^1/2 + DJ) / 2 + PE
    Total System Jitter     (TSJ):    0.071ns
    Total Input Jitter      (TIJ):    0.000ns
    Discrete Jitter          (DJ):    0.000ns
    Phase Error              (PE):    0.000ns
  Clock Net Delay (Source):      1.908ns (routing 1.078ns, distribution 0.830ns)
  Clock Net Delay (Destination): 1.467ns (routing 0.696ns, distribution 0.771ns)
  Timing Exception:       Asynchronous Clock Groups

    Location             Delay type                Incr(ns)  Path(ns)    Netlist Resource(s)
  -------------------------------------------------------------------    -------------------
                         (clock jtag_tck rise edge)
                                                      0.000     0.000 r  
    CONFIG_SITE_X0Y0     BSCANE2                      0.000     0.000 r  u_bscan/TCK
                         net (fo=1, routed)           1.838     1.838    bs_tck
    BUFGCE_X1Y115        BUFGCE (Prop_BUFCE_BUFGCE_I_O)
                                                      0.028     1.866 r  u_tck_bufg/O
    X3Y3 (CLOCK_ROOT)    net (fo=118, routed)         1.908     3.774    u_soc/u_dbg/bs_tck_buf
    SLICE_X98Y215        FDCE                                         r  u_soc/u_dbg/req_op_reg[0]/C
  -------------------------------------------------------------------    -------------------
    SLICE_X98Y215        FDCE (Prop_EFF2_SLICEL_C_Q)
                                                      0.081     3.855 f  u_soc/u_dbg/req_op_reg[0]/Q
                         net (fo=5, routed)           0.376     4.231    u_soc/u_dbg/req_op_reg_n_0_[0]
    SLICE_X98Y215        LUT3 (Prop_H6LUT_SLICEL_I1_O)
                                                      0.150     4.381 r  u_soc/u_dbg/m_axi_awaddr[29]_i_1__0/O
                         net (fo=50, routed)          0.726     5.107    u_soc/u_dbg/m_axi_awaddr[29]_i_1__0_n_0
    SLICE_X93Y218        FDCE                                         r  u_soc/u_dbg/m_axi_wdata_reg[26]/CE
  -------------------------------------------------------------------    -------------------

                         (clock clk rise edge)        0.000     0.000 r  
    AH18                                              0.000     0.000 r  clk300_p (IN)
                         net (fo=0)                   0.079     0.079    u_ibufds/I
    HPIOBDIFFINBUF_X1Y36 DIFFINBUF (Prop_DIFFINBUF_HPIOBDIFFINBUF_DIFF_IN_P_O)
                                                      0.429     0.508 r  u_ibufds/DIFFINBUF_INST/O
                         net (fo=1, routed)           0.040     0.548    u_ibufds/OUT
    AH18                 IBUFCTRL (Prop_IBUFCTRL_HPIOB_M_I_O)
                                                      0.000     0.548 r  u_ibufds/IBUFCTRL_INST/O
                         net (fo=1, routed)           0.286     0.834    clk_ref
    BUFGCE_DIV_X1Y5      BUFGCE_DIV (Prop_BUFGCE_DIV_I_O)
                                                      0.132     0.966 r  u_div/O
    X2Y3 (CLOCK_ROOT)    net (fo=973, routed)         1.467     2.433    u_soc/u_dbg/clk
    SLICE_X93Y218        FDCE                                         r  u_soc/u_dbg/m_axi_wdata_reg[26]/C

Slack:                    inf
  Source:                 u_soc/u_dbg/req_op_reg[0]/C
                            (rising edge-triggered cell FDCE clocked by jtag_tck  {rise@0.000ns fall@16.667ns period=33.333ns})
  Destination:            u_soc/u_dbg/m_axi_wdata_reg[27]/CE
                            (rising edge-triggered cell FDCE clocked by clk  {rise@0.000ns fall@3.333ns period=9.999ns})
  Path Group:             (none)
  Path Type:              Setup (Max at Slow Process Corner)
  Data Path Delay:        1.333ns  (logic 0.231ns (17.331%)  route 1.102ns (82.669%))
  Logic Levels:           1  (LUT3=1)
  Clock Path Skew:        -1.341ns (DCD - SCD + CPR)
    Destination Clock Delay (DCD):    2.433ns
    Source Clock Delay      (SCD):    3.774ns
    Clock Pessimism Removal (CPR):    0.000ns
  Clock Uncertainty:      0.035ns  ((TSJ^2 + TIJ^2)^1/2 + DJ) / 2 + PE
    Total System Jitter     (TSJ):    0.071ns
    Total Input Jitter      (TIJ):    0.000ns
    Discrete Jitter          (DJ):    0.000ns
    Phase Error              (PE):    0.000ns
  Clock Net Delay (Source):      1.908ns (routing 1.078ns, distribution 0.830ns)
  Clock Net Delay (Destination): 1.467ns (routing 0.696ns, distribution 0.771ns)
  Timing Exception:       Asynchronous Clock Groups

    Location             Delay type                Incr(ns)  Path(ns)    Netlist Resource(s)
  -------------------------------------------------------------------    -------------------
                         (clock jtag_tck rise edge)
                                                      0.000     0.000 r  
    CONFIG_SITE_X0Y0     BSCANE2                      0.000     0.000 r  u_bscan/TCK
                         net (fo=1, routed)           1.838     1.838    bs_tck
    BUFGCE_X1Y115        BUFGCE (Prop_BUFCE_BUFGCE_I_O)
                                                      0.028     1.866 r  u_tck_bufg/O
    X3Y3 (CLOCK_ROOT)    net (fo=118, routed)         1.908     3.774    u_soc/u_dbg/bs_tck_buf
    SLICE_X98Y215        FDCE                                         r  u_soc/u_dbg/req_op_reg[0]/C
  -------------------------------------------------------------------    -------------------
    SLICE_X98Y215        FDCE (Prop_EFF2_SLICEL_C_Q)
                                                      0.081     3.855 f  u_soc/u_dbg/req_op_reg[0]/Q
                         net (fo=5, routed)           0.376     4.231    u_soc/u_dbg/req_op_reg_n_0_[0]
    SLICE_X98Y215        LUT3 (Prop_H6LUT_SLICEL_I1_O)
                                                      0.150     4.381 r  u_soc/u_dbg/m_axi_awaddr[29]_i_1__0/O
                         net (fo=50, routed)          0.726     5.107    u_soc/u_dbg/m_axi_awaddr[29]_i_1__0_n_0
    SLICE_X93Y218        FDCE                                         r  u_soc/u_dbg/m_axi_wdata_reg[27]/CE
  -------------------------------------------------------------------    -------------------

                         (clock clk rise edge)        0.000     0.000 r  
    AH18                                              0.000     0.000 r  clk300_p (IN)
                         net (fo=0)                   0.079     0.079    u_ibufds/I
    HPIOBDIFFINBUF_X1Y36 DIFFINBUF (Prop_DIFFINBUF_HPIOBDIFFINBUF_DIFF_IN_P_O)
                                                      0.429     0.508 r  u_ibufds/DIFFINBUF_INST/O
                         net (fo=1, routed)           0.040     0.548    u_ibufds/OUT
    AH18                 IBUFCTRL (Prop_IBUFCTRL_HPIOB_M_I_O)
                                                      0.000     0.548 r  u_ibufds/IBUFCTRL_INST/O
                         net (fo=1, routed)           0.286     0.834    clk_ref
    BUFGCE_DIV_X1Y5      BUFGCE_DIV (Prop_BUFGCE_DIV_I_O)
                                                      0.132     0.966 r  u_div/O
    X2Y3 (CLOCK_ROOT)    net (fo=973, routed)         1.467     2.433    u_soc/u_dbg/clk
    SLICE_X93Y218        FDCE                                         r  u_soc/u_dbg/m_axi_wdata_reg[27]/C

Slack:                    inf
  Source:                 u_soc/u_dbg/req_op_reg[0]/C
                            (rising edge-triggered cell FDCE clocked by jtag_tck  {rise@0.000ns fall@16.667ns period=33.333ns})
  Destination:            u_soc/u_dbg/m_axi_wdata_reg[28]/CE
                            (rising edge-triggered cell FDCE clocked by clk  {rise@0.000ns fall@3.333ns period=9.999ns})
  Path Group:             (none)
  Path Type:              Setup (Max at Slow Process Corner)
  Data Path Delay:        1.333ns  (logic 0.231ns (17.331%)  route 1.102ns (82.669%))
  Logic Levels:           1  (LUT3=1)
  Clock Path Skew:        -1.341ns (DCD - SCD + CPR)
    Destination Clock Delay (DCD):    2.433ns
    Source Clock Delay      (SCD):    3.774ns
    Clock Pessimism Removal (CPR):    0.000ns
  Clock Uncertainty:      0.035ns  ((TSJ^2 + TIJ^2)^1/2 + DJ) / 2 + PE
    Total System Jitter     (TSJ):    0.071ns
    Total Input Jitter      (TIJ):    0.000ns
    Discrete Jitter          (DJ):    0.000ns
    Phase Error              (PE):    0.000ns
  Clock Net Delay (Source):      1.908ns (routing 1.078ns, distribution 0.830ns)
  Clock Net Delay (Destination): 1.467ns (routing 0.696ns, distribution 0.771ns)
  Timing Exception:       Asynchronous Clock Groups

    Location             Delay type                Incr(ns)  Path(ns)    Netlist Resource(s)
  -------------------------------------------------------------------    -------------------
                         (clock jtag_tck rise edge)
                                                      0.000     0.000 r  
    CONFIG_SITE_X0Y0     BSCANE2                      0.000     0.000 r  u_bscan/TCK
                         net (fo=1, routed)           1.838     1.838    bs_tck
    BUFGCE_X1Y115        BUFGCE (Prop_BUFCE_BUFGCE_I_O)
                                                      0.028     1.866 r  u_tck_bufg/O
    X3Y3 (CLOCK_ROOT)    net (fo=118, routed)         1.908     3.774    u_soc/u_dbg/bs_tck_buf
    SLICE_X98Y215        FDCE                                         r  u_soc/u_dbg/req_op_reg[0]/C
  -------------------------------------------------------------------    -------------------
    SLICE_X98Y215        FDCE (Prop_EFF2_SLICEL_C_Q)
                                                      0.081     3.855 f  u_soc/u_dbg/req_op_reg[0]/Q
                         net (fo=5, routed)           0.376     4.231    u_soc/u_dbg/req_op_reg_n_0_[0]
    SLICE_X98Y215        LUT3 (Prop_H6LUT_SLICEL_I1_O)
                                                      0.150     4.381 r  u_soc/u_dbg/m_axi_awaddr[29]_i_1__0/O
                         net (fo=50, routed)          0.726     5.107    u_soc/u_dbg/m_axi_awaddr[29]_i_1__0_n_0
    SLICE_X93Y218        FDCE                                         r  u_soc/u_dbg/m_axi_wdata_reg[28]/CE
  -------------------------------------------------------------------    -------------------

                         (clock clk rise edge)        0.000     0.000 r  
    AH18                                              0.000     0.000 r  clk300_p (IN)
                         net (fo=0)                   0.079     0.079    u_ibufds/I
    HPIOBDIFFINBUF_X1Y36 DIFFINBUF (Prop_DIFFINBUF_HPIOBDIFFINBUF_DIFF_IN_P_O)
                                                      0.429     0.508 r  u_ibufds/DIFFINBUF_INST/O
                         net (fo=1, routed)           0.040     0.548    u_ibufds/OUT
    AH18                 IBUFCTRL (Prop_IBUFCTRL_HPIOB_M_I_O)
                                                      0.000     0.548 r  u_ibufds/IBUFCTRL_INST/O
                         net (fo=1, routed)           0.286     0.834    clk_ref
    BUFGCE_DIV_X1Y5      BUFGCE_DIV (Prop_BUFGCE_DIV_I_O)
                                                      0.132     0.966 r  u_div/O
    X2Y3 (CLOCK_ROOT)    net (fo=973, routed)         1.467     2.433    u_soc/u_dbg/clk
    SLICE_X93Y218        FDCE                                         r  u_soc/u_dbg/m_axi_wdata_reg[28]/C





Min Delay Paths
--------------------------------------------------------------------------------------
Slack:                    inf
  Source:                 u_soc/u_dbg/req_data_reg[18]/C
                            (rising edge-triggered cell FDCE clocked by jtag_tck  {rise@0.000ns fall@16.667ns period=33.333ns})
  Destination:            u_soc/u_dbg/m_axi_wdata_reg[18]/D
                            (rising edge-triggered cell FDCE clocked by clk  {rise@0.000ns fall@3.333ns period=9.999ns})
  Path Group:             (none)
  Path Type:              Hold (Min at Fast Process Corner)
  Data Path Delay:        0.097ns  (logic 0.039ns (40.206%)  route 0.058ns (59.794%))
  Logic Levels:           0  
  Clock Path Skew:        -0.158ns (DCD - SCD - CPR)
    Destination Clock Delay (DCD):    1.871ns
    Source Clock Delay      (SCD):    2.029ns
    Clock Pessimism Removal (CPR):    -0.000ns
  Clock Uncertainty:      0.035ns  ((TSJ^2 + TIJ^2)^1/2 + DJ) / 2 + PE
    Total System Jitter     (TSJ):    0.071ns
    Total Input Jitter      (TIJ):    0.000ns
    Discrete Jitter          (DJ):    0.000ns
    Phase Error              (PE):    0.000ns
  Clock Net Delay (Source):      1.050ns (routing 0.586ns, distribution 0.464ns)
  Clock Net Delay (Destination): 1.058ns (routing 0.475ns, distribution 0.583ns)
  Timing Exception:       Asynchronous Clock Groups

    Location             Delay type                Incr(ns)  Path(ns)    Netlist Resource(s)
  -------------------------------------------------------------------    -------------------
                         (clock jtag_tck rise edge)
                                                      0.000     0.000 r  
    CONFIG_SITE_X0Y0     BSCANE2                      0.000     0.000 r  u_bscan/TCK
                         net (fo=1, routed)           0.962     0.962    bs_tck
    BUFGCE_X1Y115        BUFGCE (Prop_BUFCE_BUFGCE_I_O)
                                                      0.017     0.979 r  u_tck_bufg/O
    X3Y3 (CLOCK_ROOT)    net (fo=118, routed)         1.050     2.029    u_soc/u_dbg/bs_tck_buf
    SLICE_X98Y219        FDCE                                         r  u_soc/u_dbg/req_data_reg[18]/C
  -------------------------------------------------------------------    -------------------
    SLICE_X98Y219        FDCE (Prop_CFF_SLICEL_C_Q)
                                                      0.039     2.068 r  u_soc/u_dbg/req_data_reg[18]/Q
                         net (fo=1, routed)           0.058     2.126    u_soc/u_dbg/req_data[18]
    SLICE_X98Y219        FDCE                                         r  u_soc/u_dbg/m_axi_wdata_reg[18]/D
  -------------------------------------------------------------------    -------------------

                         (clock clk rise edge)        0.000     0.000 r  
    AH18                                              0.000     0.000 r  clk300_p (IN)
                         net (fo=0)                   0.100     0.100    u_ibufds/I
    HPIOBDIFFINBUF_X1Y36 DIFFINBUF (Prop_DIFFINBUF_HPIOBDIFFINBUF_DIFF_IN_P_O)
                                                      0.382     0.482 r  u_ibufds/DIFFINBUF_INST/O
                         net (fo=1, routed)           0.050     0.532    u_ibufds/OUT
    AH18                 IBUFCTRL (Prop_IBUFCTRL_HPIOB_M_I_O)
                                                      0.000     0.532 r  u_ibufds/IBUFCTRL_INST/O
                         net (fo=1, routed)           0.180     0.712    clk_ref
    BUFGCE_DIV_X1Y5      BUFGCE_DIV (Prop_BUFGCE_DIV_I_O)
                                                      0.101     0.813 r  u_div/O
    X2Y3 (CLOCK_ROOT)    net (fo=973, routed)         1.058     1.871    u_soc/u_dbg/clk
    SLICE_X98Y219        FDCE                                         r  u_soc/u_dbg/m_axi_wdata_reg[18]/C

Slack:                    inf
  Source:                 u_soc/u_dbg/req_addr_reg[28]/C
                            (rising edge-triggered cell FDCE clocked by jtag_tck  {rise@0.000ns fall@16.667ns period=33.333ns})
  Destination:            u_soc/u_dbg/m_axi_awaddr_reg[28]/D
                            (rising edge-triggered cell FDCE clocked by clk  {rise@0.000ns fall@3.333ns period=9.999ns})
  Path Group:             (none)
  Path Type:              Hold (Min at Fast Process Corner)
  Data Path Delay:        0.096ns  (logic 0.039ns (40.586%)  route 0.057ns (59.414%))
  Logic Levels:           0  
  Clock Path Skew:        -0.160ns (DCD - SCD - CPR)
    Destination Clock Delay (DCD):    1.871ns
    Source Clock Delay      (SCD):    2.031ns
    Clock Pessimism Removal (CPR):    -0.000ns
  Clock Uncertainty:      0.035ns  ((TSJ^2 + TIJ^2)^1/2 + DJ) / 2 + PE
    Total System Jitter     (TSJ):    0.071ns
    Total Input Jitter      (TIJ):    0.000ns
    Discrete Jitter          (DJ):    0.000ns
    Phase Error              (PE):    0.000ns
  Clock Net Delay (Source):      1.052ns (routing 0.586ns, distribution 0.466ns)
  Clock Net Delay (Destination): 1.057ns (routing 0.475ns, distribution 0.582ns)
  Timing Exception:       Asynchronous Clock Groups

    Location             Delay type                Incr(ns)  Path(ns)    Netlist Resource(s)
  -------------------------------------------------------------------    -------------------
                         (clock jtag_tck rise edge)
                                                      0.000     0.000 r  
    CONFIG_SITE_X0Y0     BSCANE2                      0.000     0.000 r  u_bscan/TCK
                         net (fo=1, routed)           0.962     0.962    bs_tck
    BUFGCE_X1Y115        BUFGCE (Prop_BUFCE_BUFGCE_I_O)
                                                      0.017     0.979 r  u_tck_bufg/O
    X3Y3 (CLOCK_ROOT)    net (fo=118, routed)         1.052     2.031    u_soc/u_dbg/bs_tck_buf
    SLICE_X95Y217        FDCE                                         r  u_soc/u_dbg/req_addr_reg[28]/C
  -------------------------------------------------------------------    -------------------
    SLICE_X95Y217        FDCE (Prop_AFF_SLICEL_C_Q)
                                                      0.039     2.070 r  u_soc/u_dbg/req_addr_reg[28]/Q
                         net (fo=2, routed)           0.057     2.127    u_soc/u_dbg/req_addr[28]
    SLICE_X95Y217        FDCE                                         r  u_soc/u_dbg/m_axi_awaddr_reg[28]/D
  -------------------------------------------------------------------    -------------------

                         (clock clk rise edge)        0.000     0.000 r  
    AH18                                              0.000     0.000 r  clk300_p (IN)
                         net (fo=0)                   0.100     0.100    u_ibufds/I
    HPIOBDIFFINBUF_X1Y36 DIFFINBUF (Prop_DIFFINBUF_HPIOBDIFFINBUF_DIFF_IN_P_O)
                                                      0.382     0.482 r  u_ibufds/DIFFINBUF_INST/O
                         net (fo=1, routed)           0.050     0.532    u_ibufds/OUT
    AH18                 IBUFCTRL (Prop_IBUFCTRL_HPIOB_M_I_O)
                                                      0.000     0.532 r  u_ibufds/IBUFCTRL_INST/O
                         net (fo=1, routed)           0.180     0.712    clk_ref
    BUFGCE_DIV_X1Y5      BUFGCE_DIV (Prop_BUFGCE_DIV_I_O)
                                                      0.101     0.813 r  u_div/O
    X2Y3 (CLOCK_ROOT)    net (fo=973, routed)         1.057     1.871    u_soc/u_dbg/clk
    SLICE_X95Y217        FDCE                                         r  u_soc/u_dbg/m_axi_awaddr_reg[28]/C

Slack:                    inf
  Source:                 u_soc/u_dbg/req_toggle_reg/C
                            (rising edge-triggered cell FDCE clocked by jtag_tck  {rise@0.000ns fall@16.667ns period=33.333ns})
  Destination:            u_soc/u_dbg/req_sync_reg[0]/D
                            (rising edge-triggered cell FDCE clocked by clk  {rise@0.000ns fall@3.333ns period=9.999ns})
  Path Group:             (none)
  Path Type:              Hold (Min at Fast Process Corner)
  Data Path Delay:        0.098ns  (logic 0.039ns (39.639%)  route 0.059ns (60.361%))
  Logic Levels:           0  
  Clock Path Skew:        -0.161ns (DCD - SCD - CPR)
    Destination Clock Delay (DCD):    1.871ns
    Source Clock Delay      (SCD):    2.032ns
    Clock Pessimism Removal (CPR):    -0.000ns
  Clock Uncertainty:      0.035ns  ((TSJ^2 + TIJ^2)^1/2 + DJ) / 2 + PE
    Total System Jitter     (TSJ):    0.071ns
    Total Input Jitter      (TIJ):    0.000ns
    Discrete Jitter          (DJ):    0.000ns
    Phase Error              (PE):    0.000ns
  Clock Net Delay (Source):      1.053ns (routing 0.586ns, distribution 0.467ns)
  Clock Net Delay (Destination): 1.057ns (routing 0.475ns, distribution 0.582ns)
  Timing Exception:       Asynchronous Clock Groups

    Location             Delay type                Incr(ns)  Path(ns)    Netlist Resource(s)
  -------------------------------------------------------------------    -------------------
                         (clock jtag_tck rise edge)
                                                      0.000     0.000 r  
    CONFIG_SITE_X0Y0     BSCANE2                      0.000     0.000 r  u_bscan/TCK
                         net (fo=1, routed)           0.962     0.962    bs_tck
    BUFGCE_X1Y115        BUFGCE (Prop_BUFCE_BUFGCE_I_O)
                                                      0.017     0.979 r  u_tck_bufg/O
    X3Y3 (CLOCK_ROOT)    net (fo=118, routed)         1.053     2.032    u_soc/u_dbg/bs_tck_buf
    SLICE_X99Y214        FDCE                                         r  u_soc/u_dbg/req_toggle_reg/C
  -------------------------------------------------------------------    -------------------
    SLICE_X99Y214        FDCE (Prop_HFF2_SLICEL_C_Q)
                                                      0.039     2.071 r  u_soc/u_dbg/req_toggle_reg/Q
                         net (fo=4, routed)           0.059     2.130    u_soc/u_dbg/req_toggle_reg_n_0
    SLICE_X99Y215        FDCE                                         r  u_soc/u_dbg/req_sync_reg[0]/D
  -------------------------------------------------------------------    -------------------

                         (clock clk rise edge)        0.000     0.000 r  
    AH18                                              0.000     0.000 r  clk300_p (IN)
                         net (fo=0)                   0.100     0.100    u_ibufds/I
    HPIOBDIFFINBUF_X1Y36 DIFFINBUF (Prop_DIFFINBUF_HPIOBDIFFINBUF_DIFF_IN_P_O)
                                                      0.382     0.482 r  u_ibufds/DIFFINBUF_INST/O
                         net (fo=1, routed)           0.050     0.532    u_ibufds/OUT
    AH18                 IBUFCTRL (Prop_IBUFCTRL_HPIOB_M_I_O)
                                                      0.000     0.532 r  u_ibufds/IBUFCTRL_INST/O
                         net (fo=1, routed)           0.180     0.712    clk_ref
    BUFGCE_DIV_X1Y5      BUFGCE_DIV (Prop_BUFGCE_DIV_I_O)
                                                      0.101     0.813 r  u_div/O
    X2Y3 (CLOCK_ROOT)    net (fo=973, routed)         1.057     1.871    u_soc/u_dbg/clk
    SLICE_X99Y215        FDCE                                         r  u_soc/u_dbg/req_sync_reg[0]/C

Slack:                    inf
  Source:                 u_soc/u_dbg/req_addr_reg[28]/C
                            (rising edge-triggered cell FDCE clocked by jtag_tck  {rise@0.000ns fall@16.667ns period=33.333ns})
  Destination:            u_soc/u_dbg/m_axi_araddr_reg[28]/D
                            (rising edge-triggered cell FDCE clocked by clk  {rise@0.000ns fall@3.333ns period=9.999ns})
  Path Group:             (none)
  Path Type:              Hold (Min at Fast Process Corner)
  Data Path Delay:        0.102ns  (logic 0.039ns (38.200%)  route 0.063ns (61.800%))
  Logic Levels:           0  
  Clock Path Skew:        -0.160ns (DCD - SCD - CPR)
    Destination Clock Delay (DCD):    1.871ns
    Source Clock Delay      (SCD):    2.031ns
    Clock Pessimism Removal (CPR):    -0.000ns
  Clock Uncertainty:      0.035ns  ((TSJ^2 + TIJ^2)^1/2 + DJ) / 2 + PE
    Total System Jitter     (TSJ):    0.071ns
    Total Input Jitter      (TIJ):    0.000ns
    Discrete Jitter          (DJ):    0.000ns
    Phase Error              (PE):    0.000ns
  Clock Net Delay (Source):      1.052ns (routing 0.586ns, distribution 0.466ns)
  Clock Net Delay (Destination): 1.057ns (routing 0.475ns, distribution 0.582ns)
  Timing Exception:       Asynchronous Clock Groups

    Location             Delay type                Incr(ns)  Path(ns)    Netlist Resource(s)
  -------------------------------------------------------------------    -------------------
                         (clock jtag_tck rise edge)
                                                      0.000     0.000 r  
    CONFIG_SITE_X0Y0     BSCANE2                      0.000     0.000 r  u_bscan/TCK
                         net (fo=1, routed)           0.962     0.962    bs_tck
    BUFGCE_X1Y115        BUFGCE (Prop_BUFCE_BUFGCE_I_O)
                                                      0.017     0.979 r  u_tck_bufg/O
    X3Y3 (CLOCK_ROOT)    net (fo=118, routed)         1.052     2.031    u_soc/u_dbg/bs_tck_buf
    SLICE_X95Y217        FDCE                                         r  u_soc/u_dbg/req_addr_reg[28]/C
  -------------------------------------------------------------------    -------------------
    SLICE_X95Y217        FDCE (Prop_AFF_SLICEL_C_Q)
                                                      0.039     2.070 r  u_soc/u_dbg/req_addr_reg[28]/Q
                         net (fo=2, routed)           0.063     2.133    u_soc/u_dbg/req_addr[28]
    SLICE_X95Y217        FDCE                                         r  u_soc/u_dbg/m_axi_araddr_reg[28]/D
  -------------------------------------------------------------------    -------------------

                         (clock clk rise edge)        0.000     0.000 r  
    AH18                                              0.000     0.000 r  clk300_p (IN)
                         net (fo=0)                   0.100     0.100    u_ibufds/I
    HPIOBDIFFINBUF_X1Y36 DIFFINBUF (Prop_DIFFINBUF_HPIOBDIFFINBUF_DIFF_IN_P_O)
                                                      0.382     0.482 r  u_ibufds/DIFFINBUF_INST/O
                         net (fo=1, routed)           0.050     0.532    u_ibufds/OUT
    AH18                 IBUFCTRL (Prop_IBUFCTRL_HPIOB_M_I_O)
                                                      0.000     0.532 r  u_ibufds/IBUFCTRL_INST/O
                         net (fo=1, routed)           0.180     0.712    clk_ref
    BUFGCE_DIV_X1Y5      BUFGCE_DIV (Prop_BUFGCE_DIV_I_O)
                                                      0.101     0.813 r  u_div/O
    X2Y3 (CLOCK_ROOT)    net (fo=973, routed)         1.057     1.871    u_soc/u_dbg/clk
    SLICE_X95Y217        FDCE                                         r  u_soc/u_dbg/m_axi_araddr_reg[28]/C

Slack:                    inf
  Source:                 u_soc/u_dbg/req_addr_reg[7]/C
                            (rising edge-triggered cell FDCE clocked by jtag_tck  {rise@0.000ns fall@16.667ns period=33.333ns})
  Destination:            u_soc/u_dbg/m_axi_araddr_reg[7]/D
                            (rising edge-triggered cell FDCE clocked by clk  {rise@0.000ns fall@3.333ns period=9.999ns})
  Path Group:             (none)
  Path Type:              Hold (Min at Fast Process Corner)
  Data Path Delay:        0.108ns  (logic 0.039ns (36.217%)  route 0.069ns (63.783%))
  Logic Levels:           0  
  Clock Path Skew:        -0.158ns (DCD - SCD - CPR)
    Destination Clock Delay (DCD):    1.871ns
    Source Clock Delay      (SCD):    2.029ns
    Clock Pessimism Removal (CPR):    -0.000ns
  Clock Uncertainty:      0.035ns  ((TSJ^2 + TIJ^2)^1/2 + DJ) / 2 + PE
    Total System Jitter     (TSJ):    0.071ns
    Total Input Jitter      (TIJ):    0.000ns
    Discrete Jitter          (DJ):    0.000ns
    Phase Error              (PE):    0.000ns
  Clock Net Delay (Source):      1.050ns (routing 0.586ns, distribution 0.464ns)
  Clock Net Delay (Destination): 1.058ns (routing 0.475ns, distribution 0.583ns)
  Timing Exception:       Asynchronous Clock Groups

    Location             Delay type                Incr(ns)  Path(ns)    Netlist Resource(s)
  -------------------------------------------------------------------    -------------------
                         (clock jtag_tck rise edge)
                                                      0.000     0.000 r  
    CONFIG_SITE_X0Y0     BSCANE2                      0.000     0.000 r  u_bscan/TCK
                         net (fo=1, routed)           0.962     0.962    bs_tck
    BUFGCE_X1Y115        BUFGCE (Prop_BUFCE_BUFGCE_I_O)
                                                      0.017     0.979 r  u_tck_bufg/O
    X3Y3 (CLOCK_ROOT)    net (fo=118, routed)         1.050     2.029    u_soc/u_dbg/bs_tck_buf
    SLICE_X98Y219        FDCE                                         r  u_soc/u_dbg/req_addr_reg[7]/C
  -------------------------------------------------------------------    -------------------
    SLICE_X98Y219        FDCE (Prop_BFF_SLICEL_C_Q)
                                                      0.039     2.068 r  u_soc/u_dbg/req_addr_reg[7]/Q
                         net (fo=2, routed)           0.069     2.137    u_soc/u_dbg/req_addr[7]
    SLICE_X98Y219        FDCE                                         r  u_soc/u_dbg/m_axi_araddr_reg[7]/D
  -------------------------------------------------------------------    -------------------

                         (clock clk rise edge)        0.000     0.000 r  
    AH18                                              0.000     0.000 r  clk300_p (IN)
                         net (fo=0)                   0.100     0.100    u_ibufds/I
    HPIOBDIFFINBUF_X1Y36 DIFFINBUF (Prop_DIFFINBUF_HPIOBDIFFINBUF_DIFF_IN_P_O)
                                                      0.382     0.482 r  u_ibufds/DIFFINBUF_INST/O
                         net (fo=1, routed)           0.050     0.532    u_ibufds/OUT
    AH18                 IBUFCTRL (Prop_IBUFCTRL_HPIOB_M_I_O)
                                                      0.000     0.532 r  u_ibufds/IBUFCTRL_INST/O
                         net (fo=1, routed)           0.180     0.712    clk_ref
    BUFGCE_DIV_X1Y5      BUFGCE_DIV (Prop_BUFGCE_DIV_I_O)
                                                      0.101     0.813 r  u_div/O
    X2Y3 (CLOCK_ROOT)    net (fo=973, routed)         1.058     1.871    u_soc/u_dbg/clk
    SLICE_X98Y219        FDCE                                         r  u_soc/u_dbg/m_axi_araddr_reg[7]/C

Slack:                    inf
  Source:                 u_soc/u_dbg/req_addr_reg[8]/C
                            (rising edge-triggered cell FDCE clocked by jtag_tck  {rise@0.000ns fall@16.667ns period=33.333ns})
  Destination:            u_soc/u_dbg/m_axi_awaddr_reg[8]/D
                            (rising edge-triggered cell FDCE clocked by clk  {rise@0.000ns fall@3.333ns period=9.999ns})
  Path Group:             (none)
  Path Type:              Hold (Min at Fast Process Corner)
  Data Path Delay:        0.110ns  (logic 0.040ns (36.469%)  route 0.070ns (63.531%))
  Logic Levels:           0  
  Clock Path Skew:        -0.144ns (DCD - SCD - CPR)
    Destination Clock Delay (DCD):    1.885ns
    Source Clock Delay      (SCD):    2.029ns
    Clock Pessimism Removal (CPR):    -0.000ns
  Clock Uncertainty:      0.035ns  ((TSJ^2 + TIJ^2)^1/2 + DJ) / 2 + PE
    Total System Jitter     (TSJ):    0.071ns
    Total Input Jitter      (TIJ):    0.000ns
    Discrete Jitter          (DJ):    0.000ns
    Phase Error              (PE):    0.000ns
  Clock Net Delay (Source):      1.050ns (routing 0.586ns, distribution 0.464ns)
  Clock Net Delay (Destination): 1.072ns (routing 0.475ns, distribution 0.597ns)
  Timing Exception:       Asynchronous Clock Groups

    Location             Delay type                Incr(ns)  Path(ns)    Netlist Resource(s)
  -------------------------------------------------------------------    -------------------
                         (clock jtag_tck rise edge)
                                                      0.000     0.000 r  
    CONFIG_SITE_X0Y0     BSCANE2                      0.000     0.000 r  u_bscan/TCK
                         net (fo=1, routed)           0.962     0.962    bs_tck
    BUFGCE_X1Y115        BUFGCE (Prop_BUFCE_BUFGCE_I_O)
                                                      0.017     0.979 r  u_tck_bufg/O
    X3Y3 (CLOCK_ROOT)    net (fo=118, routed)         1.050     2.029    u_soc/u_dbg/bs_tck_buf
    SLICE_X98Y219        FDCE                                         r  u_soc/u_dbg/req_addr_reg[8]/C
  -------------------------------------------------------------------    -------------------
    SLICE_X98Y219        FDCE (Prop_BFF2_SLICEL_C_Q)
                                                      0.040     2.069 r  u_soc/u_dbg/req_addr_reg[8]/Q
                         net (fo=2, routed)           0.070     2.139    u_soc/u_dbg/req_addr[8]
    SLICE_X98Y221        FDCE                                         r  u_soc/u_dbg/m_axi_awaddr_reg[8]/D
  -------------------------------------------------------------------    -------------------

                         (clock clk rise edge)        0.000     0.000 r  
    AH18                                              0.000     0.000 r  clk300_p (IN)
                         net (fo=0)                   0.100     0.100    u_ibufds/I
    HPIOBDIFFINBUF_X1Y36 DIFFINBUF (Prop_DIFFINBUF_HPIOBDIFFINBUF_DIFF_IN_P_O)
                                                      0.382     0.482 r  u_ibufds/DIFFINBUF_INST/O
                         net (fo=1, routed)           0.050     0.532    u_ibufds/OUT
    AH18                 IBUFCTRL (Prop_IBUFCTRL_HPIOB_M_I_O)
                                                      0.000     0.532 r  u_ibufds/IBUFCTRL_INST/O
                         net (fo=1, routed)           0.180     0.712    clk_ref
    BUFGCE_DIV_X1Y5      BUFGCE_DIV (Prop_BUFGCE_DIV_I_O)
                                                      0.101     0.813 r  u_div/O
    X2Y3 (CLOCK_ROOT)    net (fo=973, routed)         1.072     1.885    u_soc/u_dbg/clk
    SLICE_X98Y221        FDCE                                         r  u_soc/u_dbg/m_axi_awaddr_reg[8]/C

Slack:                    inf
  Source:                 u_soc/u_dbg/req_data_reg[1]/C
                            (rising edge-triggered cell FDCE clocked by jtag_tck  {rise@0.000ns fall@16.667ns period=33.333ns})
  Destination:            u_soc/u_dbg/m_axi_wdata_reg[1]/D
                            (rising edge-triggered cell FDCE clocked by clk  {rise@0.000ns fall@3.333ns period=9.999ns})
  Path Group:             (none)
  Path Type:              Hold (Min at Fast Process Corner)
  Data Path Delay:        0.114ns  (logic 0.039ns (34.306%)  route 0.075ns (65.694%))
  Logic Levels:           0  
  Clock Path Skew:        -0.162ns (DCD - SCD - CPR)
    Destination Clock Delay (DCD):    1.867ns
    Source Clock Delay      (SCD):    2.029ns
    Clock Pessimism Removal (CPR):    -0.000ns
  Clock Uncertainty:      0.035ns  ((TSJ^2 + TIJ^2)^1/2 + DJ) / 2 + PE
    Total System Jitter     (TSJ):    0.071ns
    Total Input Jitter      (TIJ):    0.000ns
    Discrete Jitter          (DJ):    0.000ns
    Phase Error              (PE):    0.000ns
  Clock Net Delay (Source):      1.050ns (routing 0.586ns, distribution 0.464ns)
  Clock Net Delay (Destination): 1.053ns (routing 0.475ns, distribution 0.578ns)
  Timing Exception:       Asynchronous Clock Groups

    Location             Delay type                Incr(ns)  Path(ns)    Netlist Resource(s)
  -------------------------------------------------------------------    -------------------
                         (clock jtag_tck rise edge)
                                                      0.000     0.000 r  
    CONFIG_SITE_X0Y0     BSCANE2                      0.000     0.000 r  u_bscan/TCK
                         net (fo=1, routed)           0.962     0.962    bs_tck
    BUFGCE_X1Y115        BUFGCE (Prop_BUFCE_BUFGCE_I_O)
                                                      0.017     0.979 r  u_tck_bufg/O
    X3Y3 (CLOCK_ROOT)    net (fo=118, routed)         1.050     2.029    u_soc/u_dbg/bs_tck_buf
    SLICE_X97Y216        FDCE                                         r  u_soc/u_dbg/req_data_reg[1]/C
  -------------------------------------------------------------------    -------------------
    SLICE_X97Y216        FDCE (Prop_AFF_SLICEL_C_Q)
                                                      0.039     2.068 r  u_soc/u_dbg/req_data_reg[1]/Q
                         net (fo=2, routed)           0.075     2.143    u_soc/u_dbg/req_data[1]
    SLICE_X96Y216        FDCE                                         r  u_soc/u_dbg/m_axi_wdata_reg[1]/D
  -------------------------------------------------------------------    -------------------

                         (clock clk rise edge)        0.000     0.000 r  
    AH18                                              0.000     0.000 r  clk300_p (IN)
                         net (fo=0)                   0.100     0.100    u_ibufds/I
    HPIOBDIFFINBUF_X1Y36 DIFFINBUF (Prop_DIFFINBUF_HPIOBDIFFINBUF_DIFF_IN_P_O)
                                                      0.382     0.482 r  u_ibufds/DIFFINBUF_INST/O
                         net (fo=1, routed)           0.050     0.532    u_ibufds/OUT
    AH18                 IBUFCTRL (Prop_IBUFCTRL_HPIOB_M_I_O)
                                                      0.000     0.532 r  u_ibufds/IBUFCTRL_INST/O
                         net (fo=1, routed)           0.180     0.712    clk_ref
    BUFGCE_DIV_X1Y5      BUFGCE_DIV (Prop_BUFGCE_DIV_I_O)
                                                      0.101     0.813 r  u_div/O
    X2Y3 (CLOCK_ROOT)    net (fo=973, routed)         1.053     1.867    u_soc/u_dbg/clk
    SLICE_X96Y216        FDCE                                         r  u_soc/u_dbg/m_axi_wdata_reg[1]/C

Slack:                    inf
  Source:                 u_soc/u_dbg/req_data_reg[19]/C
                            (rising edge-triggered cell FDCE clocked by jtag_tck  {rise@0.000ns fall@16.667ns period=33.333ns})
  Destination:            u_soc/u_dbg/m_axi_wdata_reg[19]/D
                            (rising edge-triggered cell FDCE clocked by clk  {rise@0.000ns fall@3.333ns period=9.999ns})
  Path Group:             (none)
  Path Type:              Hold (Min at Fast Process Corner)
  Data Path Delay:        0.112ns  (logic 0.038ns (33.929%)  route 0.074ns (66.071%))
  Logic Levels:           0  
  Clock Path Skew:        -0.170ns (DCD - SCD - CPR)
    Destination Clock Delay (DCD):    1.864ns
    Source Clock Delay      (SCD):    2.034ns
    Clock Pessimism Removal (CPR):    -0.000ns
  Clock Uncertainty:      0.035ns  ((TSJ^2 + TIJ^2)^1/2 + DJ) / 2 + PE
    Total System Jitter     (TSJ):    0.071ns
    Total Input Jitter      (TIJ):    0.000ns
    Discrete Jitter          (DJ):    0.000ns
    Phase Error              (PE):    0.000ns
  Clock Net Delay (Source):      1.055ns (routing 0.586ns, distribution 0.469ns)
  Clock Net Delay (Destination): 1.051ns (routing 0.475ns, distribution 0.576ns)
  Timing Exception:       Asynchronous Clock Groups

    Location             Delay type                Incr(ns)  Path(ns)    Netlist Resource(s)
  -------------------------------------------------------------------    -------------------
                         (clock jtag_tck rise edge)
                                                      0.000     0.000 r  
    CONFIG_SITE_X0Y0     BSCANE2                      0.000     0.000 r  u_bscan/TCK
                         net (fo=1, routed)           0.962     0.962    bs_tck
    BUFGCE_X1Y115        BUFGCE (Prop_BUFCE_BUFGCE_I_O)
                                                      0.017     0.979 r  u_tck_bufg/O
    X3Y3 (CLOCK_ROOT)    net (fo=118, routed)         1.055     2.034    u_soc/u_dbg/bs_tck_buf
    SLICE_X96Y219        FDCE                                         r  u_soc/u_dbg/req_data_reg[19]/C
  -------------------------------------------------------------------    -------------------
    SLICE_X96Y219        FDCE (Prop_BFF_SLICEM_C_Q)
                                                      0.038     2.072 r  u_soc/u_dbg/req_data_reg[19]/Q
                         net (fo=1, routed)           0.074     2.146    u_soc/u_dbg/req_data[19]
    SLICE_X96Y219        FDCE                                         r  u_soc/u_dbg/m_axi_wdata_reg[19]/D
  -------------------------------------------------------------------    -------------------

                         (clock clk rise edge)        0.000     0.000 r  
    AH18                                              0.000     0.000 r  clk300_p (IN)
                         net (fo=0)                   0.100     0.100    u_ibufds/I
    HPIOBDIFFINBUF_X1Y36 DIFFINBUF (Prop_DIFFINBUF_HPIOBDIFFINBUF_DIFF_IN_P_O)
                                                      0.382     0.482 r  u_ibufds/DIFFINBUF_INST/O
                         net (fo=1, routed)           0.050     0.532    u_ibufds/OUT
    AH18                 IBUFCTRL (Prop_IBUFCTRL_HPIOB_M_I_O)
                                                      0.000     0.532 r  u_ibufds/IBUFCTRL_INST/O
                         net (fo=1, routed)           0.180     0.712    clk_ref
    BUFGCE_DIV_X1Y5      BUFGCE_DIV (Prop_BUFGCE_DIV_I_O)
                                                      0.101     0.813 r  u_div/O
    X2Y3 (CLOCK_ROOT)    net (fo=973, routed)         1.051     1.864    u_soc/u_dbg/clk
    SLICE_X96Y219        FDCE                                         r  u_soc/u_dbg/m_axi_wdata_reg[19]/C

Slack:                    inf
  Source:                 u_soc/u_dbg/req_data_reg[1]/C
                            (rising edge-triggered cell FDCE clocked by jtag_tck  {rise@0.000ns fall@16.667ns period=33.333ns})
  Destination:            u_soc/u_dbg/dbg_core_rst_reg/D
                            (rising edge-triggered cell FDCE clocked by clk  {rise@0.000ns fall@3.333ns period=9.999ns})
  Path Group:             (none)
  Path Type:              Hold (Min at Fast Process Corner)
  Data Path Delay:        0.121ns  (logic 0.039ns (32.316%)  route 0.082ns (67.684%))
  Logic Levels:           0  
  Clock Path Skew:        -0.151ns (DCD - SCD - CPR)
    Destination Clock Delay (DCD):    1.878ns
    Source Clock Delay      (SCD):    2.029ns
    Clock Pessimism Removal (CPR):    -0.000ns
  Clock Uncertainty:      0.035ns  ((TSJ^2 + TIJ^2)^1/2 + DJ) / 2 + PE
    Total System Jitter     (TSJ):    0.071ns
    Total Input Jitter      (TIJ):    0.000ns
    Discrete Jitter          (DJ):    0.000ns
    Phase Error              (PE):    0.000ns
  Clock Net Delay (Source):      1.050ns (routing 0.586ns, distribution 0.464ns)
  Clock Net Delay (Destination): 1.065ns (routing 0.475ns, distribution 0.590ns)
  Timing Exception:       Asynchronous Clock Groups

    Location             Delay type                Incr(ns)  Path(ns)    Netlist Resource(s)
  -------------------------------------------------------------------    -------------------
                         (clock jtag_tck rise edge)
                                                      0.000     0.000 r  
    CONFIG_SITE_X0Y0     BSCANE2                      0.000     0.000 r  u_bscan/TCK
                         net (fo=1, routed)           0.962     0.962    bs_tck
    BUFGCE_X1Y115        BUFGCE (Prop_BUFCE_BUFGCE_I_O)
                                                      0.017     0.979 r  u_tck_bufg/O
    X3Y3 (CLOCK_ROOT)    net (fo=118, routed)         1.050     2.029    u_soc/u_dbg/bs_tck_buf
    SLICE_X97Y216        FDCE                                         r  u_soc/u_dbg/req_data_reg[1]/C
  -------------------------------------------------------------------    -------------------
    SLICE_X97Y216        FDCE (Prop_AFF_SLICEL_C_Q)
                                                      0.039     2.068 r  u_soc/u_dbg/req_data_reg[1]/Q
                         net (fo=2, routed)           0.082     2.150    u_soc/u_dbg/req_data[1]
    SLICE_X98Y216        FDCE                                         r  u_soc/u_dbg/dbg_core_rst_reg/D
  -------------------------------------------------------------------    -------------------

                         (clock clk rise edge)        0.000     0.000 r  
    AH18                                              0.000     0.000 r  clk300_p (IN)
                         net (fo=0)                   0.100     0.100    u_ibufds/I
    HPIOBDIFFINBUF_X1Y36 DIFFINBUF (Prop_DIFFINBUF_HPIOBDIFFINBUF_DIFF_IN_P_O)
                                                      0.382     0.482 r  u_ibufds/DIFFINBUF_INST/O
                         net (fo=1, routed)           0.050     0.532    u_ibufds/OUT
    AH18                 IBUFCTRL (Prop_IBUFCTRL_HPIOB_M_I_O)
                                                      0.000     0.532 r  u_ibufds/IBUFCTRL_INST/O
                         net (fo=1, routed)           0.180     0.712    clk_ref
    BUFGCE_DIV_X1Y5      BUFGCE_DIV (Prop_BUFGCE_DIV_I_O)
                                                      0.101     0.813 r  u_div/O
    X2Y3 (CLOCK_ROOT)    net (fo=973, routed)         1.065     1.878    u_soc/u_dbg/clk
    SLICE_X98Y216        FDCE                                         r  u_soc/u_dbg/dbg_core_rst_reg/C

Slack:                    inf
  Source:                 u_soc/u_dbg/req_data_reg[20]/C
                            (rising edge-triggered cell FDCE clocked by jtag_tck  {rise@0.000ns fall@16.667ns period=33.333ns})
  Destination:            u_soc/u_dbg/m_axi_wdata_reg[20]/D
                            (rising edge-triggered cell FDCE clocked by clk  {rise@0.000ns fall@3.333ns period=9.999ns})
  Path Group:             (none)
  Path Type:              Hold (Min at Fast Process Corner)
  Data Path Delay:        0.122ns  (logic 0.039ns (31.967%)  route 0.083ns (68.033%))
  Logic Levels:           0  
  Clock Path Skew:        -0.160ns (DCD - SCD - CPR)
    Destination Clock Delay (DCD):    1.871ns
    Source Clock Delay      (SCD):    2.031ns
    Clock Pessimism Removal (CPR):    -0.000ns
  Clock Uncertainty:      0.035ns  ((TSJ^2 + TIJ^2)^1/2 + DJ) / 2 + PE
    Total System Jitter     (TSJ):    0.071ns
    Total Input Jitter      (TIJ):    0.000ns
    Discrete Jitter          (DJ):    0.000ns
    Phase Error              (PE):    0.000ns
  Clock Net Delay (Source):      1.052ns (routing 0.586ns, distribution 0.466ns)
  Clock Net Delay (Destination): 1.057ns (routing 0.475ns, distribution 0.582ns)
  Timing Exception:       Asynchronous Clock Groups

    Location             Delay type                Incr(ns)  Path(ns)    Netlist Resource(s)
  -------------------------------------------------------------------    -------------------
                         (clock jtag_tck rise edge)
                                                      0.000     0.000 r  
    CONFIG_SITE_X0Y0     BSCANE2                      0.000     0.000 r  u_bscan/TCK
                         net (fo=1, routed)           0.962     0.962    bs_tck
    BUFGCE_X1Y115        BUFGCE (Prop_BUFCE_BUFGCE_I_O)
                                                      0.017     0.979 r  u_tck_bufg/O
    X3Y3 (CLOCK_ROOT)    net (fo=118, routed)         1.052     2.031    u_soc/u_dbg/bs_tck_buf
    SLICE_X95Y217        FDCE                                         r  u_soc/u_dbg/req_data_reg[20]/C
  -------------------------------------------------------------------    -------------------
    SLICE_X95Y217        FDCE (Prop_BFF_SLICEL_C_Q)
                                                      0.039     2.070 r  u_soc/u_dbg/req_data_reg[20]/Q
                         net (fo=1, routed)           0.083     2.153    u_soc/u_dbg/req_data[20]
    SLICE_X95Y217        FDCE                                         r  u_soc/u_dbg/m_axi_wdata_reg[20]/D
  -------------------------------------------------------------------    -------------------

                         (clock clk rise edge)        0.000     0.000 r  
    AH18                                              0.000     0.000 r  clk300_p (IN)
                         net (fo=0)                   0.100     0.100    u_ibufds/I
    HPIOBDIFFINBUF_X1Y36 DIFFINBUF (Prop_DIFFINBUF_HPIOBDIFFINBUF_DIFF_IN_P_O)
                                                      0.382     0.482 r  u_ibufds/DIFFINBUF_INST/O
                         net (fo=1, routed)           0.050     0.532    u_ibufds/OUT
    AH18                 IBUFCTRL (Prop_IBUFCTRL_HPIOB_M_I_O)
                                                      0.000     0.532 r  u_ibufds/IBUFCTRL_INST/O
                         net (fo=1, routed)           0.180     0.712    clk_ref
    BUFGCE_DIV_X1Y5      BUFGCE_DIV (Prop_BUFGCE_DIV_I_O)
                                                      0.101     0.813 r  u_div/O
    X2Y3 (CLOCK_ROOT)    net (fo=973, routed)         1.057     1.871    u_soc/u_dbg/clk
    SLICE_X95Y217        FDCE                                         r  u_soc/u_dbg/m_axi_wdata_reg[20]/C





--------------------------------------------------------------------------------------
Path Group:  (none)
From Clock:  clk
  To Clock:  jtag_tck

Max Delay           154 Endpoints
Min Delay           154 Endpoints
--------------------------------------------------------------------------------------


Max Delay Paths
--------------------------------------------------------------------------------------
Slack:                    inf
  Source:                 u_soc/rst_n_reg/C
                            (rising edge-triggered cell FDCE clocked by clk  {rise@0.000ns fall@3.333ns period=9.999ns})
  Destination:            u_soc/u_dbg/dr_reg[25]/CLR
                            (recovery check against rising-edge clock jtag_tck  {rise@0.000ns fall@16.667ns period=33.333ns})
  Path Group:             (none)
  Path Type:              Recovery (Max at Slow Process Corner)
  Data Path Delay:        1.218ns  (logic 0.079ns (6.489%)  route 1.139ns (93.511%))
  Logic Levels:           0  
  Clock Path Skew:        0.078ns (DCD - SCD + CPR)
    Destination Clock Delay (DCD):    2.965ns
    Source Clock Delay      (SCD):    2.887ns
    Clock Pessimism Removal (CPR):    0.000ns
  Clock Uncertainty:      0.035ns  ((TSJ^2 + TIJ^2)^1/2 + DJ) / 2 + PE
    Total System Jitter     (TSJ):    0.071ns
    Total Input Jitter      (TIJ):    0.000ns
    Discrete Jitter          (DJ):    0.000ns
    Phase Error              (PE):    0.000ns
  Clock Net Delay (Source):      1.738ns (routing 0.766ns, distribution 0.972ns)
  Clock Net Delay (Destination): 1.701ns (routing 0.978ns, distribution 0.723ns)
  Timing Exception:       Asynchronous Clock Groups

    Location             Delay type                Incr(ns)  Path(ns)    Netlist Resource(s)
  -------------------------------------------------------------------    -------------------
                         (clock clk rise edge)        0.000     0.000 r  
    AH18                                              0.000     0.000 r  clk300_p (IN)
                         net (fo=0)                   0.100     0.100    u_ibufds/I
    HPIOBDIFFINBUF_X1Y36 DIFFINBUF (Prop_DIFFINBUF_HPIOBDIFFINBUF_DIFF_IN_P_O)
                                                      0.525     0.625 r  u_ibufds/DIFFINBUF_INST/O
                         net (fo=1, routed)           0.050     0.675    u_ibufds/OUT
    AH18                 IBUFCTRL (Prop_IBUFCTRL_HPIOB_M_I_O)
                                                      0.000     0.675 r  u_ibufds/IBUFCTRL_INST/O
                         net (fo=1, routed)           0.322     0.997    clk_ref
    BUFGCE_DIV_X1Y5      BUFGCE_DIV (Prop_BUFGCE_DIV_I_O)
                                                      0.152     1.149 r  u_div/O
    X2Y3 (CLOCK_ROOT)    net (fo=973, routed)         1.738     2.887    u_soc/clk
    SLICE_X98Y241        FDCE                                         r  u_soc/rst_n_reg/C
  -------------------------------------------------------------------    -------------------
    SLICE_X98Y241        FDCE (Prop_EFF_SLICEL_C_Q)
                                                      0.079     2.966 r  u_soc/rst_n_reg/Q
                         net (fo=496, routed)         1.139     4.105    u_soc/u_dbg/rst_n
    SLICE_X92Y217        FDCE                                         f  u_soc/u_dbg/dr_reg[25]/CLR  (IS_INVERTED)
  -------------------------------------------------------------------    -------------------

                         (clock jtag_tck rise edge)
                                                      0.000     0.000 r  
    CONFIG_SITE_X0Y0     BSCANE2                      0.000     0.000 r  u_bscan/TCK
                         net (fo=1, routed)           1.240     1.240    bs_tck
    BUFGCE_X1Y115        BUFGCE (Prop_BUFCE_BUFGCE_I_O)
                                                      0.024     1.264 r  u_tck_bufg/O
    X3Y3 (CLOCK_ROOT)    net (fo=118, routed)         1.701     2.965    u_soc/u_dbg/bs_tck_buf
    SLICE_X92Y217        FDCE                                         r  u_soc/u_dbg/dr_reg[25]/C

Slack:                    inf
  Source:                 u_soc/rst_n_reg/C
                            (rising edge-triggered cell FDCE clocked by clk  {rise@0.000ns fall@3.333ns period=9.999ns})
  Destination:            u_soc/u_dbg/dr_reg[26]/CLR
                            (recovery check against rising-edge clock jtag_tck  {rise@0.000ns fall@16.667ns period=33.333ns})
  Path Group:             (none)
  Path Type:              Recovery (Max at Slow Process Corner)
  Data Path Delay:        1.218ns  (logic 0.079ns (6.489%)  route 1.139ns (93.511%))
  Logic Levels:           0  
  Clock Path Skew:        0.078ns (DCD - SCD + CPR)
    Destination Clock Delay (DCD):    2.965ns
    Source Clock Delay      (SCD):    2.887ns
    Clock Pessimism Removal (CPR):    0.000ns
  Clock Uncertainty:      0.035ns  ((TSJ^2 + TIJ^2)^1/2 + DJ) / 2 + PE
    Total System Jitter     (TSJ):    0.071ns
    Total Input Jitter      (TIJ):    0.000ns
    Discrete Jitter          (DJ):    0.000ns
    Phase Error              (PE):    0.000ns
  Clock Net Delay (Source):      1.738ns (routing 0.766ns, distribution 0.972ns)
  Clock Net Delay (Destination): 1.701ns (routing 0.978ns, distribution 0.723ns)
  Timing Exception:       Asynchronous Clock Groups

    Location             Delay type                Incr(ns)  Path(ns)    Netlist Resource(s)
  -------------------------------------------------------------------    -------------------
                         (clock clk rise edge)        0.000     0.000 r  
    AH18                                              0.000     0.000 r  clk300_p (IN)
                         net (fo=0)                   0.100     0.100    u_ibufds/I
    HPIOBDIFFINBUF_X1Y36 DIFFINBUF (Prop_DIFFINBUF_HPIOBDIFFINBUF_DIFF_IN_P_O)
                                                      0.525     0.625 r  u_ibufds/DIFFINBUF_INST/O
                         net (fo=1, routed)           0.050     0.675    u_ibufds/OUT
    AH18                 IBUFCTRL (Prop_IBUFCTRL_HPIOB_M_I_O)
                                                      0.000     0.675 r  u_ibufds/IBUFCTRL_INST/O
                         net (fo=1, routed)           0.322     0.997    clk_ref
    BUFGCE_DIV_X1Y5      BUFGCE_DIV (Prop_BUFGCE_DIV_I_O)
                                                      0.152     1.149 r  u_div/O
    X2Y3 (CLOCK_ROOT)    net (fo=973, routed)         1.738     2.887    u_soc/clk
    SLICE_X98Y241        FDCE                                         r  u_soc/rst_n_reg/C
  -------------------------------------------------------------------    -------------------
    SLICE_X98Y241        FDCE (Prop_EFF_SLICEL_C_Q)
                                                      0.079     2.966 r  u_soc/rst_n_reg/Q
                         net (fo=496, routed)         1.139     4.105    u_soc/u_dbg/rst_n
    SLICE_X92Y217        FDCE                                         f  u_soc/u_dbg/dr_reg[26]/CLR  (IS_INVERTED)
  -------------------------------------------------------------------    -------------------

                         (clock jtag_tck rise edge)
                                                      0.000     0.000 r  
    CONFIG_SITE_X0Y0     BSCANE2                      0.000     0.000 r  u_bscan/TCK
                         net (fo=1, routed)           1.240     1.240    bs_tck
    BUFGCE_X1Y115        BUFGCE (Prop_BUFCE_BUFGCE_I_O)
                                                      0.024     1.264 r  u_tck_bufg/O
    X3Y3 (CLOCK_ROOT)    net (fo=118, routed)         1.701     2.965    u_soc/u_dbg/bs_tck_buf
    SLICE_X92Y217        FDCE                                         r  u_soc/u_dbg/dr_reg[26]/C

Slack:                    inf
  Source:                 u_soc/rst_n_reg/C
                            (rising edge-triggered cell FDCE clocked by clk  {rise@0.000ns fall@3.333ns period=9.999ns})
  Destination:            u_soc/u_dbg/dr_reg[27]/CLR
                            (recovery check against rising-edge clock jtag_tck  {rise@0.000ns fall@16.667ns period=33.333ns})
  Path Group:             (none)
  Path Type:              Recovery (Max at Slow Process Corner)
  Data Path Delay:        1.218ns  (logic 0.079ns (6.489%)  route 1.139ns (93.511%))
  Logic Levels:           0  
  Clock Path Skew:        0.078ns (DCD - SCD + CPR)
    Destination Clock Delay (DCD):    2.965ns
    Source Clock Delay      (SCD):    2.887ns
    Clock Pessimism Removal (CPR):    0.000ns
  Clock Uncertainty:      0.035ns  ((TSJ^2 + TIJ^2)^1/2 + DJ) / 2 + PE
    Total System Jitter     (TSJ):    0.071ns
    Total Input Jitter      (TIJ):    0.000ns
    Discrete Jitter          (DJ):    0.000ns
    Phase Error              (PE):    0.000ns
  Clock Net Delay (Source):      1.738ns (routing 0.766ns, distribution 0.972ns)
  Clock Net Delay (Destination): 1.701ns (routing 0.978ns, distribution 0.723ns)
  Timing Exception:       Asynchronous Clock Groups

    Location             Delay type                Incr(ns)  Path(ns)    Netlist Resource(s)
  -------------------------------------------------------------------    -------------------
                         (clock clk rise edge)        0.000     0.000 r  
    AH18                                              0.000     0.000 r  clk300_p (IN)
                         net (fo=0)                   0.100     0.100    u_ibufds/I
    HPIOBDIFFINBUF_X1Y36 DIFFINBUF (Prop_DIFFINBUF_HPIOBDIFFINBUF_DIFF_IN_P_O)
                                                      0.525     0.625 r  u_ibufds/DIFFINBUF_INST/O
                         net (fo=1, routed)           0.050     0.675    u_ibufds/OUT
    AH18                 IBUFCTRL (Prop_IBUFCTRL_HPIOB_M_I_O)
                                                      0.000     0.675 r  u_ibufds/IBUFCTRL_INST/O
                         net (fo=1, routed)           0.322     0.997    clk_ref
    BUFGCE_DIV_X1Y5      BUFGCE_DIV (Prop_BUFGCE_DIV_I_O)
                                                      0.152     1.149 r  u_div/O
    X2Y3 (CLOCK_ROOT)    net (fo=973, routed)         1.738     2.887    u_soc/clk
    SLICE_X98Y241        FDCE                                         r  u_soc/rst_n_reg/C
  -------------------------------------------------------------------    -------------------
    SLICE_X98Y241        FDCE (Prop_EFF_SLICEL_C_Q)
                                                      0.079     2.966 r  u_soc/rst_n_reg/Q
                         net (fo=496, routed)         1.139     4.105    u_soc/u_dbg/rst_n
    SLICE_X92Y217        FDCE                                         f  u_soc/u_dbg/dr_reg[27]/CLR  (IS_INVERTED)
  -------------------------------------------------------------------    -------------------

                         (clock jtag_tck rise edge)
                                                      0.000     0.000 r  
    CONFIG_SITE_X0Y0     BSCANE2                      0.000     0.000 r  u_bscan/TCK
                         net (fo=1, routed)           1.240     1.240    bs_tck
    BUFGCE_X1Y115        BUFGCE (Prop_BUFCE_BUFGCE_I_O)
                                                      0.024     1.264 r  u_tck_bufg/O
    X3Y3 (CLOCK_ROOT)    net (fo=118, routed)         1.701     2.965    u_soc/u_dbg/bs_tck_buf
    SLICE_X92Y217        FDCE                                         r  u_soc/u_dbg/dr_reg[27]/C

Slack:                    inf
  Source:                 u_soc/rst_n_reg/C
                            (rising edge-triggered cell FDCE clocked by clk  {rise@0.000ns fall@3.333ns period=9.999ns})
  Destination:            u_soc/u_dbg/dr_reg[28]/CLR
                            (recovery check against rising-edge clock jtag_tck  {rise@0.000ns fall@16.667ns period=33.333ns})
  Path Group:             (none)
  Path Type:              Recovery (Max at Slow Process Corner)
  Data Path Delay:        1.218ns  (logic 0.079ns (6.489%)  route 1.139ns (93.511%))
  Logic Levels:           0  
  Clock Path Skew:        0.078ns (DCD - SCD + CPR)
    Destination Clock Delay (DCD):    2.965ns
    Source Clock Delay      (SCD):    2.887ns
    Clock Pessimism Removal (CPR):    0.000ns
  Clock Uncertainty:      0.035ns  ((TSJ^2 + TIJ^2)^1/2 + DJ) / 2 + PE
    Total System Jitter     (TSJ):    0.071ns
    Total Input Jitter      (TIJ):    0.000ns
    Discrete Jitter          (DJ):    0.000ns
    Phase Error              (PE):    0.000ns
  Clock Net Delay (Source):      1.738ns (routing 0.766ns, distribution 0.972ns)
  Clock Net Delay (Destination): 1.701ns (routing 0.978ns, distribution 0.723ns)
  Timing Exception:       Asynchronous Clock Groups

    Location             Delay type                Incr(ns)  Path(ns)    Netlist Resource(s)
  -------------------------------------------------------------------    -------------------
                         (clock clk rise edge)        0.000     0.000 r  
    AH18                                              0.000     0.000 r  clk300_p (IN)
                         net (fo=0)                   0.100     0.100    u_ibufds/I
    HPIOBDIFFINBUF_X1Y36 DIFFINBUF (Prop_DIFFINBUF_HPIOBDIFFINBUF_DIFF_IN_P_O)
                                                      0.525     0.625 r  u_ibufds/DIFFINBUF_INST/O
                         net (fo=1, routed)           0.050     0.675    u_ibufds/OUT
    AH18                 IBUFCTRL (Prop_IBUFCTRL_HPIOB_M_I_O)
                                                      0.000     0.675 r  u_ibufds/IBUFCTRL_INST/O
                         net (fo=1, routed)           0.322     0.997    clk_ref
    BUFGCE_DIV_X1Y5      BUFGCE_DIV (Prop_BUFGCE_DIV_I_O)
                                                      0.152     1.149 r  u_div/O
    X2Y3 (CLOCK_ROOT)    net (fo=973, routed)         1.738     2.887    u_soc/clk
    SLICE_X98Y241        FDCE                                         r  u_soc/rst_n_reg/C
  -------------------------------------------------------------------    -------------------
    SLICE_X98Y241        FDCE (Prop_EFF_SLICEL_C_Q)
                                                      0.079     2.966 r  u_soc/rst_n_reg/Q
                         net (fo=496, routed)         1.139     4.105    u_soc/u_dbg/rst_n
    SLICE_X92Y217        FDCE                                         f  u_soc/u_dbg/dr_reg[28]/CLR  (IS_INVERTED)
  -------------------------------------------------------------------    -------------------

                         (clock jtag_tck rise edge)
                                                      0.000     0.000 r  
    CONFIG_SITE_X0Y0     BSCANE2                      0.000     0.000 r  u_bscan/TCK
                         net (fo=1, routed)           1.240     1.240    bs_tck
    BUFGCE_X1Y115        BUFGCE (Prop_BUFCE_BUFGCE_I_O)
                                                      0.024     1.264 r  u_tck_bufg/O
    X3Y3 (CLOCK_ROOT)    net (fo=118, routed)         1.701     2.965    u_soc/u_dbg/bs_tck_buf
    SLICE_X92Y217        FDCE                                         r  u_soc/u_dbg/dr_reg[28]/C

Slack:                    inf
  Source:                 u_soc/rst_n_reg/C
                            (rising edge-triggered cell FDCE clocked by clk  {rise@0.000ns fall@3.333ns period=9.999ns})
  Destination:            u_soc/u_dbg/dr_reg[53]/CLR
                            (recovery check against rising-edge clock jtag_tck  {rise@0.000ns fall@16.667ns period=33.333ns})
  Path Group:             (none)
  Path Type:              Recovery (Max at Slow Process Corner)
  Data Path Delay:        1.218ns  (logic 0.079ns (6.489%)  route 1.139ns (93.511%))
  Logic Levels:           0  
  Clock Path Skew:        0.078ns (DCD - SCD + CPR)
    Destination Clock Delay (DCD):    2.965ns
    Source Clock Delay      (SCD):    2.887ns
    Clock Pessimism Removal (CPR):    0.000ns
  Clock Uncertainty:      0.035ns  ((TSJ^2 + TIJ^2)^1/2 + DJ) / 2 + PE
    Total System Jitter     (TSJ):    0.071ns
    Total Input Jitter      (TIJ):    0.000ns
    Discrete Jitter          (DJ):    0.000ns
    Phase Error              (PE):    0.000ns
  Clock Net Delay (Source):      1.738ns (routing 0.766ns, distribution 0.972ns)
  Clock Net Delay (Destination): 1.701ns (routing 0.978ns, distribution 0.723ns)
  Timing Exception:       Asynchronous Clock Groups

    Location             Delay type                Incr(ns)  Path(ns)    Netlist Resource(s)
  -------------------------------------------------------------------    -------------------
                         (clock clk rise edge)        0.000     0.000 r  
    AH18                                              0.000     0.000 r  clk300_p (IN)
                         net (fo=0)                   0.100     0.100    u_ibufds/I
    HPIOBDIFFINBUF_X1Y36 DIFFINBUF (Prop_DIFFINBUF_HPIOBDIFFINBUF_DIFF_IN_P_O)
                                                      0.525     0.625 r  u_ibufds/DIFFINBUF_INST/O
                         net (fo=1, routed)           0.050     0.675    u_ibufds/OUT
    AH18                 IBUFCTRL (Prop_IBUFCTRL_HPIOB_M_I_O)
                                                      0.000     0.675 r  u_ibufds/IBUFCTRL_INST/O
                         net (fo=1, routed)           0.322     0.997    clk_ref
    BUFGCE_DIV_X1Y5      BUFGCE_DIV (Prop_BUFGCE_DIV_I_O)
                                                      0.152     1.149 r  u_div/O
    X2Y3 (CLOCK_ROOT)    net (fo=973, routed)         1.738     2.887    u_soc/clk
    SLICE_X98Y241        FDCE                                         r  u_soc/rst_n_reg/C
  -------------------------------------------------------------------    -------------------
    SLICE_X98Y241        FDCE (Prop_EFF_SLICEL_C_Q)
                                                      0.079     2.966 r  u_soc/rst_n_reg/Q
                         net (fo=496, routed)         1.139     4.105    u_soc/u_dbg/rst_n
    SLICE_X92Y217        FDCE                                         f  u_soc/u_dbg/dr_reg[53]/CLR  (IS_INVERTED)
  -------------------------------------------------------------------    -------------------

                         (clock jtag_tck rise edge)
                                                      0.000     0.000 r  
    CONFIG_SITE_X0Y0     BSCANE2                      0.000     0.000 r  u_bscan/TCK
                         net (fo=1, routed)           1.240     1.240    bs_tck
    BUFGCE_X1Y115        BUFGCE (Prop_BUFCE_BUFGCE_I_O)
                                                      0.024     1.264 r  u_tck_bufg/O
    X3Y3 (CLOCK_ROOT)    net (fo=118, routed)         1.701     2.965    u_soc/u_dbg/bs_tck_buf
    SLICE_X92Y217        FDCE                                         r  u_soc/u_dbg/dr_reg[53]/C

Slack:                    inf
  Source:                 u_soc/rst_n_reg/C
                            (rising edge-triggered cell FDCE clocked by clk  {rise@0.000ns fall@3.333ns period=9.999ns})
  Destination:            u_soc/u_dbg/dr_reg[54]/CLR
                            (recovery check against rising-edge clock jtag_tck  {rise@0.000ns fall@16.667ns period=33.333ns})
  Path Group:             (none)
  Path Type:              Recovery (Max at Slow Process Corner)
  Data Path Delay:        1.218ns  (logic 0.079ns (6.489%)  route 1.139ns (93.511%))
  Logic Levels:           0  
  Clock Path Skew:        0.078ns (DCD - SCD + CPR)
    Destination Clock Delay (DCD):    2.965ns
    Source Clock Delay      (SCD):    2.887ns
    Clock Pessimism Removal (CPR):    0.000ns
  Clock Uncertainty:      0.035ns  ((TSJ^2 + TIJ^2)^1/2 + DJ) / 2 + PE
    Total System Jitter     (TSJ):    0.071ns
    Total Input Jitter      (TIJ):    0.000ns
    Discrete Jitter          (DJ):    0.000ns
    Phase Error              (PE):    0.000ns
  Clock Net Delay (Source):      1.738ns (routing 0.766ns, distribution 0.972ns)
  Clock Net Delay (Destination): 1.701ns (routing 0.978ns, distribution 0.723ns)
  Timing Exception:       Asynchronous Clock Groups

    Location             Delay type                Incr(ns)  Path(ns)    Netlist Resource(s)
  -------------------------------------------------------------------    -------------------
                         (clock clk rise edge)        0.000     0.000 r  
    AH18                                              0.000     0.000 r  clk300_p (IN)
                         net (fo=0)                   0.100     0.100    u_ibufds/I
    HPIOBDIFFINBUF_X1Y36 DIFFINBUF (Prop_DIFFINBUF_HPIOBDIFFINBUF_DIFF_IN_P_O)
                                                      0.525     0.625 r  u_ibufds/DIFFINBUF_INST/O
                         net (fo=1, routed)           0.050     0.675    u_ibufds/OUT
    AH18                 IBUFCTRL (Prop_IBUFCTRL_HPIOB_M_I_O)
                                                      0.000     0.675 r  u_ibufds/IBUFCTRL_INST/O
                         net (fo=1, routed)           0.322     0.997    clk_ref
    BUFGCE_DIV_X1Y5      BUFGCE_DIV (Prop_BUFGCE_DIV_I_O)
                                                      0.152     1.149 r  u_div/O
    X2Y3 (CLOCK_ROOT)    net (fo=973, routed)         1.738     2.887    u_soc/clk
    SLICE_X98Y241        FDCE                                         r  u_soc/rst_n_reg/C
  -------------------------------------------------------------------    -------------------
    SLICE_X98Y241        FDCE (Prop_EFF_SLICEL_C_Q)
                                                      0.079     2.966 r  u_soc/rst_n_reg/Q
                         net (fo=496, routed)         1.139     4.105    u_soc/u_dbg/rst_n
    SLICE_X92Y217        FDCE                                         f  u_soc/u_dbg/dr_reg[54]/CLR  (IS_INVERTED)
  -------------------------------------------------------------------    -------------------

                         (clock jtag_tck rise edge)
                                                      0.000     0.000 r  
    CONFIG_SITE_X0Y0     BSCANE2                      0.000     0.000 r  u_bscan/TCK
                         net (fo=1, routed)           1.240     1.240    bs_tck
    BUFGCE_X1Y115        BUFGCE (Prop_BUFCE_BUFGCE_I_O)
                                                      0.024     1.264 r  u_tck_bufg/O
    X3Y3 (CLOCK_ROOT)    net (fo=118, routed)         1.701     2.965    u_soc/u_dbg/bs_tck_buf
    SLICE_X92Y217        FDCE                                         r  u_soc/u_dbg/dr_reg[54]/C

Slack:                    inf
  Source:                 u_soc/rst_n_reg/C
                            (rising edge-triggered cell FDCE clocked by clk  {rise@0.000ns fall@3.333ns period=9.999ns})
  Destination:            u_soc/u_dbg/dr_reg[55]/CLR
                            (recovery check against rising-edge clock jtag_tck  {rise@0.000ns fall@16.667ns period=33.333ns})
  Path Group:             (none)
  Path Type:              Recovery (Max at Slow Process Corner)
  Data Path Delay:        1.218ns  (logic 0.079ns (6.489%)  route 1.139ns (93.511%))
  Logic Levels:           0  
  Clock Path Skew:        0.078ns (DCD - SCD + CPR)
    Destination Clock Delay (DCD):    2.965ns
    Source Clock Delay      (SCD):    2.887ns
    Clock Pessimism Removal (CPR):    0.000ns
  Clock Uncertainty:      0.035ns  ((TSJ^2 + TIJ^2)^1/2 + DJ) / 2 + PE
    Total System Jitter     (TSJ):    0.071ns
    Total Input Jitter      (TIJ):    0.000ns
    Discrete Jitter          (DJ):    0.000ns
    Phase Error              (PE):    0.000ns
  Clock Net Delay (Source):      1.738ns (routing 0.766ns, distribution 0.972ns)
  Clock Net Delay (Destination): 1.701ns (routing 0.978ns, distribution 0.723ns)
  Timing Exception:       Asynchronous Clock Groups

    Location             Delay type                Incr(ns)  Path(ns)    Netlist Resource(s)
  -------------------------------------------------------------------    -------------------
                         (clock clk rise edge)        0.000     0.000 r  
    AH18                                              0.000     0.000 r  clk300_p (IN)
                         net (fo=0)                   0.100     0.100    u_ibufds/I
    HPIOBDIFFINBUF_X1Y36 DIFFINBUF (Prop_DIFFINBUF_HPIOBDIFFINBUF_DIFF_IN_P_O)
                                                      0.525     0.625 r  u_ibufds/DIFFINBUF_INST/O
                         net (fo=1, routed)           0.050     0.675    u_ibufds/OUT
    AH18                 IBUFCTRL (Prop_IBUFCTRL_HPIOB_M_I_O)
                                                      0.000     0.675 r  u_ibufds/IBUFCTRL_INST/O
                         net (fo=1, routed)           0.322     0.997    clk_ref
    BUFGCE_DIV_X1Y5      BUFGCE_DIV (Prop_BUFGCE_DIV_I_O)
                                                      0.152     1.149 r  u_div/O
    X2Y3 (CLOCK_ROOT)    net (fo=973, routed)         1.738     2.887    u_soc/clk
    SLICE_X98Y241        FDCE                                         r  u_soc/rst_n_reg/C
  -------------------------------------------------------------------    -------------------
    SLICE_X98Y241        FDCE (Prop_EFF_SLICEL_C_Q)
                                                      0.079     2.966 r  u_soc/rst_n_reg/Q
                         net (fo=496, routed)         1.139     4.105    u_soc/u_dbg/rst_n
    SLICE_X92Y217        FDCE                                         f  u_soc/u_dbg/dr_reg[55]/CLR  (IS_INVERTED)
  -------------------------------------------------------------------    -------------------

                         (clock jtag_tck rise edge)
                                                      0.000     0.000 r  
    CONFIG_SITE_X0Y0     BSCANE2                      0.000     0.000 r  u_bscan/TCK
                         net (fo=1, routed)           1.240     1.240    bs_tck
    BUFGCE_X1Y115        BUFGCE (Prop_BUFCE_BUFGCE_I_O)
                                                      0.024     1.264 r  u_tck_bufg/O
    X3Y3 (CLOCK_ROOT)    net (fo=118, routed)         1.701     2.965    u_soc/u_dbg/bs_tck_buf
    SLICE_X92Y217        FDCE                                         r  u_soc/u_dbg/dr_reg[55]/C

Slack:                    inf
  Source:                 u_soc/rst_n_reg/C
                            (rising edge-triggered cell FDCE clocked by clk  {rise@0.000ns fall@3.333ns period=9.999ns})
  Destination:            u_soc/u_dbg/dr_reg[56]/CLR
                            (recovery check against rising-edge clock jtag_tck  {rise@0.000ns fall@16.667ns period=33.333ns})
  Path Group:             (none)
  Path Type:              Recovery (Max at Slow Process Corner)
  Data Path Delay:        1.218ns  (logic 0.079ns (6.489%)  route 1.139ns (93.511%))
  Logic Levels:           0  
  Clock Path Skew:        0.078ns (DCD - SCD + CPR)
    Destination Clock Delay (DCD):    2.965ns
    Source Clock Delay      (SCD):    2.887ns
    Clock Pessimism Removal (CPR):    0.000ns
  Clock Uncertainty:      0.035ns  ((TSJ^2 + TIJ^2)^1/2 + DJ) / 2 + PE
    Total System Jitter     (TSJ):    0.071ns
    Total Input Jitter      (TIJ):    0.000ns
    Discrete Jitter          (DJ):    0.000ns
    Phase Error              (PE):    0.000ns
  Clock Net Delay (Source):      1.738ns (routing 0.766ns, distribution 0.972ns)
  Clock Net Delay (Destination): 1.701ns (routing 0.978ns, distribution 0.723ns)
  Timing Exception:       Asynchronous Clock Groups

    Location             Delay type                Incr(ns)  Path(ns)    Netlist Resource(s)
  -------------------------------------------------------------------    -------------------
                         (clock clk rise edge)        0.000     0.000 r  
    AH18                                              0.000     0.000 r  clk300_p (IN)
                         net (fo=0)                   0.100     0.100    u_ibufds/I
    HPIOBDIFFINBUF_X1Y36 DIFFINBUF (Prop_DIFFINBUF_HPIOBDIFFINBUF_DIFF_IN_P_O)
                                                      0.525     0.625 r  u_ibufds/DIFFINBUF_INST/O
                         net (fo=1, routed)           0.050     0.675    u_ibufds/OUT
    AH18                 IBUFCTRL (Prop_IBUFCTRL_HPIOB_M_I_O)
                                                      0.000     0.675 r  u_ibufds/IBUFCTRL_INST/O
                         net (fo=1, routed)           0.322     0.997    clk_ref
    BUFGCE_DIV_X1Y5      BUFGCE_DIV (Prop_BUFGCE_DIV_I_O)
                                                      0.152     1.149 r  u_div/O
    X2Y3 (CLOCK_ROOT)    net (fo=973, routed)         1.738     2.887    u_soc/clk
    SLICE_X98Y241        FDCE                                         r  u_soc/rst_n_reg/C
  -------------------------------------------------------------------    -------------------
    SLICE_X98Y241        FDCE (Prop_EFF_SLICEL_C_Q)
                                                      0.079     2.966 r  u_soc/rst_n_reg/Q
                         net (fo=496, routed)         1.139     4.105    u_soc/u_dbg/rst_n
    SLICE_X92Y217        FDCE                                         f  u_soc/u_dbg/dr_reg[56]/CLR  (IS_INVERTED)
  -------------------------------------------------------------------    -------------------

                         (clock jtag_tck rise edge)
                                                      0.000     0.000 r  
    CONFIG_SITE_X0Y0     BSCANE2                      0.000     0.000 r  u_bscan/TCK
                         net (fo=1, routed)           1.240     1.240    bs_tck
    BUFGCE_X1Y115        BUFGCE (Prop_BUFCE_BUFGCE_I_O)
                                                      0.024     1.264 r  u_tck_bufg/O
    X3Y3 (CLOCK_ROOT)    net (fo=118, routed)         1.701     2.965    u_soc/u_dbg/bs_tck_buf
    SLICE_X92Y217        FDCE                                         r  u_soc/u_dbg/dr_reg[56]/C

Slack:                    inf
  Source:                 u_soc/rst_n_reg/C
                            (rising edge-triggered cell FDCE clocked by clk  {rise@0.000ns fall@3.333ns period=9.999ns})
  Destination:            u_soc/u_dbg/dr_reg[29]/CLR
                            (recovery check against rising-edge clock jtag_tck  {rise@0.000ns fall@16.667ns period=33.333ns})
  Path Group:             (none)
  Path Type:              Recovery (Max at Slow Process Corner)
  Data Path Delay:        1.128ns  (logic 0.079ns (7.005%)  route 1.049ns (92.995%))
  Logic Levels:           0  
  Clock Path Skew:        0.081ns (DCD - SCD + CPR)
    Destination Clock Delay (DCD):    2.968ns
    Source Clock Delay      (SCD):    2.887ns
    Clock Pessimism Removal (CPR):    0.000ns
  Clock Uncertainty:      0.035ns  ((TSJ^2 + TIJ^2)^1/2 + DJ) / 2 + PE
    Total System Jitter     (TSJ):    0.071ns
    Total Input Jitter      (TIJ):    0.000ns
    Discrete Jitter          (DJ):    0.000ns
    Phase Error              (PE):    0.000ns
  Clock Net Delay (Source):      1.738ns (routing 0.766ns, distribution 0.972ns)
  Clock Net Delay (Destination): 1.704ns (routing 0.978ns, distribution 0.726ns)
  Timing Exception:       Asynchronous Clock Groups

    Location             Delay type                Incr(ns)  Path(ns)    Netlist Resource(s)
  -------------------------------------------------------------------    -------------------
                         (clock clk rise edge)        0.000     0.000 r  
    AH18                                              0.000     0.000 r  clk300_p (IN)
                         net (fo=0)                   0.100     0.100    u_ibufds/I
    HPIOBDIFFINBUF_X1Y36 DIFFINBUF (Prop_DIFFINBUF_HPIOBDIFFINBUF_DIFF_IN_P_O)
                                                      0.525     0.625 r  u_ibufds/DIFFINBUF_INST/O
                         net (fo=1, routed)           0.050     0.675    u_ibufds/OUT
    AH18                 IBUFCTRL (Prop_IBUFCTRL_HPIOB_M_I_O)
                                                      0.000     0.675 r  u_ibufds/IBUFCTRL_INST/O
                         net (fo=1, routed)           0.322     0.997    clk_ref
    BUFGCE_DIV_X1Y5      BUFGCE_DIV (Prop_BUFGCE_DIV_I_O)
                                                      0.152     1.149 r  u_div/O
    X2Y3 (CLOCK_ROOT)    net (fo=973, routed)         1.738     2.887    u_soc/clk
    SLICE_X98Y241        FDCE                                         r  u_soc/rst_n_reg/C
  -------------------------------------------------------------------    -------------------
    SLICE_X98Y241        FDCE (Prop_EFF_SLICEL_C_Q)
                                                      0.079     2.966 r  u_soc/rst_n_reg/Q
                         net (fo=496, routed)         1.049     4.015    u_soc/u_dbg/rst_n
    SLICE_X93Y217        FDCE                                         f  u_soc/u_dbg/dr_reg[29]/CLR  (IS_INVERTED)
  -------------------------------------------------------------------    -------------------

                         (clock jtag_tck rise edge)
                                                      0.000     0.000 r  
    CONFIG_SITE_X0Y0     BSCANE2                      0.000     0.000 r  u_bscan/TCK
                         net (fo=1, routed)           1.240     1.240    bs_tck
    BUFGCE_X1Y115        BUFGCE (Prop_BUFCE_BUFGCE_I_O)
                                                      0.024     1.264 r  u_tck_bufg/O
    X3Y3 (CLOCK_ROOT)    net (fo=118, routed)         1.704     2.968    u_soc/u_dbg/bs_tck_buf
    SLICE_X93Y217        FDCE                                         r  u_soc/u_dbg/dr_reg[29]/C

Slack:                    inf
  Source:                 u_soc/rst_n_reg/C
                            (rising edge-triggered cell FDCE clocked by clk  {rise@0.000ns fall@3.333ns period=9.999ns})
  Destination:            u_soc/u_dbg/dr_reg[30]/CLR
                            (recovery check against rising-edge clock jtag_tck  {rise@0.000ns fall@16.667ns period=33.333ns})
  Path Group:             (none)
  Path Type:              Recovery (Max at Slow Process Corner)
  Data Path Delay:        1.128ns  (logic 0.079ns (7.005%)  route 1.049ns (92.995%))
  Logic Levels:           0  
  Clock Path Skew:        0.081ns (DCD - SCD + CPR)
    Destination Clock Delay (DCD):    2.968ns
    Source Clock Delay      (SCD):    2.887ns
    Clock Pessimism Removal (CPR):    0.000ns
  Clock Uncertainty:      0.035ns  ((TSJ^2 + TIJ^2)^1/2 + DJ) / 2 + PE
    Total System Jitter     (TSJ):    0.071ns
    Total Input Jitter      (TIJ):    0.000ns
    Discrete Jitter          (DJ):    0.000ns
    Phase Error              (PE):    0.000ns
  Clock Net Delay (Source):      1.738ns (routing 0.766ns, distribution 0.972ns)
  Clock Net Delay (Destination): 1.704ns (routing 0.978ns, distribution 0.726ns)
  Timing Exception:       Asynchronous Clock Groups

    Location             Delay type                Incr(ns)  Path(ns)    Netlist Resource(s)
  -------------------------------------------------------------------    -------------------
                         (clock clk rise edge)        0.000     0.000 r  
    AH18                                              0.000     0.000 r  clk300_p (IN)
                         net (fo=0)                   0.100     0.100    u_ibufds/I
    HPIOBDIFFINBUF_X1Y36 DIFFINBUF (Prop_DIFFINBUF_HPIOBDIFFINBUF_DIFF_IN_P_O)
                                                      0.525     0.625 r  u_ibufds/DIFFINBUF_INST/O
                         net (fo=1, routed)           0.050     0.675    u_ibufds/OUT
    AH18                 IBUFCTRL (Prop_IBUFCTRL_HPIOB_M_I_O)
                                                      0.000     0.675 r  u_ibufds/IBUFCTRL_INST/O
                         net (fo=1, routed)           0.322     0.997    clk_ref
    BUFGCE_DIV_X1Y5      BUFGCE_DIV (Prop_BUFGCE_DIV_I_O)
                                                      0.152     1.149 r  u_div/O
    X2Y3 (CLOCK_ROOT)    net (fo=973, routed)         1.738     2.887    u_soc/clk
    SLICE_X98Y241        FDCE                                         r  u_soc/rst_n_reg/C
  -------------------------------------------------------------------    -------------------
    SLICE_X98Y241        FDCE (Prop_EFF_SLICEL_C_Q)
                                                      0.079     2.966 r  u_soc/rst_n_reg/Q
                         net (fo=496, routed)         1.049     4.015    u_soc/u_dbg/rst_n
    SLICE_X93Y217        FDCE                                         f  u_soc/u_dbg/dr_reg[30]/CLR  (IS_INVERTED)
  -------------------------------------------------------------------    -------------------

                         (clock jtag_tck rise edge)
                                                      0.000     0.000 r  
    CONFIG_SITE_X0Y0     BSCANE2                      0.000     0.000 r  u_bscan/TCK
                         net (fo=1, routed)           1.240     1.240    bs_tck
    BUFGCE_X1Y115        BUFGCE (Prop_BUFCE_BUFGCE_I_O)
                                                      0.024     1.264 r  u_tck_bufg/O
    X3Y3 (CLOCK_ROOT)    net (fo=118, routed)         1.704     2.968    u_soc/u_dbg/bs_tck_buf
    SLICE_X93Y217        FDCE                                         r  u_soc/u_dbg/dr_reg[30]/C





Min Delay Paths
--------------------------------------------------------------------------------------
Slack:                    inf
  Source:                 u_soc/u_dbg/rdata_q_reg[25]/C
                            (rising edge-triggered cell FDCE clocked by clk  {rise@0.000ns fall@3.333ns period=9.999ns})
  Destination:            u_soc/u_dbg/dr_reg[27]/D
                            (rising edge-triggered cell FDCE clocked by jtag_tck  {rise@0.000ns fall@16.667ns period=33.333ns})
  Path Group:             (none)
  Path Type:              Hold (Min at Fast Process Corner)
  Data Path Delay:        0.132ns  (logic 0.089ns (67.424%)  route 0.043ns (32.576%))
  Logic Levels:           1  (LUT3=1)
  Clock Path Skew:        0.932ns (DCD - SCD - CPR)
    Destination Clock Delay (DCD):    2.489ns
    Source Clock Delay      (SCD):    1.557ns
    Clock Pessimism Removal (CPR):    -0.000ns
  Clock Uncertainty:      0.035ns  ((TSJ^2 + TIJ^2)^1/2 + DJ) / 2 + PE
    Total System Jitter     (TSJ):    0.071ns
    Total Input Jitter      (TIJ):    0.000ns
    Discrete Jitter          (DJ):    0.000ns
    Phase Error              (PE):    0.000ns
  Clock Net Delay (Source):      0.921ns (routing 0.425ns, distribution 0.496ns)
  Clock Net Delay (Destination): 1.189ns (routing 0.655ns, distribution 0.534ns)
  Timing Exception:       Asynchronous Clock Groups

    Location             Delay type                Incr(ns)  Path(ns)    Netlist Resource(s)
  -------------------------------------------------------------------    -------------------
                         (clock clk rise edge)        0.000     0.000 r  
    AH18                                              0.000     0.000 r  clk300_p (IN)
                         net (fo=0)                   0.079     0.079    u_ibufds/I
    HPIOBDIFFINBUF_X1Y36 DIFFINBUF (Prop_DIFFINBUF_HPIOBDIFFINBUF_DIFF_IN_P_O)
                                                      0.284     0.363 r  u_ibufds/DIFFINBUF_INST/O
                         net (fo=1, routed)           0.040     0.403    u_ibufds/OUT
    AH18                 IBUFCTRL (Prop_IBUFCTRL_HPIOB_M_I_O)
                                                      0.000     0.403 r  u_ibufds/IBUFCTRL_INST/O
                         net (fo=1, routed)           0.144     0.547    clk_ref
    BUFGCE_DIV_X1Y5      BUFGCE_DIV (Prop_BUFGCE_DIV_I_O)
                                                      0.089     0.636 r  u_div/O
    X2Y3 (CLOCK_ROOT)    net (fo=973, routed)         0.921     1.557    u_soc/u_dbg/clk
    SLICE_X92Y217        FDCE                                         r  u_soc/u_dbg/rdata_q_reg[25]/C
  -------------------------------------------------------------------    -------------------
    SLICE_X92Y217        FDCE (Prop_FFF_SLICEL_C_Q)
                                                      0.039     1.596 r  u_soc/u_dbg/rdata_q_reg[25]/Q
                         net (fo=1, routed)           0.028     1.624    u_soc/u_dbg/rdata_q__0[25]
    SLICE_X92Y217        LUT3 (Prop_B6LUT_SLICEL_I0_O)
                                                      0.050     1.674 r  u_soc/u_dbg/dr[27]_i_1/O
                         net (fo=1, routed)           0.015     1.689    u_soc/u_dbg/dr[27]_i_1_n_0
    SLICE_X92Y217        FDCE                                         r  u_soc/u_dbg/dr_reg[27]/D
  -------------------------------------------------------------------    -------------------

                         (clock jtag_tck rise edge)
                                                      0.000     0.000 r  
    CONFIG_SITE_X0Y0     BSCANE2                      0.000     0.000 r  u_bscan/TCK
                         net (fo=1, routed)           1.281     1.281    bs_tck
    BUFGCE_X1Y115        BUFGCE (Prop_BUFCE_BUFGCE_I_O)
                                                      0.019     1.300 r  u_tck_bufg/O
    X3Y3 (CLOCK_ROOT)    net (fo=118, routed)         1.189     2.489    u_soc/u_dbg/bs_tck_buf
    SLICE_X92Y217        FDCE                                         r  u_soc/u_dbg/dr_reg[27]/C

Slack:                    inf
  Source:                 u_soc/u_dbg/rdata_q_reg[3]/C
                            (rising edge-triggered cell FDCE clocked by clk  {rise@0.000ns fall@3.333ns period=9.999ns})
  Destination:            u_soc/u_dbg/dr_reg[5]/D
                            (rising edge-triggered cell FDCE clocked by jtag_tck  {rise@0.000ns fall@16.667ns period=33.333ns})
  Path Group:             (none)
  Path Type:              Hold (Min at Fast Process Corner)
  Data Path Delay:        0.125ns  (logic 0.087ns (69.600%)  route 0.038ns (30.400%))
  Logic Levels:           1  (LUT3=1)
  Clock Path Skew:        0.932ns (DCD - SCD - CPR)
    Destination Clock Delay (DCD):    2.497ns
    Source Clock Delay      (SCD):    1.566ns
    Clock Pessimism Removal (CPR):    -0.000ns
  Clock Uncertainty:      0.035ns  ((TSJ^2 + TIJ^2)^1/2 + DJ) / 2 + PE
    Total System Jitter     (TSJ):    0.071ns
    Total Input Jitter      (TIJ):    0.000ns
    Discrete Jitter          (DJ):    0.000ns
    Phase Error              (PE):    0.000ns
  Clock Net Delay (Source):      0.930ns (routing 0.425ns, distribution 0.505ns)
  Clock Net Delay (Destination): 1.197ns (routing 0.655ns, distribution 0.542ns)
  Timing Exception:       Asynchronous Clock Groups

    Location             Delay type                Incr(ns)  Path(ns)    Netlist Resource(s)
  -------------------------------------------------------------------    -------------------
                         (clock clk rise edge)        0.000     0.000 r  
    AH18                                              0.000     0.000 r  clk300_p (IN)
                         net (fo=0)                   0.079     0.079    u_ibufds/I
    HPIOBDIFFINBUF_X1Y36 DIFFINBUF (Prop_DIFFINBUF_HPIOBDIFFINBUF_DIFF_IN_P_O)
                                                      0.284     0.363 r  u_ibufds/DIFFINBUF_INST/O
                         net (fo=1, routed)           0.040     0.403    u_ibufds/OUT
    AH18                 IBUFCTRL (Prop_IBUFCTRL_HPIOB_M_I_O)
                                                      0.000     0.403 r  u_ibufds/IBUFCTRL_INST/O
                         net (fo=1, routed)           0.144     0.547    clk_ref
    BUFGCE_DIV_X1Y5      BUFGCE_DIV (Prop_BUFGCE_DIV_I_O)
                                                      0.089     0.636 r  u_div/O
    X2Y3 (CLOCK_ROOT)    net (fo=973, routed)         0.930     1.566    u_soc/u_dbg/clk
    SLICE_X96Y218        FDCE                                         r  u_soc/u_dbg/rdata_q_reg[3]/C
  -------------------------------------------------------------------    -------------------
    SLICE_X96Y218        FDCE (Prop_FFF_SLICEM_C_Q)
                                                      0.037     1.603 r  u_soc/u_dbg/rdata_q_reg[3]/Q
                         net (fo=1, routed)           0.030     1.633    u_soc/u_dbg/rdata_q__0[3]
    SLICE_X96Y218        LUT3 (Prop_C5LUT_SLICEM_I0_O)
                                                      0.050     1.683 r  u_soc/u_dbg/dr[5]_i_1/O
                         net (fo=1, routed)           0.008     1.691    u_soc/u_dbg/dr[5]_i_1_n_0
    SLICE_X96Y218        FDCE                                         r  u_soc/u_dbg/dr_reg[5]/D
  -------------------------------------------------------------------    -------------------

                         (clock jtag_tck rise edge)
                                                      0.000     0.000 r  
    CONFIG_SITE_X0Y0     BSCANE2                      0.000     0.000 r  u_bscan/TCK
                         net (fo=1, routed)           1.281     1.281    bs_tck
    BUFGCE_X1Y115        BUFGCE (Prop_BUFCE_BUFGCE_I_O)
                                                      0.019     1.300 r  u_tck_bufg/O
    X3Y3 (CLOCK_ROOT)    net (fo=118, routed)         1.197     2.497    u_soc/u_dbg/bs_tck_buf
    SLICE_X96Y218        FDCE                                         r  u_soc/u_dbg/dr_reg[5]/C

Slack:                    inf
  Source:                 u_soc/u_dbg/rdata_q_reg[29]/C
                            (rising edge-triggered cell FDCE clocked by clk  {rise@0.000ns fall@3.333ns period=9.999ns})
  Destination:            u_soc/u_dbg/dr_reg[31]/D
                            (rising edge-triggered cell FDCE clocked by jtag_tck  {rise@0.000ns fall@16.667ns period=33.333ns})
  Path Group:             (none)
  Path Type:              Hold (Min at Fast Process Corner)
  Data Path Delay:        0.138ns  (logic 0.087ns (63.044%)  route 0.051ns (36.957%))
  Logic Levels:           1  (LUT3=1)
  Clock Path Skew:        0.936ns (DCD - SCD - CPR)
    Destination Clock Delay (DCD):    2.494ns
    Source Clock Delay      (SCD):    1.558ns
    Clock Pessimism Removal (CPR):    -0.000ns
  Clock Uncertainty:      0.035ns  ((TSJ^2 + TIJ^2)^1/2 + DJ) / 2 + PE
    Total System Jitter     (TSJ):    0.071ns
    Total Input Jitter      (TIJ):    0.000ns
    Discrete Jitter          (DJ):    0.000ns
    Phase Error              (PE):    0.000ns
  Clock Net Delay (Source):      0.922ns (routing 0.425ns, distribution 0.497ns)
  Clock Net Delay (Destination): 1.194ns (routing 0.655ns, distribution 0.539ns)
  Timing Exception:       Asynchronous Clock Groups

    Location             Delay type                Incr(ns)  Path(ns)    Netlist Resource(s)
  -------------------------------------------------------------------    -------------------
                         (clock clk rise edge)        0.000     0.000 r  
    AH18                                              0.000     0.000 r  clk300_p (IN)
                         net (fo=0)                   0.079     0.079    u_ibufds/I
    HPIOBDIFFINBUF_X1Y36 DIFFINBUF (Prop_DIFFINBUF_HPIOBDIFFINBUF_DIFF_IN_P_O)
                                                      0.284     0.363 r  u_ibufds/DIFFINBUF_INST/O
                         net (fo=1, routed)           0.040     0.403    u_ibufds/OUT
    AH18                 IBUFCTRL (Prop_IBUFCTRL_HPIOB_M_I_O)
                                                      0.000     0.403 r  u_ibufds/IBUFCTRL_INST/O
                         net (fo=1, routed)           0.144     0.547    clk_ref
    BUFGCE_DIV_X1Y5      BUFGCE_DIV (Prop_BUFGCE_DIV_I_O)
                                                      0.089     0.636 r  u_div/O
    X2Y3 (CLOCK_ROOT)    net (fo=973, routed)         0.922     1.558    u_soc/u_dbg/clk
    SLICE_X93Y217        FDCE                                         r  u_soc/u_dbg/rdata_q_reg[29]/C
  -------------------------------------------------------------------    -------------------
    SLICE_X93Y217        FDCE (Prop_FFF_SLICEM_C_Q)
                                                      0.037     1.595 r  u_soc/u_dbg/rdata_q_reg[29]/Q
                         net (fo=1, routed)           0.030     1.625    u_soc/u_dbg/rdata_q__0[29]
    SLICE_X93Y217        LUT3 (Prop_B6LUT_SLICEM_I0_O)
                                                      0.050     1.675 r  u_soc/u_dbg/dr[31]_i_1/O
                         net (fo=1, routed)           0.021     1.696    u_soc/u_dbg/dr[31]_i_1_n_0
    SLICE_X93Y217        FDCE                                         r  u_soc/u_dbg/dr_reg[31]/D
  -------------------------------------------------------------------    -------------------

                         (clock jtag_tck rise edge)
                                                      0.000     0.000 r  
    CONFIG_SITE_X0Y0     BSCANE2                      0.000     0.000 r  u_bscan/TCK
                         net (fo=1, routed)           1.281     1.281    bs_tck
    BUFGCE_X1Y115        BUFGCE (Prop_BUFCE_BUFGCE_I_O)
                                                      0.019     1.300 r  u_tck_bufg/O
    X3Y3 (CLOCK_ROOT)    net (fo=118, routed)         1.194     2.494    u_soc/u_dbg/bs_tck_buf
    SLICE_X93Y217        FDCE                                         r  u_soc/u_dbg/dr_reg[31]/C

Slack:                    inf
  Source:                 u_soc/u_dbg/rdata_q_reg[20]/C
                            (rising edge-triggered cell FDCE clocked by clk  {rise@0.000ns fall@3.333ns period=9.999ns})
  Destination:            u_soc/u_dbg/dr_reg[22]/D
                            (rising edge-triggered cell FDCE clocked by jtag_tck  {rise@0.000ns fall@16.667ns period=33.333ns})
  Path Group:             (none)
  Path Type:              Hold (Min at Fast Process Corner)
  Data Path Delay:        0.132ns  (logic 0.089ns (67.424%)  route 0.043ns (32.576%))
  Logic Levels:           1  (LUT3=1)
  Clock Path Skew:        0.929ns (DCD - SCD - CPR)
    Destination Clock Delay (DCD):    2.493ns
    Source Clock Delay      (SCD):    1.565ns
    Clock Pessimism Removal (CPR):    -0.000ns
  Clock Uncertainty:      0.035ns  ((TSJ^2 + TIJ^2)^1/2 + DJ) / 2 + PE
    Total System Jitter     (TSJ):    0.071ns
    Total Input Jitter      (TIJ):    0.000ns
    Discrete Jitter          (DJ):    0.000ns
    Phase Error              (PE):    0.000ns
  Clock Net Delay (Source):      0.929ns (routing 0.425ns, distribution 0.504ns)
  Clock Net Delay (Destination): 1.193ns (routing 0.655ns, distribution 0.538ns)
  Timing Exception:       Asynchronous Clock Groups

    Location             Delay type                Incr(ns)  Path(ns)    Netlist Resource(s)
  -------------------------------------------------------------------    -------------------
                         (clock clk rise edge)        0.000     0.000 r  
    AH18                                              0.000     0.000 r  clk300_p (IN)
                         net (fo=0)                   0.079     0.079    u_ibufds/I
    HPIOBDIFFINBUF_X1Y36 DIFFINBUF (Prop_DIFFINBUF_HPIOBDIFFINBUF_DIFF_IN_P_O)
                                                      0.284     0.363 r  u_ibufds/DIFFINBUF_INST/O
                         net (fo=1, routed)           0.040     0.403    u_ibufds/OUT
    AH18                 IBUFCTRL (Prop_IBUFCTRL_HPIOB_M_I_O)
                                                      0.000     0.403 r  u_ibufds/IBUFCTRL_INST/O
                         net (fo=1, routed)           0.144     0.547    clk_ref
    BUFGCE_DIV_X1Y5      BUFGCE_DIV (Prop_BUFGCE_DIV_I_O)
                                                      0.089     0.636 r  u_div/O
    X2Y3 (CLOCK_ROOT)    net (fo=973, routed)         0.929     1.565    u_soc/u_dbg/clk
    SLICE_X95Y219        FDCE                                         r  u_soc/u_dbg/rdata_q_reg[20]/C
  -------------------------------------------------------------------    -------------------
    SLICE_X95Y219        FDCE (Prop_FFF_SLICEL_C_Q)
                                                      0.039     1.604 r  u_soc/u_dbg/rdata_q_reg[20]/Q
                         net (fo=1, routed)           0.028     1.632    u_soc/u_dbg/rdata_q__0[20]
    SLICE_X95Y219        LUT3 (Prop_B6LUT_SLICEL_I0_O)
                                                      0.050     1.682 r  u_soc/u_dbg/dr[22]_i_1/O
                         net (fo=1, routed)           0.015     1.697    u_soc/u_dbg/dr[22]_i_1_n_0
    SLICE_X95Y219        FDCE                                         r  u_soc/u_dbg/dr_reg[22]/D
  -------------------------------------------------------------------    -------------------

                         (clock jtag_tck rise edge)
                                                      0.000     0.000 r  
    CONFIG_SITE_X0Y0     BSCANE2                      0.000     0.000 r  u_bscan/TCK
                         net (fo=1, routed)           1.281     1.281    bs_tck
    BUFGCE_X1Y115        BUFGCE (Prop_BUFCE_BUFGCE_I_O)
                                                      0.019     1.300 r  u_tck_bufg/O
    X3Y3 (CLOCK_ROOT)    net (fo=118, routed)         1.193     2.493    u_soc/u_dbg/bs_tck_buf
    SLICE_X95Y219        FDCE                                         r  u_soc/u_dbg/dr_reg[22]/C

Slack:                    inf
  Source:                 u_soc/u_dbg/rdata_q_reg[16]/C
                            (rising edge-triggered cell FDCE clocked by clk  {rise@0.000ns fall@3.333ns period=9.999ns})
  Destination:            u_soc/u_dbg/dr_reg[18]/D
                            (rising edge-triggered cell FDCE clocked by jtag_tck  {rise@0.000ns fall@16.667ns period=33.333ns})
  Path Group:             (none)
  Path Type:              Hold (Min at Fast Process Corner)
  Data Path Delay:        0.132ns  (logic 0.089ns (67.424%)  route 0.043ns (32.576%))
  Logic Levels:           1  (LUT3=1)
  Clock Path Skew:        0.926ns (DCD - SCD - CPR)
    Destination Clock Delay (DCD):    2.492ns
    Source Clock Delay      (SCD):    1.567ns
    Clock Pessimism Removal (CPR):    -0.000ns
  Clock Uncertainty:      0.035ns  ((TSJ^2 + TIJ^2)^1/2 + DJ) / 2 + PE
    Total System Jitter     (TSJ):    0.071ns
    Total Input Jitter      (TIJ):    0.000ns
    Discrete Jitter          (DJ):    0.000ns
    Phase Error              (PE):    0.000ns
  Clock Net Delay (Source):      0.931ns (routing 0.425ns, distribution 0.506ns)
  Clock Net Delay (Destination): 1.192ns (routing 0.655ns, distribution 0.537ns)
  Timing Exception:       Asynchronous Clock Groups

    Location             Delay type                Incr(ns)  Path(ns)    Netlist Resource(s)
  -------------------------------------------------------------------    -------------------
                         (clock clk rise edge)        0.000     0.000 r  
    AH18                                              0.000     0.000 r  clk300_p (IN)
                         net (fo=0)                   0.079     0.079    u_ibufds/I
    HPIOBDIFFINBUF_X1Y36 DIFFINBUF (Prop_DIFFINBUF_HPIOBDIFFINBUF_DIFF_IN_P_O)
                                                      0.284     0.363 r  u_ibufds/DIFFINBUF_INST/O
                         net (fo=1, routed)           0.040     0.403    u_ibufds/OUT
    AH18                 IBUFCTRL (Prop_IBUFCTRL_HPIOB_M_I_O)
                                                      0.000     0.403 r  u_ibufds/IBUFCTRL_INST/O
                         net (fo=1, routed)           0.144     0.547    clk_ref
    BUFGCE_DIV_X1Y5      BUFGCE_DIV (Prop_BUFGCE_DIV_I_O)
                                                      0.089     0.636 r  u_div/O
    X2Y3 (CLOCK_ROOT)    net (fo=973, routed)         0.931     1.567    u_soc/u_dbg/clk
    SLICE_X97Y218        FDCE                                         r  u_soc/u_dbg/rdata_q_reg[16]/C
  -------------------------------------------------------------------    -------------------
    SLICE_X97Y218        FDCE (Prop_FFF_SLICEL_C_Q)
                                                      0.039     1.606 r  u_soc/u_dbg/rdata_q_reg[16]/Q
                         net (fo=1, routed)           0.028     1.634    u_soc/u_dbg/rdata_q__0[16]
    SLICE_X97Y218        LUT3 (Prop_B6LUT_SLICEL_I0_O)
                                                      0.050     1.684 r  u_soc/u_dbg/dr[18]_i_1/O
                         net (fo=1, routed)           0.015     1.699    u_soc/u_dbg/dr[18]_i_1_n_0
    SLICE_X97Y218        FDCE                                         r  u_soc/u_dbg/dr_reg[18]/D
  -------------------------------------------------------------------    -------------------

                         (clock jtag_tck rise edge)
                                                      0.000     0.000 r  
    CONFIG_SITE_X0Y0     BSCANE2                      0.000     0.000 r  u_bscan/TCK
                         net (fo=1, routed)           1.281     1.281    bs_tck
    BUFGCE_X1Y115        BUFGCE (Prop_BUFCE_BUFGCE_I_O)
                                                      0.019     1.300 r  u_tck_bufg/O
    X3Y3 (CLOCK_ROOT)    net (fo=118, routed)         1.192     2.492    u_soc/u_dbg/bs_tck_buf
    SLICE_X97Y218        FDCE                                         r  u_soc/u_dbg/dr_reg[18]/C

Slack:                    inf
  Source:                 u_soc/u_dbg/rdata_q_reg[9]/C
                            (rising edge-triggered cell FDCE clocked by clk  {rise@0.000ns fall@3.333ns period=9.999ns})
  Destination:            u_soc/u_dbg/dr_reg[11]/D
                            (rising edge-triggered cell FDCE clocked by jtag_tck  {rise@0.000ns fall@16.667ns period=33.333ns})
  Path Group:             (none)
  Path Type:              Hold (Min at Fast Process Corner)
  Data Path Delay:        0.135ns  (logic 0.089ns (65.926%)  route 0.046ns (34.074%))
  Logic Levels:           1  (LUT3=1)
  Clock Path Skew:        0.915ns (DCD - SCD - CPR)
    Destination Clock Delay (DCD):    2.484ns
    Source Clock Delay      (SCD):    1.569ns
    Clock Pessimism Removal (CPR):    -0.000ns
  Clock Uncertainty:      0.035ns  ((TSJ^2 + TIJ^2)^1/2 + DJ) / 2 + PE
    Total System Jitter     (TSJ):    0.071ns
    Total Input Jitter      (TIJ):    0.000ns
    Discrete Jitter          (DJ):    0.000ns
    Phase Error              (PE):    0.000ns
  Clock Net Delay (Source):      0.933ns (routing 0.425ns, distribution 0.508ns)
  Clock Net Delay (Destination): 1.184ns (routing 0.655ns, distribution 0.529ns)
  Timing Exception:       Asynchronous Clock Groups

    Location             Delay type                Incr(ns)  Path(ns)    Netlist Resource(s)
  -------------------------------------------------------------------    -------------------
                         (clock clk rise edge)        0.000     0.000 r  
    AH18                                              0.000     0.000 r  clk300_p (IN)
                         net (fo=0)                   0.079     0.079    u_ibufds/I
    HPIOBDIFFINBUF_X1Y36 DIFFINBUF (Prop_DIFFINBUF_HPIOBDIFFINBUF_DIFF_IN_P_O)
                                                      0.284     0.363 r  u_ibufds/DIFFINBUF_INST/O
                         net (fo=1, routed)           0.040     0.403    u_ibufds/OUT
    AH18                 IBUFCTRL (Prop_IBUFCTRL_HPIOB_M_I_O)
                                                      0.000     0.403 r  u_ibufds/IBUFCTRL_INST/O
                         net (fo=1, routed)           0.144     0.547    clk_ref
    BUFGCE_DIV_X1Y5      BUFGCE_DIV (Prop_BUFGCE_DIV_I_O)
                                                      0.089     0.636 r  u_div/O
    X2Y3 (CLOCK_ROOT)    net (fo=973, routed)         0.933     1.569    u_soc/u_dbg/clk
    SLICE_X99Y217        FDCE                                         r  u_soc/u_dbg/rdata_q_reg[9]/C
  -------------------------------------------------------------------    -------------------
    SLICE_X99Y217        FDCE (Prop_FFF_SLICEL_C_Q)
                                                      0.039     1.608 r  u_soc/u_dbg/rdata_q_reg[9]/Q
                         net (fo=1, routed)           0.029     1.637    u_soc/u_dbg/rdata_q__0[9]
    SLICE_X99Y217        LUT3 (Prop_C6LUT_SLICEL_I0_O)
                                                      0.050     1.687 r  u_soc/u_dbg/dr[11]_i_1/O
                         net (fo=1, routed)           0.017     1.704    u_soc/u_dbg/dr[11]_i_1_n_0
    SLICE_X99Y217        FDCE                                         r  u_soc/u_dbg/dr_reg[11]/D
  -------------------------------------------------------------------    -------------------

                         (clock jtag_tck rise edge)
                                                      0.000     0.000 r  
    CONFIG_SITE_X0Y0     BSCANE2                      0.000     0.000 r  u_bscan/TCK
                         net (fo=1, routed)           1.281     1.281    bs_tck
    BUFGCE_X1Y115        BUFGCE (Prop_BUFCE_BUFGCE_I_O)
                                                      0.019     1.300 r  u_tck_bufg/O
    X3Y3 (CLOCK_ROOT)    net (fo=118, routed)         1.184     2.484    u_soc/u_dbg/bs_tck_buf
    SLICE_X99Y217        FDCE                                         r  u_soc/u_dbg/dr_reg[11]/C

Slack:                    inf
  Source:                 u_soc/u_dbg/rdata_q_reg[6]/C
                            (rising edge-triggered cell FDCE clocked by clk  {rise@0.000ns fall@3.333ns period=9.999ns})
  Destination:            u_soc/u_dbg/dr_reg[8]/D
                            (rising edge-triggered cell FDCE clocked by jtag_tck  {rise@0.000ns fall@16.667ns period=33.333ns})
  Path Group:             (none)
  Path Type:              Hold (Min at Fast Process Corner)
  Data Path Delay:        0.144ns  (logic 0.087ns (60.417%)  route 0.057ns (39.583%))
  Logic Levels:           1  (LUT3=1)
  Clock Path Skew:        0.916ns (DCD - SCD - CPR)
    Destination Clock Delay (DCD):    2.482ns
    Source Clock Delay      (SCD):    1.566ns
    Clock Pessimism Removal (CPR):    -0.000ns
  Clock Uncertainty:      0.035ns  ((TSJ^2 + TIJ^2)^1/2 + DJ) / 2 + PE
    Total System Jitter     (TSJ):    0.071ns
    Total Input Jitter      (TIJ):    0.000ns
    Discrete Jitter          (DJ):    0.000ns
    Phase Error              (PE):    0.000ns
  Clock Net Delay (Source):      0.930ns (routing 0.425ns, distribution 0.505ns)
  Clock Net Delay (Destination): 1.182ns (routing 0.655ns, distribution 0.527ns)
  Timing Exception:       Asynchronous Clock Groups

    Location             Delay type                Incr(ns)  Path(ns)    Netlist Resource(s)
  -------------------------------------------------------------------    -------------------
                         (clock clk rise edge)        0.000     0.000 r  
    AH18                                              0.000     0.000 r  clk300_p (IN)
                         net (fo=0)                   0.079     0.079    u_ibufds/I
    HPIOBDIFFINBUF_X1Y36 DIFFINBUF (Prop_DIFFINBUF_HPIOBDIFFINBUF_DIFF_IN_P_O)
                                                      0.284     0.363 r  u_ibufds/DIFFINBUF_INST/O
                         net (fo=1, routed)           0.040     0.403    u_ibufds/OUT
    AH18                 IBUFCTRL (Prop_IBUFCTRL_HPIOB_M_I_O)
                                                      0.000     0.403 r  u_ibufds/IBUFCTRL_INST/O
                         net (fo=1, routed)           0.144     0.547    clk_ref
    BUFGCE_DIV_X1Y5      BUFGCE_DIV (Prop_BUFGCE_DIV_I_O)
                                                      0.089     0.636 r  u_div/O
    X2Y3 (CLOCK_ROOT)    net (fo=973, routed)         0.930     1.566    u_soc/u_dbg/clk
    SLICE_X98Y214        FDCE                                         r  u_soc/u_dbg/rdata_q_reg[6]/C
  -------------------------------------------------------------------    -------------------
    SLICE_X98Y214        FDCE (Prop_EFF_SLICEL_C_Q)
                                                      0.039     1.605 r  u_soc/u_dbg/rdata_q_reg[6]/Q
                         net (fo=1, routed)           0.051     1.656    u_soc/u_dbg/rdata_q__0[6]
    SLICE_X98Y214        LUT3 (Prop_D5LUT_SLICEL_I0_O)
                                                      0.048     1.704 r  u_soc/u_dbg/dr[8]_i_1/O
                         net (fo=1, routed)           0.006     1.710    u_soc/u_dbg/dr[8]_i_1_n_0
    SLICE_X98Y214        FDCE                                         r  u_soc/u_dbg/dr_reg[8]/D
  -------------------------------------------------------------------    -------------------

                         (clock jtag_tck rise edge)
                                                      0.000     0.000 r  
    CONFIG_SITE_X0Y0     BSCANE2                      0.000     0.000 r  u_bscan/TCK
                         net (fo=1, routed)           1.281     1.281    bs_tck
    BUFGCE_X1Y115        BUFGCE (Prop_BUFCE_BUFGCE_I_O)
                                                      0.019     1.300 r  u_tck_bufg/O
    X3Y3 (CLOCK_ROOT)    net (fo=118, routed)         1.182     2.482    u_soc/u_dbg/bs_tck_buf
    SLICE_X98Y214        FDCE                                         r  u_soc/u_dbg/dr_reg[8]/C

Slack:                    inf
  Source:                 u_soc/u_dbg/rdata_q_reg[23]/C
                            (rising edge-triggered cell FDCE clocked by clk  {rise@0.000ns fall@3.333ns period=9.999ns})
  Destination:            u_soc/u_dbg/dr_reg[25]/D
                            (rising edge-triggered cell FDCE clocked by jtag_tck  {rise@0.000ns fall@16.667ns period=33.333ns})
  Path Group:             (none)
  Path Type:              Hold (Min at Fast Process Corner)
  Data Path Delay:        0.156ns  (logic 0.089ns (57.051%)  route 0.067ns (42.949%))
  Logic Levels:           1  (LUT3=1)
  Clock Path Skew:        0.932ns (DCD - SCD - CPR)
    Destination Clock Delay (DCD):    2.489ns
    Source Clock Delay      (SCD):    1.557ns
    Clock Pessimism Removal (CPR):    -0.000ns
  Clock Uncertainty:      0.035ns  ((TSJ^2 + TIJ^2)^1/2 + DJ) / 2 + PE
    Total System Jitter     (TSJ):    0.071ns
    Total Input Jitter      (TIJ):    0.000ns
    Discrete Jitter          (DJ):    0.000ns
    Phase Error              (PE):    0.000ns
  Clock Net Delay (Source):      0.921ns (routing 0.425ns, distribution 0.496ns)
  Clock Net Delay (Destination): 1.189ns (routing 0.655ns, distribution 0.534ns)
  Timing Exception:       Asynchronous Clock Groups

    Location             Delay type                Incr(ns)  Path(ns)    Netlist Resource(s)
  -------------------------------------------------------------------    -------------------
                         (clock clk rise edge)        0.000     0.000 r  
    AH18                                              0.000     0.000 r  clk300_p (IN)
                         net (fo=0)                   0.079     0.079    u_ibufds/I
    HPIOBDIFFINBUF_X1Y36 DIFFINBUF (Prop_DIFFINBUF_HPIOBDIFFINBUF_DIFF_IN_P_O)
                                                      0.284     0.363 r  u_ibufds/DIFFINBUF_INST/O
                         net (fo=1, routed)           0.040     0.403    u_ibufds/OUT
    AH18                 IBUFCTRL (Prop_IBUFCTRL_HPIOB_M_I_O)
                                                      0.000     0.403 r  u_ibufds/IBUFCTRL_INST/O
                         net (fo=1, routed)           0.144     0.547    clk_ref
    BUFGCE_DIV_X1Y5      BUFGCE_DIV (Prop_BUFGCE_DIV_I_O)
                                                      0.089     0.636 r  u_div/O
    X2Y3 (CLOCK_ROOT)    net (fo=973, routed)         0.921     1.557    u_soc/u_dbg/clk
    SLICE_X92Y217        FDCE                                         r  u_soc/u_dbg/rdata_q_reg[23]/C
  -------------------------------------------------------------------    -------------------
    SLICE_X92Y217        FDCE (Prop_EFF_SLICEL_C_Q)
                                                      0.039     1.596 r  u_soc/u_dbg/rdata_q_reg[23]/Q
                         net (fo=1, routed)           0.051     1.647    u_soc/u_dbg/rdata_q__0[23]
    SLICE_X92Y217        LUT3 (Prop_D6LUT_SLICEL_I0_O)
                                                      0.050     1.697 r  u_soc/u_dbg/dr[25]_i_1/O
                         net (fo=1, routed)           0.016     1.713    u_soc/u_dbg/dr[25]_i_1_n_0
    SLICE_X92Y217        FDCE                                         r  u_soc/u_dbg/dr_reg[25]/D
  -------------------------------------------------------------------    -------------------

                         (clock jtag_tck rise edge)
                                                      0.000     0.000 r  
    CONFIG_SITE_X0Y0     BSCANE2                      0.000     0.000 r  u_bscan/TCK
                         net (fo=1, routed)           1.281     1.281    bs_tck
    BUFGCE_X1Y115        BUFGCE (Prop_BUFCE_BUFGCE_I_O)
                                                      0.019     1.300 r  u_tck_bufg/O
    X3Y3 (CLOCK_ROOT)    net (fo=118, routed)         1.189     2.489    u_soc/u_dbg/bs_tck_buf
    SLICE_X92Y217        FDCE                                         r  u_soc/u_dbg/dr_reg[25]/C

Slack:                    inf
  Source:                 u_soc/u_dbg/rdata_q_reg[12]/C
                            (rising edge-triggered cell FDCE clocked by clk  {rise@0.000ns fall@3.333ns period=9.999ns})
  Destination:            u_soc/u_dbg/dr_reg[14]/D
                            (rising edge-triggered cell FDCE clocked by jtag_tck  {rise@0.000ns fall@16.667ns period=33.333ns})
  Path Group:             (none)
  Path Type:              Hold (Min at Fast Process Corner)
  Data Path Delay:        0.148ns  (logic 0.080ns (54.054%)  route 0.068ns (45.946%))
  Logic Levels:           1  (LUT3=1)
  Clock Path Skew:        0.920ns (DCD - SCD - CPR)
    Destination Clock Delay (DCD):    2.488ns
    Source Clock Delay      (SCD):    1.568ns
    Clock Pessimism Removal (CPR):    -0.000ns
  Clock Uncertainty:      0.035ns  ((TSJ^2 + TIJ^2)^1/2 + DJ) / 2 + PE
    Total System Jitter     (TSJ):    0.071ns
    Total Input Jitter      (TIJ):    0.000ns
    Discrete Jitter          (DJ):    0.000ns
    Phase Error              (PE):    0.000ns
  Clock Net Delay (Source):      0.932ns (routing 0.425ns, distribution 0.507ns)
  Clock Net Delay (Destination): 1.188ns (routing 0.655ns, distribution 0.533ns)
  Timing Exception:       Asynchronous Clock Groups

    Location             Delay type                Incr(ns)  Path(ns)    Netlist Resource(s)
  -------------------------------------------------------------------    -------------------
                         (clock clk rise edge)        0.000     0.000 r  
    AH18                                              0.000     0.000 r  clk300_p (IN)
                         net (fo=0)                   0.079     0.079    u_ibufds/I
    HPIOBDIFFINBUF_X1Y36 DIFFINBUF (Prop_DIFFINBUF_HPIOBDIFFINBUF_DIFF_IN_P_O)
                                                      0.284     0.363 r  u_ibufds/DIFFINBUF_INST/O
                         net (fo=1, routed)           0.040     0.403    u_ibufds/OUT
    AH18                 IBUFCTRL (Prop_IBUFCTRL_HPIOB_M_I_O)
                                                      0.000     0.403 r  u_ibufds/IBUFCTRL_INST/O
                         net (fo=1, routed)           0.144     0.547    clk_ref
    BUFGCE_DIV_X1Y5      BUFGCE_DIV (Prop_BUFGCE_DIV_I_O)
                                                      0.089     0.636 r  u_div/O
    X2Y3 (CLOCK_ROOT)    net (fo=973, routed)         0.932     1.568    u_soc/u_dbg/clk
    SLICE_X95Y218        FDCE                                         r  u_soc/u_dbg/rdata_q_reg[12]/C
  -------------------------------------------------------------------    -------------------
    SLICE_X95Y218        FDCE (Prop_EFF_SLICEL_C_Q)
                                                      0.039     1.607 r  u_soc/u_dbg/rdata_q_reg[12]/Q
                         net (fo=1, routed)           0.052     1.659    u_soc/u_dbg/rdata_q__0[12]
    SLICE_X95Y218        LUT3 (Prop_D6LUT_SLICEL_I0_O)
                                                      0.041     1.700 r  u_soc/u_dbg/dr[14]_i_1/O
                         net (fo=1, routed)           0.016     1.716    u_soc/u_dbg/dr[14]_i_1_n_0
    SLICE_X95Y218        FDCE                                         r  u_soc/u_dbg/dr_reg[14]/D
  -------------------------------------------------------------------    -------------------

                         (clock jtag_tck rise edge)
                                                      0.000     0.000 r  
    CONFIG_SITE_X0Y0     BSCANE2                      0.000     0.000 r  u_bscan/TCK
                         net (fo=1, routed)           1.281     1.281    bs_tck
    BUFGCE_X1Y115        BUFGCE (Prop_BUFCE_BUFGCE_I_O)
                                                      0.019     1.300 r  u_tck_bufg/O
    X3Y3 (CLOCK_ROOT)    net (fo=118, routed)         1.188     2.488    u_soc/u_dbg/bs_tck_buf
    SLICE_X95Y218        FDCE                                         r  u_soc/u_dbg/dr_reg[14]/C

Slack:                    inf
  Source:                 u_soc/u_dbg/rdata_q_reg[15]/C
                            (rising edge-triggered cell FDCE clocked by clk  {rise@0.000ns fall@3.333ns period=9.999ns})
  Destination:            u_soc/u_dbg/dr_reg[17]/D
                            (rising edge-triggered cell FDCE clocked by jtag_tck  {rise@0.000ns fall@16.667ns period=33.333ns})
  Path Group:             (none)
  Path Type:              Hold (Min at Fast Process Corner)
  Data Path Delay:        0.153ns  (logic 0.062ns (40.523%)  route 0.091ns (59.477%))
  Logic Levels:           1  (LUT3=1)
  Clock Path Skew:        0.926ns (DCD - SCD - CPR)
    Destination Clock Delay (DCD):    2.492ns
    Source Clock Delay      (SCD):    1.567ns
    Clock Pessimism Removal (CPR):    -0.000ns
  Clock Uncertainty:      0.035ns  ((TSJ^2 + TIJ^2)^1/2 + DJ) / 2 + PE
    Total System Jitter     (TSJ):    0.071ns
    Total Input Jitter      (TIJ):    0.000ns
    Discrete Jitter          (DJ):    0.000ns
    Phase Error              (PE):    0.000ns
  Clock Net Delay (Source):      0.931ns (routing 0.425ns, distribution 0.506ns)
  Clock Net Delay (Destination): 1.192ns (routing 0.655ns, distribution 0.537ns)
  Timing Exception:       Asynchronous Clock Groups

    Location             Delay type                Incr(ns)  Path(ns)    Netlist Resource(s)
  -------------------------------------------------------------------    -------------------
                         (clock clk rise edge)        0.000     0.000 r  
    AH18                                              0.000     0.000 r  clk300_p (IN)
                         net (fo=0)                   0.079     0.079    u_ibufds/I
    HPIOBDIFFINBUF_X1Y36 DIFFINBUF (Prop_DIFFINBUF_HPIOBDIFFINBUF_DIFF_IN_P_O)
                                                      0.284     0.363 r  u_ibufds/DIFFINBUF_INST/O
                         net (fo=1, routed)           0.040     0.403    u_ibufds/OUT
    AH18                 IBUFCTRL (Prop_IBUFCTRL_HPIOB_M_I_O)
                                                      0.000     0.403 r  u_ibufds/IBUFCTRL_INST/O
                         net (fo=1, routed)           0.144     0.547    clk_ref
    BUFGCE_DIV_X1Y5      BUFGCE_DIV (Prop_BUFGCE_DIV_I_O)
                                                      0.089     0.636 r  u_div/O
    X2Y3 (CLOCK_ROOT)    net (fo=973, routed)         0.931     1.567    u_soc/u_dbg/clk
    SLICE_X97Y218        FDCE                                         r  u_soc/u_dbg/rdata_q_reg[15]/C
  -------------------------------------------------------------------    -------------------
    SLICE_X97Y218        FDCE (Prop_EFF2_SLICEL_C_Q)
                                                      0.040     1.607 r  u_soc/u_dbg/rdata_q_reg[15]/Q
                         net (fo=1, routed)           0.074     1.681    u_soc/u_dbg/rdata_q__0[15]
    SLICE_X97Y218        LUT3 (Prop_C6LUT_SLICEL_I0_O)
                                                      0.022     1.703 r  u_soc/u_dbg/dr[17]_i_1/O
                         net (fo=1, routed)           0.017     1.720    u_soc/u_dbg/dr[17]_i_1_n_0
    SLICE_X97Y218        FDCE                                         r  u_soc/u_dbg/dr_reg[17]/D
  -------------------------------------------------------------------    -------------------

                         (clock jtag_tck rise edge)
                                                      0.000     0.000 r  
    CONFIG_SITE_X0Y0     BSCANE2                      0.000     0.000 r  u_bscan/TCK
                         net (fo=1, routed)           1.281     1.281    bs_tck
    BUFGCE_X1Y115        BUFGCE (Prop_BUFCE_BUFGCE_I_O)
                                                      0.019     1.300 r  u_tck_bufg/O
    X3Y3 (CLOCK_ROOT)    net (fo=118, routed)         1.192     2.492    u_soc/u_dbg/bs_tck_buf
    SLICE_X97Y218        FDCE                                         r  u_soc/u_dbg/dr_reg[17]/C





--------------------------------------------------------------------------------------
Path Group:  (none)
From Clock:  jtag_tck
  To Clock:  

Max Delay             1 Endpoint
Min Delay             1 Endpoint
--------------------------------------------------------------------------------------


Max Delay Paths
--------------------------------------------------------------------------------------
Slack:                    inf
  Source:                 u_soc/u_dbg/dr_reg[0]/C
                            (rising edge-triggered cell FDCE clocked by jtag_tck  {rise@0.000ns fall@16.667ns period=33.333ns})
  Destination:            u_bscan/TDO
  Path Group:             (none)
  Path Type:              Max at Slow Process Corner
  Data Path Delay:        0.701ns  (logic 0.079ns (11.264%)  route 0.622ns (88.736%))
  Logic Levels:           0  
  Clock Uncertainty:      0.025ns  ((TSJ^2 + TIJ^2)^1/2 + DJ) / 2 + PE
    Total System Jitter     (TSJ):    0.050ns
    Total Input Jitter      (TIJ):    0.000ns
    Discrete Jitter          (DJ):    0.000ns
    Phase Error              (PE):    0.000ns
  Clock Net Delay (Source):      1.911ns (routing 1.078ns, distribution 0.833ns)

    Location             Delay type                Incr(ns)  Path(ns)    Netlist Resource(s)
  -------------------------------------------------------------------    -------------------
                         (clock jtag_tck rise edge)
                                                      0.000     0.000 r  
    CONFIG_SITE_X0Y0     BSCANE2                      0.000     0.000 r  u_bscan/TCK
                         net (fo=1, routed)           1.838     1.838    bs_tck
    BUFGCE_X1Y115        BUFGCE (Prop_BUFCE_BUFGCE_I_O)
                                                      0.028     1.866 r  u_tck_bufg/O
    X3Y3 (CLOCK_ROOT)    net (fo=118, routed)         1.911     3.777    u_soc/u_dbg/bs_tck_buf
    SLICE_X99Y214        FDCE                                         r  u_soc/u_dbg/dr_reg[0]/C
  -------------------------------------------------------------------    -------------------
    SLICE_X99Y214        FDCE (Prop_DFF_SLICEL_C_Q)
                                                      0.079     3.856 r  u_soc/u_dbg/dr_reg[0]/Q
                         net (fo=3, routed)           0.622     4.478    bs_tdo
    CONFIG_SITE_X0Y0     BSCANE2                                      r  u_bscan/TDO
  -------------------------------------------------------------------    -------------------





Min Delay Paths
--------------------------------------------------------------------------------------
Slack:                    inf
  Source:                 u_soc/u_dbg/dr_reg[0]/C
                            (rising edge-triggered cell FDCE clocked by jtag_tck  {rise@0.000ns fall@16.667ns period=33.333ns})
  Destination:            u_bscan/TDO
  Path Group:             (none)
  Path Type:              Min at Fast Process Corner
  Data Path Delay:        0.381ns  (logic 0.039ns (10.242%)  route 0.342ns (89.758%))
  Logic Levels:           0  
  Clock Uncertainty:      0.025ns  ((TSJ^2 + TIJ^2)^1/2 + DJ) / 2 + PE
    Total System Jitter     (TSJ):    0.050ns
    Total Input Jitter      (TIJ):    0.000ns
    Discrete Jitter          (DJ):    0.000ns
    Phase Error              (PE):    0.000ns
  Clock Net Delay (Source):      1.050ns (routing 0.586ns, distribution 0.464ns)

    Location             Delay type                Incr(ns)  Path(ns)    Netlist Resource(s)
  -------------------------------------------------------------------    -------------------
                         (clock jtag_tck rise edge)
                                                      0.000     0.000 r  
    CONFIG_SITE_X0Y0     BSCANE2                      0.000     0.000 r  u_bscan/TCK
                         net (fo=1, routed)           0.962     0.962    bs_tck
    BUFGCE_X1Y115        BUFGCE (Prop_BUFCE_BUFGCE_I_O)
                                                      0.017     0.979 r  u_tck_bufg/O
    X3Y3 (CLOCK_ROOT)    net (fo=118, routed)         1.050     2.029    u_soc/u_dbg/bs_tck_buf
    SLICE_X99Y214        FDCE                                         r  u_soc/u_dbg/dr_reg[0]/C
  -------------------------------------------------------------------    -------------------
    SLICE_X99Y214        FDCE (Prop_DFF_SLICEL_C_Q)
                                                      0.039     2.068 r  u_soc/u_dbg/dr_reg[0]/Q
                         net (fo=3, routed)           0.342     2.409    bs_tdo
    CONFIG_SITE_X0Y0     BSCANE2                                      r  u_bscan/TDO
  -------------------------------------------------------------------    -------------------





--------------------------------------------------------------------------------------
Path Group:  (none)
From Clock:  
  To Clock:  jtag_tck

Max Delay           182 Endpoints
Min Delay           182 Endpoints
--------------------------------------------------------------------------------------


Max Delay Paths
--------------------------------------------------------------------------------------
Slack:                    inf
  Source:                 u_bscan/INTERNAL_TCK
                            (falling edge-triggered cell BSCANE2)
  Destination:            u_soc/u_dbg/req_data_reg[10]/CE
                            (rising edge-triggered cell FDCE clocked by jtag_tck  {rise@0.000ns fall@16.667ns period=33.333ns})
  Path Group:             (none)
  Path Type:              Setup (Max at Slow Process Corner)
  Data Path Delay:        7.598ns  (logic 5.308ns (69.865%)  route 2.290ns (30.135%))
  Logic Levels:           3  (BSCANE2=1 LUT4=1 LUT6=1)
  Clock Uncertainty:      0.025ns  ((TSJ^2 + TIJ^2)^1/2 + DJ) / 2 + PE
    Total System Jitter     (TSJ):    0.050ns
    Total Input Jitter      (TIJ):    0.000ns
    Discrete Jitter          (DJ):    0.000ns
    Phase Error              (PE):    0.000ns
  Clock Net Delay (Destination): 1.701ns (routing 0.978ns, distribution 0.723ns)

    Location             Delay type                Incr(ns)  Path(ns)    Netlist Resource(s)
  -------------------------------------------------------------------    -------------------
    CONFIG_SITE_X0Y0     BSCANE2                      0.000     0.000 f  u_bscan/INTERNAL_TCK
    CONFIG_SITE_X0Y0     BSCANE2 (Prop_BSCAN1_CONFIG_SITE_INTERNAL_TCK_SEL)
                                                      5.100     5.100 r  u_bscan/SEL
                         net (fo=4, routed)           1.215     6.315    u_soc/u_dbg/bs_sel
    SLICE_X99Y214        LUT6 (Prop_F6LUT_SLICEL_I2_O)
                                                      0.097     6.412 r  u_soc/u_dbg/req_data[31]_i_2/O
                         net (fo=2, routed)           0.150     6.563    u_soc/u_dbg/req_op0__3
    SLICE_X99Y214        LUT4 (Prop_G5LUT_SLICEL_I1_O)
                                                      0.111     6.674 r  u_soc/u_dbg/req_data[31]_i_1/O
                         net (fo=49, routed)          0.924     7.598    u_soc/u_dbg/req_data[31]_i_1_n_0
    SLICE_X96Y217        FDCE                                         r  u_soc/u_dbg/req_data_reg[10]/CE
  -------------------------------------------------------------------    -------------------

                         (clock jtag_tck rise edge)
                                                      0.000     0.000 r  
    CONFIG_SITE_X0Y0     BSCANE2                      0.000     0.000 r  u_bscan/TCK
                         net (fo=1, routed)           1.240     1.240    bs_tck
    BUFGCE_X1Y115        BUFGCE (Prop_BUFCE_BUFGCE_I_O)
                                                      0.024     1.264 r  u_tck_bufg/O
    X3Y3 (CLOCK_ROOT)    net (fo=118, routed)         1.701     2.965    u_soc/u_dbg/bs_tck_buf
    SLICE_X96Y217        FDCE                                         r  u_soc/u_dbg/req_data_reg[10]/C

Slack:                    inf
  Source:                 u_bscan/INTERNAL_TCK
                            (falling edge-triggered cell BSCANE2)
  Destination:            u_soc/u_dbg/req_data_reg[12]/CE
                            (rising edge-triggered cell FDCE clocked by jtag_tck  {rise@0.000ns fall@16.667ns period=33.333ns})
  Path Group:             (none)
  Path Type:              Setup (Max at Slow Process Corner)
  Data Path Delay:        7.598ns  (logic 5.308ns (69.865%)  route 2.290ns (30.135%))
  Logic Levels:           3  (BSCANE2=1 LUT4=1 LUT6=1)
  Clock Uncertainty:      0.025ns  ((TSJ^2 + TIJ^2)^1/2 + DJ) / 2 + PE
    Total System Jitter     (TSJ):    0.050ns
    Total Input Jitter      (TIJ):    0.000ns
    Discrete Jitter          (DJ):    0.000ns
    Phase Error              (PE):    0.000ns
  Clock Net Delay (Destination): 1.701ns (routing 0.978ns, distribution 0.723ns)

    Location             Delay type                Incr(ns)  Path(ns)    Netlist Resource(s)
  -------------------------------------------------------------------    -------------------
    CONFIG_SITE_X0Y0     BSCANE2                      0.000     0.000 f  u_bscan/INTERNAL_TCK
    CONFIG_SITE_X0Y0     BSCANE2 (Prop_BSCAN1_CONFIG_SITE_INTERNAL_TCK_SEL)
                                                      5.100     5.100 r  u_bscan/SEL
                         net (fo=4, routed)           1.215     6.315    u_soc/u_dbg/bs_sel
    SLICE_X99Y214        LUT6 (Prop_F6LUT_SLICEL_I2_O)
                                                      0.097     6.412 r  u_soc/u_dbg/req_data[31]_i_2/O
                         net (fo=2, routed)           0.150     6.563    u_soc/u_dbg/req_op0__3
    SLICE_X99Y214        LUT4 (Prop_G5LUT_SLICEL_I1_O)
                                                      0.111     6.674 r  u_soc/u_dbg/req_data[31]_i_1/O
                         net (fo=49, routed)          0.924     7.598    u_soc/u_dbg/req_data[31]_i_1_n_0
    SLICE_X96Y217        FDCE                                         r  u_soc/u_dbg/req_data_reg[12]/CE
  -------------------------------------------------------------------    -------------------

                         (clock jtag_tck rise edge)
                                                      0.000     0.000 r  
    CONFIG_SITE_X0Y0     BSCANE2                      0.000     0.000 r  u_bscan/TCK
                         net (fo=1, routed)           1.240     1.240    bs_tck
    BUFGCE_X1Y115        BUFGCE (Prop_BUFCE_BUFGCE_I_O)
                                                      0.024     1.264 r  u_tck_bufg/O
    X3Y3 (CLOCK_ROOT)    net (fo=118, routed)         1.701     2.965    u_soc/u_dbg/bs_tck_buf
    SLICE_X96Y217        FDCE                                         r  u_soc/u_dbg/req_data_reg[12]/C

Slack:                    inf
  Source:                 u_bscan/INTERNAL_TCK
                            (falling edge-triggered cell BSCANE2)
  Destination:            u_soc/u_dbg/req_data_reg[3]/CE
                            (rising edge-triggered cell FDCE clocked by jtag_tck  {rise@0.000ns fall@16.667ns period=33.333ns})
  Path Group:             (none)
  Path Type:              Setup (Max at Slow Process Corner)
  Data Path Delay:        7.598ns  (logic 5.308ns (69.865%)  route 2.290ns (30.135%))
  Logic Levels:           3  (BSCANE2=1 LUT4=1 LUT6=1)
  Clock Uncertainty:      0.025ns  ((TSJ^2 + TIJ^2)^1/2 + DJ) / 2 + PE
    Total System Jitter     (TSJ):    0.050ns
    Total Input Jitter      (TIJ):    0.000ns
    Discrete Jitter          (DJ):    0.000ns
    Phase Error              (PE):    0.000ns
  Clock Net Delay (Destination): 1.701ns (routing 0.978ns, distribution 0.723ns)

    Location             Delay type                Incr(ns)  Path(ns)    Netlist Resource(s)
  -------------------------------------------------------------------    -------------------
    CONFIG_SITE_X0Y0     BSCANE2                      0.000     0.000 f  u_bscan/INTERNAL_TCK
    CONFIG_SITE_X0Y0     BSCANE2 (Prop_BSCAN1_CONFIG_SITE_INTERNAL_TCK_SEL)
                                                      5.100     5.100 r  u_bscan/SEL
                         net (fo=4, routed)           1.215     6.315    u_soc/u_dbg/bs_sel
    SLICE_X99Y214        LUT6 (Prop_F6LUT_SLICEL_I2_O)
                                                      0.097     6.412 r  u_soc/u_dbg/req_data[31]_i_2/O
                         net (fo=2, routed)           0.150     6.563    u_soc/u_dbg/req_op0__3
    SLICE_X99Y214        LUT4 (Prop_G5LUT_SLICEL_I1_O)
                                                      0.111     6.674 r  u_soc/u_dbg/req_data[31]_i_1/O
                         net (fo=49, routed)          0.924     7.598    u_soc/u_dbg/req_data[31]_i_1_n_0
    SLICE_X96Y217        FDCE                                         r  u_soc/u_dbg/req_data_reg[3]/CE
  -------------------------------------------------------------------    -------------------

                         (clock jtag_tck rise edge)
                                                      0.000     0.000 r  
    CONFIG_SITE_X0Y0     BSCANE2                      0.000     0.000 r  u_bscan/TCK
                         net (fo=1, routed)           1.240     1.240    bs_tck
    BUFGCE_X1Y115        BUFGCE (Prop_BUFCE_BUFGCE_I_O)
                                                      0.024     1.264 r  u_tck_bufg/O
    X3Y3 (CLOCK_ROOT)    net (fo=118, routed)         1.701     2.965    u_soc/u_dbg/bs_tck_buf
    SLICE_X96Y217        FDCE                                         r  u_soc/u_dbg/req_data_reg[3]/C

Slack:                    inf
  Source:                 u_bscan/INTERNAL_TCK
                            (falling edge-triggered cell BSCANE2)
  Destination:            u_soc/u_dbg/req_data_reg[8]/CE
                            (rising edge-triggered cell FDCE clocked by jtag_tck  {rise@0.000ns fall@16.667ns period=33.333ns})
  Path Group:             (none)
  Path Type:              Setup (Max at Slow Process Corner)
  Data Path Delay:        7.598ns  (logic 5.308ns (69.865%)  route 2.290ns (30.135%))
  Logic Levels:           3  (BSCANE2=1 LUT4=1 LUT6=1)
  Clock Uncertainty:      0.025ns  ((TSJ^2 + TIJ^2)^1/2 + DJ) / 2 + PE
    Total System Jitter     (TSJ):    0.050ns
    Total Input Jitter      (TIJ):    0.000ns
    Discrete Jitter          (DJ):    0.000ns
    Phase Error              (PE):    0.000ns
  Clock Net Delay (Destination): 1.701ns (routing 0.978ns, distribution 0.723ns)

    Location             Delay type                Incr(ns)  Path(ns)    Netlist Resource(s)
  -------------------------------------------------------------------    -------------------
    CONFIG_SITE_X0Y0     BSCANE2                      0.000     0.000 f  u_bscan/INTERNAL_TCK
    CONFIG_SITE_X0Y0     BSCANE2 (Prop_BSCAN1_CONFIG_SITE_INTERNAL_TCK_SEL)
                                                      5.100     5.100 r  u_bscan/SEL
                         net (fo=4, routed)           1.215     6.315    u_soc/u_dbg/bs_sel
    SLICE_X99Y214        LUT6 (Prop_F6LUT_SLICEL_I2_O)
                                                      0.097     6.412 r  u_soc/u_dbg/req_data[31]_i_2/O
                         net (fo=2, routed)           0.150     6.563    u_soc/u_dbg/req_op0__3
    SLICE_X99Y214        LUT4 (Prop_G5LUT_SLICEL_I1_O)
                                                      0.111     6.674 r  u_soc/u_dbg/req_data[31]_i_1/O
                         net (fo=49, routed)          0.924     7.598    u_soc/u_dbg/req_data[31]_i_1_n_0
    SLICE_X96Y217        FDCE                                         r  u_soc/u_dbg/req_data_reg[8]/CE
  -------------------------------------------------------------------    -------------------

                         (clock jtag_tck rise edge)
                                                      0.000     0.000 r  
    CONFIG_SITE_X0Y0     BSCANE2                      0.000     0.000 r  u_bscan/TCK
                         net (fo=1, routed)           1.240     1.240    bs_tck
    BUFGCE_X1Y115        BUFGCE (Prop_BUFCE_BUFGCE_I_O)
                                                      0.024     1.264 r  u_tck_bufg/O
    X3Y3 (CLOCK_ROOT)    net (fo=118, routed)         1.701     2.965    u_soc/u_dbg/bs_tck_buf
    SLICE_X96Y217        FDCE                                         r  u_soc/u_dbg/req_data_reg[8]/C

Slack:                    inf
  Source:                 u_bscan/INTERNAL_TCK
                            (falling edge-triggered cell BSCANE2)
  Destination:            u_soc/u_dbg/req_addr_reg[14]/CE
                            (rising edge-triggered cell FDCE clocked by jtag_tck  {rise@0.000ns fall@16.667ns period=33.333ns})
  Path Group:             (none)
  Path Type:              Setup (Max at Slow Process Corner)
  Data Path Delay:        7.596ns  (logic 5.308ns (69.883%)  route 2.288ns (30.117%))
  Logic Levels:           3  (BSCANE2=1 LUT4=1 LUT6=1)
  Clock Uncertainty:      0.025ns  ((TSJ^2 + TIJ^2)^1/2 + DJ) / 2 + PE
    Total System Jitter     (TSJ):    0.050ns
    Total Input Jitter      (TIJ):    0.000ns
    Discrete Jitter          (DJ):    0.000ns
    Phase Error              (PE):    0.000ns
  Clock Net Delay (Destination): 1.701ns (routing 0.978ns, distribution 0.723ns)

    Location             Delay type                Incr(ns)  Path(ns)    Netlist Resource(s)
  -------------------------------------------------------------------    -------------------
    CONFIG_SITE_X0Y0     BSCANE2                      0.000     0.000 f  u_bscan/INTERNAL_TCK
    CONFIG_SITE_X0Y0     BSCANE2 (Prop_BSCAN1_CONFIG_SITE_INTERNAL_TCK_SEL)
                                                      5.100     5.100 r  u_bscan/SEL
                         net (fo=4, routed)           1.215     6.315    u_soc/u_dbg/bs_sel
    SLICE_X99Y214        LUT6 (Prop_F6LUT_SLICEL_I2_O)
                                                      0.097     6.412 r  u_soc/u_dbg/req_data[31]_i_2/O
                         net (fo=2, routed)           0.150     6.563    u_soc/u_dbg/req_op0__3
    SLICE_X99Y214        LUT4 (Prop_G5LUT_SLICEL_I1_O)
                                                      0.111     6.674 r  u_soc/u_dbg/req_data[31]_i_1/O
                         net (fo=49, routed)          0.922     7.596    u_soc/u_dbg/req_data[31]_i_1_n_0
    SLICE_X96Y217        FDCE                                         r  u_soc/u_dbg/req_addr_reg[14]/CE
  -------------------------------------------------------------------    -------------------

                         (clock jtag_tck rise edge)
                                                      0.000     0.000 r  
    CONFIG_SITE_X0Y0     BSCANE2                      0.000     0.000 r  u_bscan/TCK
                         net (fo=1, routed)           1.240     1.240    bs_tck
    BUFGCE_X1Y115        BUFGCE (Prop_BUFCE_BUFGCE_I_O)
                                                      0.024     1.264 r  u_tck_bufg/O
    X3Y3 (CLOCK_ROOT)    net (fo=118, routed)         1.701     2.965    u_soc/u_dbg/bs_tck_buf
    SLICE_X96Y217        FDCE                                         r  u_soc/u_dbg/req_addr_reg[14]/C

Slack:                    inf
  Source:                 u_bscan/INTERNAL_TCK
                            (falling edge-triggered cell BSCANE2)
  Destination:            u_soc/u_dbg/req_data_reg[11]/CE
                            (rising edge-triggered cell FDCE clocked by jtag_tck  {rise@0.000ns fall@16.667ns period=33.333ns})
  Path Group:             (none)
  Path Type:              Setup (Max at Slow Process Corner)
  Data Path Delay:        7.596ns  (logic 5.308ns (69.883%)  route 2.288ns (30.117%))
  Logic Levels:           3  (BSCANE2=1 LUT4=1 LUT6=1)
  Clock Uncertainty:      0.025ns  ((TSJ^2 + TIJ^2)^1/2 + DJ) / 2 + PE
    Total System Jitter     (TSJ):    0.050ns
    Total Input Jitter      (TIJ):    0.000ns
    Discrete Jitter          (DJ):    0.000ns
    Phase Error              (PE):    0.000ns
  Clock Net Delay (Destination): 1.701ns (routing 0.978ns, distribution 0.723ns)

    Location             Delay type                Incr(ns)  Path(ns)    Netlist Resource(s)
  -------------------------------------------------------------------    -------------------
    CONFIG_SITE_X0Y0     BSCANE2                      0.000     0.000 f  u_bscan/INTERNAL_TCK
    CONFIG_SITE_X0Y0     BSCANE2 (Prop_BSCAN1_CONFIG_SITE_INTERNAL_TCK_SEL)
                                                      5.100     5.100 r  u_bscan/SEL
                         net (fo=4, routed)           1.215     6.315    u_soc/u_dbg/bs_sel
    SLICE_X99Y214        LUT6 (Prop_F6LUT_SLICEL_I2_O)
                                                      0.097     6.412 r  u_soc/u_dbg/req_data[31]_i_2/O
                         net (fo=2, routed)           0.150     6.563    u_soc/u_dbg/req_op0__3
    SLICE_X99Y214        LUT4 (Prop_G5LUT_SLICEL_I1_O)
                                                      0.111     6.674 r  u_soc/u_dbg/req_data[31]_i_1/O
                         net (fo=49, routed)          0.922     7.596    u_soc/u_dbg/req_data[31]_i_1_n_0
    SLICE_X96Y217        FDCE                                         r  u_soc/u_dbg/req_data_reg[11]/CE
  -------------------------------------------------------------------    -------------------

                         (clock jtag_tck rise edge)
                                                      0.000     0.000 r  
    CONFIG_SITE_X0Y0     BSCANE2                      0.000     0.000 r  u_bscan/TCK
                         net (fo=1, routed)           1.240     1.240    bs_tck
    BUFGCE_X1Y115        BUFGCE (Prop_BUFCE_BUFGCE_I_O)
                                                      0.024     1.264 r  u_tck_bufg/O
    X3Y3 (CLOCK_ROOT)    net (fo=118, routed)         1.701     2.965    u_soc/u_dbg/bs_tck_buf
    SLICE_X96Y217        FDCE                                         r  u_soc/u_dbg/req_data_reg[11]/C

Slack:                    inf
  Source:                 u_bscan/INTERNAL_TCK
                            (falling edge-triggered cell BSCANE2)
  Destination:            u_soc/u_dbg/req_data_reg[2]/CE
                            (rising edge-triggered cell FDCE clocked by jtag_tck  {rise@0.000ns fall@16.667ns period=33.333ns})
  Path Group:             (none)
  Path Type:              Setup (Max at Slow Process Corner)
  Data Path Delay:        7.596ns  (logic 5.308ns (69.883%)  route 2.288ns (30.117%))
  Logic Levels:           3  (BSCANE2=1 LUT4=1 LUT6=1)
  Clock Uncertainty:      0.025ns  ((TSJ^2 + TIJ^2)^1/2 + DJ) / 2 + PE
    Total System Jitter     (TSJ):    0.050ns
    Total Input Jitter      (TIJ):    0.000ns
    Discrete Jitter          (DJ):    0.000ns
    Phase Error              (PE):    0.000ns
  Clock Net Delay (Destination): 1.701ns (routing 0.978ns, distribution 0.723ns)

    Location             Delay type                Incr(ns)  Path(ns)    Netlist Resource(s)
  -------------------------------------------------------------------    -------------------
    CONFIG_SITE_X0Y0     BSCANE2                      0.000     0.000 f  u_bscan/INTERNAL_TCK
    CONFIG_SITE_X0Y0     BSCANE2 (Prop_BSCAN1_CONFIG_SITE_INTERNAL_TCK_SEL)
                                                      5.100     5.100 r  u_bscan/SEL
                         net (fo=4, routed)           1.215     6.315    u_soc/u_dbg/bs_sel
    SLICE_X99Y214        LUT6 (Prop_F6LUT_SLICEL_I2_O)
                                                      0.097     6.412 r  u_soc/u_dbg/req_data[31]_i_2/O
                         net (fo=2, routed)           0.150     6.563    u_soc/u_dbg/req_op0__3
    SLICE_X99Y214        LUT4 (Prop_G5LUT_SLICEL_I1_O)
                                                      0.111     6.674 r  u_soc/u_dbg/req_data[31]_i_1/O
                         net (fo=49, routed)          0.922     7.596    u_soc/u_dbg/req_data[31]_i_1_n_0
    SLICE_X96Y217        FDCE                                         r  u_soc/u_dbg/req_data_reg[2]/CE
  -------------------------------------------------------------------    -------------------

                         (clock jtag_tck rise edge)
                                                      0.000     0.000 r  
    CONFIG_SITE_X0Y0     BSCANE2                      0.000     0.000 r  u_bscan/TCK
                         net (fo=1, routed)           1.240     1.240    bs_tck
    BUFGCE_X1Y115        BUFGCE (Prop_BUFCE_BUFGCE_I_O)
                                                      0.024     1.264 r  u_tck_bufg/O
    X3Y3 (CLOCK_ROOT)    net (fo=118, routed)         1.701     2.965    u_soc/u_dbg/bs_tck_buf
    SLICE_X96Y217        FDCE                                         r  u_soc/u_dbg/req_data_reg[2]/C

Slack:                    inf
  Source:                 u_bscan/INTERNAL_TCK
                            (falling edge-triggered cell BSCANE2)
  Destination:            u_soc/u_dbg/req_data_reg[4]/CE
                            (rising edge-triggered cell FDCE clocked by jtag_tck  {rise@0.000ns fall@16.667ns period=33.333ns})
  Path Group:             (none)
  Path Type:              Setup (Max at Slow Process Corner)
  Data Path Delay:        7.596ns  (logic 5.308ns (69.883%)  route 2.288ns (30.117%))
  Logic Levels:           3  (BSCANE2=1 LUT4=1 LUT6=1)
  Clock Uncertainty:      0.025ns  ((TSJ^2 + TIJ^2)^1/2 + DJ) / 2 + PE
    Total System Jitter     (TSJ):    0.050ns
    Total Input Jitter      (TIJ):    0.000ns
    Discrete Jitter          (DJ):    0.000ns
    Phase Error              (PE):    0.000ns
  Clock Net Delay (Destination): 1.701ns (routing 0.978ns, distribution 0.723ns)

    Location             Delay type                Incr(ns)  Path(ns)    Netlist Resource(s)
  -------------------------------------------------------------------    -------------------
    CONFIG_SITE_X0Y0     BSCANE2                      0.000     0.000 f  u_bscan/INTERNAL_TCK
    CONFIG_SITE_X0Y0     BSCANE2 (Prop_BSCAN1_CONFIG_SITE_INTERNAL_TCK_SEL)
                                                      5.100     5.100 r  u_bscan/SEL
                         net (fo=4, routed)           1.215     6.315    u_soc/u_dbg/bs_sel
    SLICE_X99Y214        LUT6 (Prop_F6LUT_SLICEL_I2_O)
                                                      0.097     6.412 r  u_soc/u_dbg/req_data[31]_i_2/O
                         net (fo=2, routed)           0.150     6.563    u_soc/u_dbg/req_op0__3
    SLICE_X99Y214        LUT4 (Prop_G5LUT_SLICEL_I1_O)
                                                      0.111     6.674 r  u_soc/u_dbg/req_data[31]_i_1/O
                         net (fo=49, routed)          0.922     7.596    u_soc/u_dbg/req_data[31]_i_1_n_0
    SLICE_X96Y217        FDCE                                         r  u_soc/u_dbg/req_data_reg[4]/CE
  -------------------------------------------------------------------    -------------------

                         (clock jtag_tck rise edge)
                                                      0.000     0.000 r  
    CONFIG_SITE_X0Y0     BSCANE2                      0.000     0.000 r  u_bscan/TCK
                         net (fo=1, routed)           1.240     1.240    bs_tck
    BUFGCE_X1Y115        BUFGCE (Prop_BUFCE_BUFGCE_I_O)
                                                      0.024     1.264 r  u_tck_bufg/O
    X3Y3 (CLOCK_ROOT)    net (fo=118, routed)         1.701     2.965    u_soc/u_dbg/bs_tck_buf
    SLICE_X96Y217        FDCE                                         r  u_soc/u_dbg/req_data_reg[4]/C

Slack:                    inf
  Source:                 u_bscan/INTERNAL_TCK
                            (falling edge-triggered cell BSCANE2)
  Destination:            u_soc/u_dbg/req_data_reg[13]/CE
                            (rising edge-triggered cell FDCE clocked by jtag_tck  {rise@0.000ns fall@16.667ns period=33.333ns})
  Path Group:             (none)
  Path Type:              Setup (Max at Slow Process Corner)
  Data Path Delay:        7.526ns  (logic 5.308ns (70.530%)  route 2.218ns (29.470%))
  Logic Levels:           3  (BSCANE2=1 LUT4=1 LUT6=1)
  Clock Uncertainty:      0.025ns  ((TSJ^2 + TIJ^2)^1/2 + DJ) / 2 + PE
    Total System Jitter     (TSJ):    0.050ns
    Total Input Jitter      (TIJ):    0.000ns
    Discrete Jitter          (DJ):    0.000ns
    Phase Error              (PE):    0.000ns
  Clock Net Delay (Destination): 1.705ns (routing 0.978ns, distribution 0.727ns)

    Location             Delay type                Incr(ns)  Path(ns)    Netlist Resource(s)
  -------------------------------------------------------------------    -------------------
    CONFIG_SITE_X0Y0     BSCANE2                      0.000     0.000 f  u_bscan/INTERNAL_TCK
    CONFIG_SITE_X0Y0     BSCANE2 (Prop_BSCAN1_CONFIG_SITE_INTERNAL_TCK_SEL)
                                                      5.100     5.100 r  u_bscan/SEL
                         net (fo=4, routed)           1.215     6.315    u_soc/u_dbg/bs_sel
    SLICE_X99Y214        LUT6 (Prop_F6LUT_SLICEL_I2_O)
                                                      0.097     6.412 r  u_soc/u_dbg/req_data[31]_i_2/O
                         net (fo=2, routed)           0.150     6.563    u_soc/u_dbg/req_op0__3
    SLICE_X99Y214        LUT4 (Prop_G5LUT_SLICEL_I1_O)
                                                      0.111     6.674 r  u_soc/u_dbg/req_data[31]_i_1/O
                         net (fo=49, routed)          0.852     7.526    u_soc/u_dbg/req_data[31]_i_1_n_0
    SLICE_X96Y219        FDCE                                         r  u_soc/u_dbg/req_data_reg[13]/CE
  -------------------------------------------------------------------    -------------------

                         (clock jtag_tck rise edge)
                                                      0.000     0.000 r  
    CONFIG_SITE_X0Y0     BSCANE2                      0.000     0.000 r  u_bscan/TCK
                         net (fo=1, routed)           1.240     1.240    bs_tck
    BUFGCE_X1Y115        BUFGCE (Prop_BUFCE_BUFGCE_I_O)
                                                      0.024     1.264 r  u_tck_bufg/O
    X3Y3 (CLOCK_ROOT)    net (fo=118, routed)         1.705     2.969    u_soc/u_dbg/bs_tck_buf
    SLICE_X96Y219        FDCE                                         r  u_soc/u_dbg/req_data_reg[13]/C

Slack:                    inf
  Source:                 u_bscan/INTERNAL_TCK
                            (falling edge-triggered cell BSCANE2)
  Destination:            u_soc/u_dbg/req_data_reg[17]/CE
                            (rising edge-triggered cell FDCE clocked by jtag_tck  {rise@0.000ns fall@16.667ns period=33.333ns})
  Path Group:             (none)
  Path Type:              Setup (Max at Slow Process Corner)
  Data Path Delay:        7.526ns  (logic 5.308ns (70.530%)  route 2.218ns (29.470%))
  Logic Levels:           3  (BSCANE2=1 LUT4=1 LUT6=1)
  Clock Uncertainty:      0.025ns  ((TSJ^2 + TIJ^2)^1/2 + DJ) / 2 + PE
    Total System Jitter     (TSJ):    0.050ns
    Total Input Jitter      (TIJ):    0.000ns
    Discrete Jitter          (DJ):    0.000ns
    Phase Error              (PE):    0.000ns
  Clock Net Delay (Destination): 1.705ns (routing 0.978ns, distribution 0.727ns)

    Location             Delay type                Incr(ns)  Path(ns)    Netlist Resource(s)
  -------------------------------------------------------------------    -------------------
    CONFIG_SITE_X0Y0     BSCANE2                      0.000     0.000 f  u_bscan/INTERNAL_TCK
    CONFIG_SITE_X0Y0     BSCANE2 (Prop_BSCAN1_CONFIG_SITE_INTERNAL_TCK_SEL)
                                                      5.100     5.100 r  u_bscan/SEL
                         net (fo=4, routed)           1.215     6.315    u_soc/u_dbg/bs_sel
    SLICE_X99Y214        LUT6 (Prop_F6LUT_SLICEL_I2_O)
                                                      0.097     6.412 r  u_soc/u_dbg/req_data[31]_i_2/O
                         net (fo=2, routed)           0.150     6.563    u_soc/u_dbg/req_op0__3
    SLICE_X99Y214        LUT4 (Prop_G5LUT_SLICEL_I1_O)
                                                      0.111     6.674 r  u_soc/u_dbg/req_data[31]_i_1/O
                         net (fo=49, routed)          0.852     7.526    u_soc/u_dbg/req_data[31]_i_1_n_0
    SLICE_X96Y219        FDCE                                         r  u_soc/u_dbg/req_data_reg[17]/CE
  -------------------------------------------------------------------    -------------------

                         (clock jtag_tck rise edge)
                                                      0.000     0.000 r  
    CONFIG_SITE_X0Y0     BSCANE2                      0.000     0.000 r  u_bscan/TCK
                         net (fo=1, routed)           1.240     1.240    bs_tck
    BUFGCE_X1Y115        BUFGCE (Prop_BUFCE_BUFGCE_I_O)
                                                      0.024     1.264 r  u_tck_bufg/O
    X3Y3 (CLOCK_ROOT)    net (fo=118, routed)         1.705     2.969    u_soc/u_dbg/bs_tck_buf
    SLICE_X96Y219        FDCE                                         r  u_soc/u_dbg/req_data_reg[17]/C





Min Delay Paths
--------------------------------------------------------------------------------------
Slack:                    inf
  Source:                 u_bscan/INTERNAL_TCK
                            (falling edge-triggered cell BSCANE2)
  Destination:            u_soc/u_dbg/req_toggle_reg/D
                            (rising edge-triggered cell FDCE clocked by jtag_tck  {rise@0.000ns fall@16.667ns period=33.333ns})
  Path Group:             (none)
  Path Type:              Hold (Min at Fast Process Corner)
  Data Path Delay:        0.824ns  (logic 0.485ns (58.870%)  route 0.339ns (41.130%))
  Logic Levels:           2  (BSCANE2=1 LUT5=1)
  Clock Uncertainty:      0.025ns  ((TSJ^2 + TIJ^2)^1/2 + DJ) / 2 + PE
    Total System Jitter     (TSJ):    0.050ns
    Total Input Jitter      (TIJ):    0.000ns
    Discrete Jitter          (DJ):    0.000ns
    Phase Error              (PE):    0.000ns
  Clock Net Delay (Destination): 1.189ns (routing 0.655ns, distribution 0.534ns)

    Location             Delay type                Incr(ns)  Path(ns)    Netlist Resource(s)
  -------------------------------------------------------------------    -------------------
    CONFIG_SITE_X0Y0     BSCANE2                      0.000     0.000 f  u_bscan/INTERNAL_TCK
    CONFIG_SITE_X0Y0     BSCANE2 (Prop_BSCAN1_CONFIG_SITE_INTERNAL_TCK_SHIFT)
                                                      0.465     0.465 r  u_bscan/SHIFT
                         net (fo=3, routed)           0.333     0.798    u_soc/u_dbg/bs_shift
    SLICE_X99Y214        LUT5 (Prop_H5LUT_SLICEL_I0_O)
                                                      0.020     0.818 r  u_soc/u_dbg/req_toggle_i_1/O
                         net (fo=1, routed)           0.006     0.824    u_soc/u_dbg/req_toggle_i_1_n_0
    SLICE_X99Y214        FDCE                                         r  u_soc/u_dbg/req_toggle_reg/D
  -------------------------------------------------------------------    -------------------

                         (clock jtag_tck rise edge)
                                                      0.000     0.000 r  
    CONFIG_SITE_X0Y0     BSCANE2                      0.000     0.000 r  u_bscan/TCK
                         net (fo=1, routed)           1.281     1.281    bs_tck
    BUFGCE_X1Y115        BUFGCE (Prop_BUFCE_BUFGCE_I_O)
                                                      0.019     1.300 r  u_tck_bufg/O
    X3Y3 (CLOCK_ROOT)    net (fo=118, routed)         1.189     2.489    u_soc/u_dbg/bs_tck_buf
    SLICE_X99Y214        FDCE                                         r  u_soc/u_dbg/req_toggle_reg/C

Slack:                    inf
  Source:                 u_bscan/INTERNAL_TDI
                            (internal pin)
  Destination:            u_soc/u_dbg/dr_reg[65]/D
                            (rising edge-triggered cell FDCE clocked by jtag_tck  {rise@0.000ns fall@16.667ns period=33.333ns})
  Path Group:             (none)
  Path Type:              Hold (Min at Fast Process Corner)
  Data Path Delay:        0.850ns  (logic 0.485ns (57.059%)  route 0.365ns (42.941%))
  Logic Levels:           2  (BSCANE2=1 LUT2=1)
  Clock Uncertainty:      0.025ns  ((TSJ^2 + TIJ^2)^1/2 + DJ) / 2 + PE
    Total System Jitter     (TSJ):    0.050ns
    Total Input Jitter      (TIJ):    0.000ns
    Discrete Jitter          (DJ):    0.000ns
    Phase Error              (PE):    0.000ns
  Clock Net Delay (Destination): 1.182ns (routing 0.655ns, distribution 0.527ns)

    Location             Delay type                Incr(ns)  Path(ns)    Netlist Resource(s)
  -------------------------------------------------------------------    -------------------
    CONFIG_SITE_X0Y0     BSCANE2                      0.000     0.000 r  u_bscan/INTERNAL_TDI
    CONFIG_SITE_X0Y0     BSCANE2 (Prop_BSCAN1_CONFIG_SITE_INTERNAL_TDI_TDI)
                                                      0.465     0.465 r  u_bscan/TDI
                         net (fo=1, routed)           0.358     0.823    u_soc/u_dbg/bs_tdi
    SLICE_X98Y214        LUT2 (Prop_A5LUT_SLICEL_I0_O)
                                                      0.020     0.843 r  u_soc/u_dbg/dr[65]_i_2/O
                         net (fo=1, routed)           0.007     0.850    u_soc/u_dbg/dr[65]_i_2_n_0
    SLICE_X98Y214        FDCE                                         r  u_soc/u_dbg/dr_reg[65]/D
  -------------------------------------------------------------------    -------------------

                         (clock jtag_tck rise edge)
                                                      0.000     0.000 r  
    CONFIG_SITE_X0Y0     BSCANE2                      0.000     0.000 r  u_bscan/TCK
                         net (fo=1, routed)           1.281     1.281    bs_tck
    BUFGCE_X1Y115        BUFGCE (Prop_BUFCE_BUFGCE_I_O)
                                                      0.019     1.300 r  u_tck_bufg/O
    X3Y3 (CLOCK_ROOT)    net (fo=118, routed)         1.182     2.482    u_soc/u_dbg/bs_tck_buf
    SLICE_X98Y214        FDCE                                         r  u_soc/u_dbg/dr_reg[65]/C

Slack:                    inf
  Source:                 u_bscan/INTERNAL_TCK
                            (falling edge-triggered cell BSCANE2)
  Destination:            u_soc/u_dbg/dr_reg[0]/CE
                            (rising edge-triggered cell FDCE clocked by jtag_tck  {rise@0.000ns fall@16.667ns period=33.333ns})
  Path Group:             (none)
  Path Type:              Hold (Min at Fast Process Corner)
  Data Path Delay:        0.878ns  (logic 0.487ns (55.497%)  route 0.391ns (44.503%))
  Logic Levels:           2  (BSCANE2=1 LUT3=1)
  Clock Uncertainty:      0.025ns  ((TSJ^2 + TIJ^2)^1/2 + DJ) / 2 + PE
    Total System Jitter     (TSJ):    0.050ns
    Total Input Jitter      (TIJ):    0.000ns
    Discrete Jitter          (DJ):    0.000ns
    Phase Error              (PE):    0.000ns
  Clock Net Delay (Destination): 1.185ns (routing 0.655ns, distribution 0.530ns)

    Location             Delay type                Incr(ns)  Path(ns)    Netlist Resource(s)
  -------------------------------------------------------------------    -------------------
    CONFIG_SITE_X0Y0     BSCANE2                      0.000     0.000 f  u_bscan/INTERNAL_TCK
    CONFIG_SITE_X0Y0     BSCANE2 (Prop_BSCAN1_CONFIG_SITE_INTERNAL_TCK_SHIFT)
                                                      0.465     0.465 r  u_bscan/SHIFT
                         net (fo=3, routed)           0.333     0.798    u_soc/u_dbg/bs_shift
    SLICE_X99Y214        LUT3 (Prop_G6LUT_SLICEL_I1_O)
                                                      0.022     0.820 r  u_soc/u_dbg/dr[65]_i_1/O
                         net (fo=66, routed)          0.058     0.878    u_soc/u_dbg/dr[65]_i_1_n_0
    SLICE_X99Y214        FDCE                                         r  u_soc/u_dbg/dr_reg[0]/CE
  -------------------------------------------------------------------    -------------------

                         (clock jtag_tck rise edge)
                                                      0.000     0.000 r  
    CONFIG_SITE_X0Y0     BSCANE2                      0.000     0.000 r  u_bscan/TCK
                         net (fo=1, routed)           1.281     1.281    bs_tck
    BUFGCE_X1Y115        BUFGCE (Prop_BUFCE_BUFGCE_I_O)
                                                      0.019     1.300 r  u_tck_bufg/O
    X3Y3 (CLOCK_ROOT)    net (fo=118, routed)         1.185     2.485    u_soc/u_dbg/bs_tck_buf
    SLICE_X99Y214        FDCE                                         r  u_soc/u_dbg/dr_reg[0]/C

Slack:                    inf
  Source:                 u_bscan/INTERNAL_TCK
                            (falling edge-triggered cell BSCANE2)
  Destination:            u_soc/u_dbg/dr_reg[10]/CE
                            (rising edge-triggered cell FDCE clocked by jtag_tck  {rise@0.000ns fall@16.667ns period=33.333ns})
  Path Group:             (none)
  Path Type:              Hold (Min at Fast Process Corner)
  Data Path Delay:        0.935ns  (logic 0.487ns (52.065%)  route 0.448ns (47.935%))
  Logic Levels:           2  (BSCANE2=1 LUT3=1)
  Clock Uncertainty:      0.025ns  ((TSJ^2 + TIJ^2)^1/2 + DJ) / 2 + PE
    Total System Jitter     (TSJ):    0.050ns
    Total Input Jitter      (TIJ):    0.000ns
    Discrete Jitter          (DJ):    0.000ns
    Phase Error              (PE):    0.000ns
  Clock Net Delay (Destination): 1.184ns (routing 0.655ns, distribution 0.529ns)

    Location             Delay type                Incr(ns)  Path(ns)    Netlist Resource(s)
  -------------------------------------------------------------------    -------------------
    CONFIG_SITE_X0Y0     BSCANE2                      0.000     0.000 f  u_bscan/INTERNAL_TCK
    CONFIG_SITE_X0Y0     BSCANE2 (Prop_BSCAN1_CONFIG_SITE_INTERNAL_TCK_SHIFT)
                                                      0.465     0.465 r  u_bscan/SHIFT
                         net (fo=3, routed)           0.333     0.798    u_soc/u_dbg/bs_shift
    SLICE_X99Y214        LUT3 (Prop_G6LUT_SLICEL_I1_O)
                                                      0.022     0.820 r  u_soc/u_dbg/dr[65]_i_1/O
                         net (fo=66, routed)          0.116     0.935    u_soc/u_dbg/dr[65]_i_1_n_0
    SLICE_X99Y217        FDCE                                         r  u_soc/u_dbg/dr_reg[10]/CE
  -------------------------------------------------------------------    -------------------

                         (clock jtag_tck rise edge)
                                                      0.000     0.000 r  
    CONFIG_SITE_X0Y0     BSCANE2                      0.000     0.000 r  u_bscan/TCK
                         net (fo=1, routed)           1.281     1.281    bs_tck
    BUFGCE_X1Y115        BUFGCE (Prop_BUFCE_BUFGCE_I_O)
                                                      0.019     1.300 r  u_tck_bufg/O
    X3Y3 (CLOCK_ROOT)    net (fo=118, routed)         1.184     2.484    u_soc/u_dbg/bs_tck_buf
    SLICE_X99Y217        FDCE                                         r  u_soc/u_dbg/dr_reg[10]/C

Slack:                    inf
  Source:                 u_bscan/INTERNAL_TCK
                            (falling edge-triggered cell BSCANE2)
  Destination:            u_soc/u_dbg/dr_reg[11]/CE
                            (rising edge-triggered cell FDCE clocked by jtag_tck  {rise@0.000ns fall@16.667ns period=33.333ns})
  Path Group:             (none)
  Path Type:              Hold (Min at Fast Process Corner)
  Data Path Delay:        0.935ns  (logic 0.487ns (52.065%)  route 0.448ns (47.935%))
  Logic Levels:           2  (BSCANE2=1 LUT3=1)
  Clock Uncertainty:      0.025ns  ((TSJ^2 + TIJ^2)^1/2 + DJ) / 2 + PE
    Total System Jitter     (TSJ):    0.050ns
    Total Input Jitter      (TIJ):    0.000ns
    Discrete Jitter          (DJ):    0.000ns
    Phase Error              (PE):    0.000ns
  Clock Net Delay (Destination): 1.184ns (routing 0.655ns, distribution 0.529ns)

    Location             Delay type                Incr(ns)  Path(ns)    Netlist Resource(s)
  -------------------------------------------------------------------    -------------------
    CONFIG_SITE_X0Y0     BSCANE2                      0.000     0.000 f  u_bscan/INTERNAL_TCK
    CONFIG_SITE_X0Y0     BSCANE2 (Prop_BSCAN1_CONFIG_SITE_INTERNAL_TCK_SHIFT)
                                                      0.465     0.465 r  u_bscan/SHIFT
                         net (fo=3, routed)           0.333     0.798    u_soc/u_dbg/bs_shift
    SLICE_X99Y214        LUT3 (Prop_G6LUT_SLICEL_I1_O)
                                                      0.022     0.820 r  u_soc/u_dbg/dr[65]_i_1/O
                         net (fo=66, routed)          0.116     0.935    u_soc/u_dbg/dr[65]_i_1_n_0
    SLICE_X99Y217        FDCE                                         r  u_soc/u_dbg/dr_reg[11]/CE
  -------------------------------------------------------------------    -------------------

                         (clock jtag_tck rise edge)
                                                      0.000     0.000 r  
    CONFIG_SITE_X0Y0     BSCANE2                      0.000     0.000 r  u_bscan/TCK
                         net (fo=1, routed)           1.281     1.281    bs_tck
    BUFGCE_X1Y115        BUFGCE (Prop_BUFCE_BUFGCE_I_O)
                                                      0.019     1.300 r  u_tck_bufg/O
    X3Y3 (CLOCK_ROOT)    net (fo=118, routed)         1.184     2.484    u_soc/u_dbg/bs_tck_buf
    SLICE_X99Y217        FDCE                                         r  u_soc/u_dbg/dr_reg[11]/C

Slack:                    inf
  Source:                 u_bscan/INTERNAL_TCK
                            (falling edge-triggered cell BSCANE2)
  Destination:            u_soc/u_dbg/dr_reg[12]/CE
                            (rising edge-triggered cell FDCE clocked by jtag_tck  {rise@0.000ns fall@16.667ns period=33.333ns})
  Path Group:             (none)
  Path Type:              Hold (Min at Fast Process Corner)
  Data Path Delay:        0.935ns  (logic 0.487ns (52.065%)  route 0.448ns (47.935%))
  Logic Levels:           2  (BSCANE2=1 LUT3=1)
  Clock Uncertainty:      0.025ns  ((TSJ^2 + TIJ^2)^1/2 + DJ) / 2 + PE
    Total System Jitter     (TSJ):    0.050ns
    Total Input Jitter      (TIJ):    0.000ns
    Discrete Jitter          (DJ):    0.000ns
    Phase Error              (PE):    0.000ns
  Clock Net Delay (Destination): 1.184ns (routing 0.655ns, distribution 0.529ns)

    Location             Delay type                Incr(ns)  Path(ns)    Netlist Resource(s)
  -------------------------------------------------------------------    -------------------
    CONFIG_SITE_X0Y0     BSCANE2                      0.000     0.000 f  u_bscan/INTERNAL_TCK
    CONFIG_SITE_X0Y0     BSCANE2 (Prop_BSCAN1_CONFIG_SITE_INTERNAL_TCK_SHIFT)
                                                      0.465     0.465 r  u_bscan/SHIFT
                         net (fo=3, routed)           0.333     0.798    u_soc/u_dbg/bs_shift
    SLICE_X99Y214        LUT3 (Prop_G6LUT_SLICEL_I1_O)
                                                      0.022     0.820 r  u_soc/u_dbg/dr[65]_i_1/O
                         net (fo=66, routed)          0.116     0.935    u_soc/u_dbg/dr[65]_i_1_n_0
    SLICE_X99Y217        FDCE                                         r  u_soc/u_dbg/dr_reg[12]/CE
  -------------------------------------------------------------------    -------------------

                         (clock jtag_tck rise edge)
                                                      0.000     0.000 r  
    CONFIG_SITE_X0Y0     BSCANE2                      0.000     0.000 r  u_bscan/TCK
                         net (fo=1, routed)           1.281     1.281    bs_tck
    BUFGCE_X1Y115        BUFGCE (Prop_BUFCE_BUFGCE_I_O)
                                                      0.019     1.300 r  u_tck_bufg/O
    X3Y3 (CLOCK_ROOT)    net (fo=118, routed)         1.184     2.484    u_soc/u_dbg/bs_tck_buf
    SLICE_X99Y217        FDCE                                         r  u_soc/u_dbg/dr_reg[12]/C

Slack:                    inf
  Source:                 u_bscan/INTERNAL_TCK
                            (falling edge-triggered cell BSCANE2)
  Destination:            u_soc/u_dbg/dr_reg[13]/CE
                            (rising edge-triggered cell FDCE clocked by jtag_tck  {rise@0.000ns fall@16.667ns period=33.333ns})
  Path Group:             (none)
  Path Type:              Hold (Min at Fast Process Corner)
  Data Path Delay:        0.935ns  (logic 0.487ns (52.065%)  route 0.448ns (47.935%))
  Logic Levels:           2  (BSCANE2=1 LUT3=1)
  Clock Uncertainty:      0.025ns  ((TSJ^2 + TIJ^2)^1/2 + DJ) / 2 + PE
    Total System Jitter     (TSJ):    0.050ns
    Total Input Jitter      (TIJ):    0.000ns
    Discrete Jitter          (DJ):    0.000ns
    Phase Error              (PE):    0.000ns
  Clock Net Delay (Destination): 1.184ns (routing 0.655ns, distribution 0.529ns)

    Location             Delay type                Incr(ns)  Path(ns)    Netlist Resource(s)
  -------------------------------------------------------------------    -------------------
    CONFIG_SITE_X0Y0     BSCANE2                      0.000     0.000 f  u_bscan/INTERNAL_TCK
    CONFIG_SITE_X0Y0     BSCANE2 (Prop_BSCAN1_CONFIG_SITE_INTERNAL_TCK_SHIFT)
                                                      0.465     0.465 r  u_bscan/SHIFT
                         net (fo=3, routed)           0.333     0.798    u_soc/u_dbg/bs_shift
    SLICE_X99Y214        LUT3 (Prop_G6LUT_SLICEL_I1_O)
                                                      0.022     0.820 r  u_soc/u_dbg/dr[65]_i_1/O
                         net (fo=66, routed)          0.116     0.935    u_soc/u_dbg/dr[65]_i_1_n_0
    SLICE_X99Y217        FDCE                                         r  u_soc/u_dbg/dr_reg[13]/CE
  -------------------------------------------------------------------    -------------------

                         (clock jtag_tck rise edge)
                                                      0.000     0.000 r  
    CONFIG_SITE_X0Y0     BSCANE2                      0.000     0.000 r  u_bscan/TCK
                         net (fo=1, routed)           1.281     1.281    bs_tck
    BUFGCE_X1Y115        BUFGCE (Prop_BUFCE_BUFGCE_I_O)
                                                      0.019     1.300 r  u_tck_bufg/O
    X3Y3 (CLOCK_ROOT)    net (fo=118, routed)         1.184     2.484    u_soc/u_dbg/bs_tck_buf
    SLICE_X99Y217        FDCE                                         r  u_soc/u_dbg/dr_reg[13]/C

Slack:                    inf
  Source:                 u_bscan/INTERNAL_TCK
                            (falling edge-triggered cell BSCANE2)
  Destination:            u_soc/u_dbg/dr_reg[38]/CE
                            (rising edge-triggered cell FDCE clocked by jtag_tck  {rise@0.000ns fall@16.667ns period=33.333ns})
  Path Group:             (none)
  Path Type:              Hold (Min at Fast Process Corner)
  Data Path Delay:        0.935ns  (logic 0.487ns (52.065%)  route 0.448ns (47.935%))
  Logic Levels:           2  (BSCANE2=1 LUT3=1)
  Clock Uncertainty:      0.025ns  ((TSJ^2 + TIJ^2)^1/2 + DJ) / 2 + PE
    Total System Jitter     (TSJ):    0.050ns
    Total Input Jitter      (TIJ):    0.000ns
    Discrete Jitter          (DJ):    0.000ns
    Phase Error              (PE):    0.000ns
  Clock Net Delay (Destination): 1.184ns (routing 0.655ns, distribution 0.529ns)

    Location             Delay type                Incr(ns)  Path(ns)    Netlist Resource(s)
  -------------------------------------------------------------------    -------------------
    CONFIG_SITE_X0Y0     BSCANE2                      0.000     0.000 f  u_bscan/INTERNAL_TCK
    CONFIG_SITE_X0Y0     BSCANE2 (Prop_BSCAN1_CONFIG_SITE_INTERNAL_TCK_SHIFT)
                                                      0.465     0.465 r  u_bscan/SHIFT
                         net (fo=3, routed)           0.333     0.798    u_soc/u_dbg/bs_shift
    SLICE_X99Y214        LUT3 (Prop_G6LUT_SLICEL_I1_O)
                                                      0.022     0.820 r  u_soc/u_dbg/dr[65]_i_1/O
                         net (fo=66, routed)          0.116     0.935    u_soc/u_dbg/dr[65]_i_1_n_0
    SLICE_X99Y217        FDCE                                         r  u_soc/u_dbg/dr_reg[38]/CE
  -------------------------------------------------------------------    -------------------

                         (clock jtag_tck rise edge)
                                                      0.000     0.000 r  
    CONFIG_SITE_X0Y0     BSCANE2                      0.000     0.000 r  u_bscan/TCK
                         net (fo=1, routed)           1.281     1.281    bs_tck
    BUFGCE_X1Y115        BUFGCE (Prop_BUFCE_BUFGCE_I_O)
                                                      0.019     1.300 r  u_tck_bufg/O
    X3Y3 (CLOCK_ROOT)    net (fo=118, routed)         1.184     2.484    u_soc/u_dbg/bs_tck_buf
    SLICE_X99Y217        FDCE                                         r  u_soc/u_dbg/dr_reg[38]/C

Slack:                    inf
  Source:                 u_bscan/INTERNAL_TCK
                            (falling edge-triggered cell BSCANE2)
  Destination:            u_soc/u_dbg/dr_reg[39]/CE
                            (rising edge-triggered cell FDCE clocked by jtag_tck  {rise@0.000ns fall@16.667ns period=33.333ns})
  Path Group:             (none)
  Path Type:              Hold (Min at Fast Process Corner)
  Data Path Delay:        0.935ns  (logic 0.487ns (52.065%)  route 0.448ns (47.935%))
  Logic Levels:           2  (BSCANE2=1 LUT3=1)
  Clock Uncertainty:      0.025ns  ((TSJ^2 + TIJ^2)^1/2 + DJ) / 2 + PE
    Total System Jitter     (TSJ):    0.050ns
    Total Input Jitter      (TIJ):    0.000ns
    Discrete Jitter          (DJ):    0.000ns
    Phase Error              (PE):    0.000ns
  Clock Net Delay (Destination): 1.184ns (routing 0.655ns, distribution 0.529ns)

    Location             Delay type                Incr(ns)  Path(ns)    Netlist Resource(s)
  -------------------------------------------------------------------    -------------------
    CONFIG_SITE_X0Y0     BSCANE2                      0.000     0.000 f  u_bscan/INTERNAL_TCK
    CONFIG_SITE_X0Y0     BSCANE2 (Prop_BSCAN1_CONFIG_SITE_INTERNAL_TCK_SHIFT)
                                                      0.465     0.465 r  u_bscan/SHIFT
                         net (fo=3, routed)           0.333     0.798    u_soc/u_dbg/bs_shift
    SLICE_X99Y214        LUT3 (Prop_G6LUT_SLICEL_I1_O)
                                                      0.022     0.820 r  u_soc/u_dbg/dr[65]_i_1/O
                         net (fo=66, routed)          0.116     0.935    u_soc/u_dbg/dr[65]_i_1_n_0
    SLICE_X99Y217        FDCE                                         r  u_soc/u_dbg/dr_reg[39]/CE
  -------------------------------------------------------------------    -------------------

                         (clock jtag_tck rise edge)
                                                      0.000     0.000 r  
    CONFIG_SITE_X0Y0     BSCANE2                      0.000     0.000 r  u_bscan/TCK
                         net (fo=1, routed)           1.281     1.281    bs_tck
    BUFGCE_X1Y115        BUFGCE (Prop_BUFCE_BUFGCE_I_O)
                                                      0.019     1.300 r  u_tck_bufg/O
    X3Y3 (CLOCK_ROOT)    net (fo=118, routed)         1.184     2.484    u_soc/u_dbg/bs_tck_buf
    SLICE_X99Y217        FDCE                                         r  u_soc/u_dbg/dr_reg[39]/C

Slack:                    inf
  Source:                 u_bscan/INTERNAL_TCK
                            (falling edge-triggered cell BSCANE2)
  Destination:            u_soc/u_dbg/dr_reg[40]/CE
                            (rising edge-triggered cell FDCE clocked by jtag_tck  {rise@0.000ns fall@16.667ns period=33.333ns})
  Path Group:             (none)
  Path Type:              Hold (Min at Fast Process Corner)
  Data Path Delay:        0.935ns  (logic 0.487ns (52.065%)  route 0.448ns (47.935%))
  Logic Levels:           2  (BSCANE2=1 LUT3=1)
  Clock Uncertainty:      0.025ns  ((TSJ^2 + TIJ^2)^1/2 + DJ) / 2 + PE
    Total System Jitter     (TSJ):    0.050ns
    Total Input Jitter      (TIJ):    0.000ns
    Discrete Jitter          (DJ):    0.000ns
    Phase Error              (PE):    0.000ns
  Clock Net Delay (Destination): 1.184ns (routing 0.655ns, distribution 0.529ns)

    Location             Delay type                Incr(ns)  Path(ns)    Netlist Resource(s)
  -------------------------------------------------------------------    -------------------
    CONFIG_SITE_X0Y0     BSCANE2                      0.000     0.000 f  u_bscan/INTERNAL_TCK
    CONFIG_SITE_X0Y0     BSCANE2 (Prop_BSCAN1_CONFIG_SITE_INTERNAL_TCK_SHIFT)
                                                      0.465     0.465 r  u_bscan/SHIFT
                         net (fo=3, routed)           0.333     0.798    u_soc/u_dbg/bs_shift
    SLICE_X99Y214        LUT3 (Prop_G6LUT_SLICEL_I1_O)
                                                      0.022     0.820 r  u_soc/u_dbg/dr[65]_i_1/O
                         net (fo=66, routed)          0.116     0.935    u_soc/u_dbg/dr[65]_i_1_n_0
    SLICE_X99Y217        FDCE                                         r  u_soc/u_dbg/dr_reg[40]/CE
  -------------------------------------------------------------------    -------------------

                         (clock jtag_tck rise edge)
                                                      0.000     0.000 r  
    CONFIG_SITE_X0Y0     BSCANE2                      0.000     0.000 r  u_bscan/TCK
                         net (fo=1, routed)           1.281     1.281    bs_tck
    BUFGCE_X1Y115        BUFGCE (Prop_BUFCE_BUFGCE_I_O)
                                                      0.019     1.300 r  u_tck_bufg/O
    X3Y3 (CLOCK_ROOT)    net (fo=118, routed)         1.184     2.484    u_soc/u_dbg/bs_tck_buf
    SLICE_X99Y217        FDCE                                         r  u_soc/u_dbg/dr_reg[40]/C





